Copyright 1986-2022 Xilinx, Inc. All Rights Reserved. Copyright 2022-2023 Advanced Micro Devices, Inc. All Rights Reserved.
------------------------------------------------------------------------------------------------------------------------------------------------------------------------------------------------------------------------------------------------
| Tool Version : Vivado v.2023.1 (win64) Build 3865809 Sun May  7 15:05:29 MDT 2023
| Date         : Fri Dec 27 19:32:00 2024
| Host         : DESKTOP-4MKFJFT running 64-bit major release  (build 9200)
| Command      : report_timing_summary -max_paths 10 -report_unconstrained -file board_chronometer_timing_summary_routed.rpt -pb board_chronometer_timing_summary_routed.pb -rpx board_chronometer_timing_summary_routed.rpx -warn_on_violation
| Design       : board_chronometer
| Device       : 7a100t-csg324
| Speed File   : -1  PRODUCTION 1.23 2018-06-13
| Design State : Routed
------------------------------------------------------------------------------------------------------------------------------------------------------------------------------------------------------------------------------------------------

Timing Summary Report

------------------------------------------------------------------------------------------------
| Timer Settings
| --------------
------------------------------------------------------------------------------------------------

  Enable Multi Corner Analysis               :  Yes
  Enable Pessimism Removal                   :  Yes
  Pessimism Removal Resolution               :  Nearest Common Node
  Enable Input Delay Default Clock           :  No
  Enable Preset / Clear Arcs                 :  No
  Disable Flight Delays                      :  No
  Ignore I/O Paths                           :  No
  Timing Early Launch at Borrowing Latches   :  No
  Borrow Time for Max Delay Exceptions       :  Yes
  Merge Timing Exceptions                    :  Yes

  Corner  Analyze    Analyze    
  Name    Max Paths  Min Paths  
  ------  ---------  ---------  
  Slow    Yes        Yes        
  Fast    Yes        Yes        


------------------------------------------------------------------------------------------------
| Report Methodology
| ------------------
------------------------------------------------------------------------------------------------

Rule       Severity          Description                    Violations  
---------  ----------------  -----------------------------  ----------  
TIMING-17  Critical Warning  Non-clocked sequential cell    17          
TIMING-18  Warning           Missing input or output delay  27          

Note: This report is based on the most recent report_methodology run and may not be up-to-date. Run report_methodology on the current design for the latest report.



check_timing report

Table of Contents
-----------------
1. checking no_clock (17)
2. checking constant_clock (0)
3. checking pulse_width_clock (0)
4. checking unconstrained_internal_endpoints (34)
5. checking no_input_delay (11)
6. checking no_output_delay (16)
7. checking multiple_clock (0)
8. checking generated_clocks (0)
9. checking loops (0)
10. checking partial_input_delay (0)
11. checking partial_output_delay (0)
12. checking latch_loops (0)

1. checking no_clock (17)
-------------------------
 There are 17 register/latch pins with no clock driven by root clock pin: chrono/tmp_base/clk_out_temp_reg/Q (HIGH)


2. checking constant_clock (0)
------------------------------
 There are 0 register/latch pins with constant_clock.


3. checking pulse_width_clock (0)
---------------------------------
 There are 0 register/latch pins which need pulse_width check


4. checking unconstrained_internal_endpoints (34)
-------------------------------------------------
 There are 34 pins that are not constrained for maximum delay. (HIGH)

 There are 0 pins that are not constrained for maximum delay due to constant clock.


5. checking no_input_delay (11)
-------------------------------
 There are 11 input ports with no input delay specified. (HIGH)

 There are 0 input ports with no input delay but user has a false path constraint.


6. checking no_output_delay (16)
--------------------------------
 There are 16 ports with no output delay specified. (HIGH)

 There are 0 ports with no output delay but user has a false path constraint

 There are 0 ports with no output delay but with a timing clock defined on it or propagating through it


7. checking multiple_clock (0)
------------------------------
 There are 0 register/latch pins with multiple clocks.


8. checking generated_clocks (0)
--------------------------------
 There are 0 generated clocks that are not connected to a clock source.


9. checking loops (0)
---------------------
 There are 0 combinational loops in the design.


10. checking partial_input_delay (0)
------------------------------------
 There are 0 input ports with partial input delay specified.


11. checking partial_output_delay (0)
-------------------------------------
 There are 0 ports with partial output delay specified.


12. checking latch_loops (0)
----------------------------
 There are 0 combinational latch loops in the design through latch input



------------------------------------------------------------------------------------------------
| Design Timing Summary
| ---------------------
------------------------------------------------------------------------------------------------

    WNS(ns)      TNS(ns)  TNS Failing Endpoints  TNS Total Endpoints      WHS(ns)      THS(ns)  THS Failing Endpoints  THS Total Endpoints     WPWS(ns)     TPWS(ns)  TPWS Failing Endpoints  TPWS Total Endpoints  
    -------      -------  ---------------------  -------------------      -------      -------  ---------------------  -------------------     --------     --------  ----------------------  --------------------  
      5.340        0.000                      0                  214        0.069        0.000                      0                  214        4.500        0.000                       0                   123  


All user specified timing constraints are met.


------------------------------------------------------------------------------------------------
| Clock Summary
| -------------
------------------------------------------------------------------------------------------------

Clock        Waveform(ns)       Period(ns)      Frequency(MHz)
-----        ------------       ----------      --------------
sys_clk_pin  {0.000 5.000}      10.000          100.000         


------------------------------------------------------------------------------------------------
| Intra Clock Table
| -----------------
------------------------------------------------------------------------------------------------

Clock             WNS(ns)      TNS(ns)  TNS Failing Endpoints  TNS Total Endpoints      WHS(ns)      THS(ns)  THS Failing Endpoints  THS Total Endpoints     WPWS(ns)     TPWS(ns)  TPWS Failing Endpoints  TPWS Total Endpoints  
-----             -------      -------  ---------------------  -------------------      -------      -------  ---------------------  -------------------     --------     --------  ----------------------  --------------------  
sys_clk_pin         5.340        0.000                      0                  186        0.069        0.000                      0                  186        4.500        0.000                       0                   123  


------------------------------------------------------------------------------------------------
| Inter Clock Table
| -----------------
------------------------------------------------------------------------------------------------

From Clock    To Clock          WNS(ns)      TNS(ns)  TNS Failing Endpoints  TNS Total Endpoints      WHS(ns)      THS(ns)  THS Failing Endpoints  THS Total Endpoints  
----------    --------          -------      -------  ---------------------  -------------------      -------      -------  ---------------------  -------------------  


------------------------------------------------------------------------------------------------
| Other Path Groups Table
| -----------------------
------------------------------------------------------------------------------------------------

Path Group         From Clock         To Clock               WNS(ns)      TNS(ns)  TNS Failing Endpoints  TNS Total Endpoints      WHS(ns)      THS(ns)  THS Failing Endpoints  THS Total Endpoints  
----------         ----------         --------               -------      -------  ---------------------  -------------------      -------      -------  ---------------------  -------------------  
**async_default**  sys_clk_pin        sys_clk_pin              7.692        0.000                      0                   28        0.470        0.000                      0                   28  


------------------------------------------------------------------------------------------------
| User Ignored Path Table
| -----------------------
------------------------------------------------------------------------------------------------

Path Group    From Clock    To Clock    
----------    ----------    --------    


------------------------------------------------------------------------------------------------
| Unconstrained Path Table
| ------------------------
------------------------------------------------------------------------------------------------

Path Group    From Clock    To Clock    
----------    ----------    --------    
(none)                                    
(none)        sys_clk_pin                 
(none)                      sys_clk_pin   


------------------------------------------------------------------------------------------------
| Timing Details
| --------------
------------------------------------------------------------------------------------------------


---------------------------------------------------------------------------------------------------
From Clock:  sys_clk_pin
  To Clock:  sys_clk_pin

Setup :            0  Failing Endpoints,  Worst Slack        5.340ns,  Total Violation        0.000ns
Hold  :            0  Failing Endpoints,  Worst Slack        0.069ns,  Total Violation        0.000ns
PW    :            0  Failing Endpoints,  Worst Slack        4.500ns,  Total Violation        0.000ns
---------------------------------------------------------------------------------------------------


Max Delay Paths
--------------------------------------------------------------------------------------
Slack (MET) :             5.340ns  (required time - arrival time)
  Source:                 bd_rst/deb.count_reg[28]/C
                            (rising edge-triggered cell FDRE clocked by sys_clk_pin  {rise@0.000ns fall@5.000ns period=10.000ns})
  Destination:            bd_rst/deb.count_reg[1]/R
                            (rising edge-triggered cell FDRE clocked by sys_clk_pin  {rise@0.000ns fall@5.000ns period=10.000ns})
  Path Group:             sys_clk_pin
  Path Type:              Setup (Max at Slow Process Corner)
  Requirement:            10.000ns  (sys_clk_pin rise@10.000ns - sys_clk_pin rise@0.000ns)
  Data Path Delay:        4.169ns  (logic 0.952ns (22.835%)  route 3.217ns (77.165%))
  Logic Levels:           4  (LUT2=1 LUT4=2 LUT5=1)
  Clock Path Skew:        -0.027ns (DCD - SCD + CPR)
    Destination Clock Delay (DCD):    5.024ns = ( 15.024 - 10.000 ) 
    Source Clock Delay      (SCD):    5.327ns
    Clock Pessimism Removal (CPR):    0.276ns
  Clock Uncertainty:      0.035ns  ((TSJ^2 + TIJ^2)^1/2 + DJ) / 2 + PE
    Total System Jitter     (TSJ):    0.071ns
    Total Input Jitter      (TIJ):    0.000ns
    Discrete Jitter          (DJ):    0.000ns
    Phase Error              (PE):    0.000ns

    Location             Delay type                Incr(ns)  Path(ns)    Netlist Resource(s)
  -------------------------------------------------------------------    -------------------
                         (clock sys_clk_pin rise edge)
                                                      0.000     0.000 r  
    E3                                                0.000     0.000 r  clk (IN)
                         net (fo=0)                   0.000     0.000    clk
    E3                   IBUF (Prop_ibuf_I_O)         1.482     1.482 r  clk_IBUF_inst/O
                         net (fo=1, routed)           2.025     3.506    clk_IBUF
    BUFGCTRL_X0Y16       BUFG (Prop_bufg_I_O)         0.096     3.602 r  clk_IBUF_BUFG_inst/O
                         net (fo=122, routed)         1.724     5.327    bd_rst/clk_IBUF_BUFG
    SLICE_X5Y95          FDRE                                         r  bd_rst/deb.count_reg[28]/C
  -------------------------------------------------------------------    -------------------
    SLICE_X5Y95          FDRE (Prop_fdre_C_Q)         0.456     5.783 f  bd_rst/deb.count_reg[28]/Q
                         net (fo=2, routed)           0.828     6.610    bd_rst/deb.count_reg_n_0_[28]
    SLICE_X4Y96          LUT4 (Prop_lut4_I1_O)        0.124     6.734 f  bd_rst/FSM_sequential_BTN_state[1]_i_9/O
                         net (fo=1, routed)           0.303     7.037    bd_rst/FSM_sequential_BTN_state[1]_i_9_n_0
    SLICE_X4Y95          LUT5 (Prop_lut5_I4_O)        0.124     7.161 f  bd_rst/FSM_sequential_BTN_state[1]_i_5/O
                         net (fo=1, routed)           0.729     7.890    bd_rst/FSM_sequential_BTN_state[1]_i_5_n_0
    SLICE_X4Y92          LUT4 (Prop_lut4_I2_O)        0.124     8.014 f  bd_rst/FSM_sequential_BTN_state[1]_i_2/O
                         net (fo=4, routed)           0.680     8.695    bd_rst/FSM_sequential_BTN_state[1]_i_2_n_0
    SLICE_X4Y92          LUT2 (Prop_lut2_I1_O)        0.124     8.819 r  bd_rst/deb.count[31]_i_1/O
                         net (fo=31, routed)          0.677     9.496    bd_rst/deb.count[31]_i_1_n_0
    SLICE_X5Y89          FDRE                                         r  bd_rst/deb.count_reg[1]/R
  -------------------------------------------------------------------    -------------------

                         (clock sys_clk_pin rise edge)
                                                     10.000    10.000 r  
    E3                                                0.000    10.000 r  clk (IN)
                         net (fo=0)                   0.000    10.000    clk
    E3                   IBUF (Prop_ibuf_I_O)         1.411    11.411 r  clk_IBUF_inst/O
                         net (fo=1, routed)           1.920    13.331    clk_IBUF
    BUFGCTRL_X0Y16       BUFG (Prop_bufg_I_O)         0.091    13.422 r  clk_IBUF_BUFG_inst/O
                         net (fo=122, routed)         1.601    15.024    bd_rst/clk_IBUF_BUFG
    SLICE_X5Y89          FDRE                                         r  bd_rst/deb.count_reg[1]/C
                         clock pessimism              0.276    15.300    
                         clock uncertainty           -0.035    15.264    
    SLICE_X5Y89          FDRE (Setup_fdre_C_R)       -0.429    14.835    bd_rst/deb.count_reg[1]
  -------------------------------------------------------------------
                         required time                         14.835    
                         arrival time                          -9.496    
  -------------------------------------------------------------------
                         slack                                  5.340    

Slack (MET) :             5.340ns  (required time - arrival time)
  Source:                 bd_rst/deb.count_reg[28]/C
                            (rising edge-triggered cell FDRE clocked by sys_clk_pin  {rise@0.000ns fall@5.000ns period=10.000ns})
  Destination:            bd_rst/deb.count_reg[2]/R
                            (rising edge-triggered cell FDRE clocked by sys_clk_pin  {rise@0.000ns fall@5.000ns period=10.000ns})
  Path Group:             sys_clk_pin
  Path Type:              Setup (Max at Slow Process Corner)
  Requirement:            10.000ns  (sys_clk_pin rise@10.000ns - sys_clk_pin rise@0.000ns)
  Data Path Delay:        4.169ns  (logic 0.952ns (22.835%)  route 3.217ns (77.165%))
  Logic Levels:           4  (LUT2=1 LUT4=2 LUT5=1)
  Clock Path Skew:        -0.027ns (DCD - SCD + CPR)
    Destination Clock Delay (DCD):    5.024ns = ( 15.024 - 10.000 ) 
    Source Clock Delay      (SCD):    5.327ns
    Clock Pessimism Removal (CPR):    0.276ns
  Clock Uncertainty:      0.035ns  ((TSJ^2 + TIJ^2)^1/2 + DJ) / 2 + PE
    Total System Jitter     (TSJ):    0.071ns
    Total Input Jitter      (TIJ):    0.000ns
    Discrete Jitter          (DJ):    0.000ns
    Phase Error              (PE):    0.000ns

    Location             Delay type                Incr(ns)  Path(ns)    Netlist Resource(s)
  -------------------------------------------------------------------    -------------------
                         (clock sys_clk_pin rise edge)
                                                      0.000     0.000 r  
    E3                                                0.000     0.000 r  clk (IN)
                         net (fo=0)                   0.000     0.000    clk
    E3                   IBUF (Prop_ibuf_I_O)         1.482     1.482 r  clk_IBUF_inst/O
                         net (fo=1, routed)           2.025     3.506    clk_IBUF
    BUFGCTRL_X0Y16       BUFG (Prop_bufg_I_O)         0.096     3.602 r  clk_IBUF_BUFG_inst/O
                         net (fo=122, routed)         1.724     5.327    bd_rst/clk_IBUF_BUFG
    SLICE_X5Y95          FDRE                                         r  bd_rst/deb.count_reg[28]/C
  -------------------------------------------------------------------    -------------------
    SLICE_X5Y95          FDRE (Prop_fdre_C_Q)         0.456     5.783 f  bd_rst/deb.count_reg[28]/Q
                         net (fo=2, routed)           0.828     6.610    bd_rst/deb.count_reg_n_0_[28]
    SLICE_X4Y96          LUT4 (Prop_lut4_I1_O)        0.124     6.734 f  bd_rst/FSM_sequential_BTN_state[1]_i_9/O
                         net (fo=1, routed)           0.303     7.037    bd_rst/FSM_sequential_BTN_state[1]_i_9_n_0
    SLICE_X4Y95          LUT5 (Prop_lut5_I4_O)        0.124     7.161 f  bd_rst/FSM_sequential_BTN_state[1]_i_5/O
                         net (fo=1, routed)           0.729     7.890    bd_rst/FSM_sequential_BTN_state[1]_i_5_n_0
    SLICE_X4Y92          LUT4 (Prop_lut4_I2_O)        0.124     8.014 f  bd_rst/FSM_sequential_BTN_state[1]_i_2/O
                         net (fo=4, routed)           0.680     8.695    bd_rst/FSM_sequential_BTN_state[1]_i_2_n_0
    SLICE_X4Y92          LUT2 (Prop_lut2_I1_O)        0.124     8.819 r  bd_rst/deb.count[31]_i_1/O
                         net (fo=31, routed)          0.677     9.496    bd_rst/deb.count[31]_i_1_n_0
    SLICE_X5Y89          FDRE                                         r  bd_rst/deb.count_reg[2]/R
  -------------------------------------------------------------------    -------------------

                         (clock sys_clk_pin rise edge)
                                                     10.000    10.000 r  
    E3                                                0.000    10.000 r  clk (IN)
                         net (fo=0)                   0.000    10.000    clk
    E3                   IBUF (Prop_ibuf_I_O)         1.411    11.411 r  clk_IBUF_inst/O
                         net (fo=1, routed)           1.920    13.331    clk_IBUF
    BUFGCTRL_X0Y16       BUFG (Prop_bufg_I_O)         0.091    13.422 r  clk_IBUF_BUFG_inst/O
                         net (fo=122, routed)         1.601    15.024    bd_rst/clk_IBUF_BUFG
    SLICE_X5Y89          FDRE                                         r  bd_rst/deb.count_reg[2]/C
                         clock pessimism              0.276    15.300    
                         clock uncertainty           -0.035    15.264    
    SLICE_X5Y89          FDRE (Setup_fdre_C_R)       -0.429    14.835    bd_rst/deb.count_reg[2]
  -------------------------------------------------------------------
                         required time                         14.835    
                         arrival time                          -9.496    
  -------------------------------------------------------------------
                         slack                                  5.340    

Slack (MET) :             5.340ns  (required time - arrival time)
  Source:                 bd_rst/deb.count_reg[28]/C
                            (rising edge-triggered cell FDRE clocked by sys_clk_pin  {rise@0.000ns fall@5.000ns period=10.000ns})
  Destination:            bd_rst/deb.count_reg[3]/R
                            (rising edge-triggered cell FDRE clocked by sys_clk_pin  {rise@0.000ns fall@5.000ns period=10.000ns})
  Path Group:             sys_clk_pin
  Path Type:              Setup (Max at Slow Process Corner)
  Requirement:            10.000ns  (sys_clk_pin rise@10.000ns - sys_clk_pin rise@0.000ns)
  Data Path Delay:        4.169ns  (logic 0.952ns (22.835%)  route 3.217ns (77.165%))
  Logic Levels:           4  (LUT2=1 LUT4=2 LUT5=1)
  Clock Path Skew:        -0.027ns (DCD - SCD + CPR)
    Destination Clock Delay (DCD):    5.024ns = ( 15.024 - 10.000 ) 
    Source Clock Delay      (SCD):    5.327ns
    Clock Pessimism Removal (CPR):    0.276ns
  Clock Uncertainty:      0.035ns  ((TSJ^2 + TIJ^2)^1/2 + DJ) / 2 + PE
    Total System Jitter     (TSJ):    0.071ns
    Total Input Jitter      (TIJ):    0.000ns
    Discrete Jitter          (DJ):    0.000ns
    Phase Error              (PE):    0.000ns

    Location             Delay type                Incr(ns)  Path(ns)    Netlist Resource(s)
  -------------------------------------------------------------------    -------------------
                         (clock sys_clk_pin rise edge)
                                                      0.000     0.000 r  
    E3                                                0.000     0.000 r  clk (IN)
                         net (fo=0)                   0.000     0.000    clk
    E3                   IBUF (Prop_ibuf_I_O)         1.482     1.482 r  clk_IBUF_inst/O
                         net (fo=1, routed)           2.025     3.506    clk_IBUF
    BUFGCTRL_X0Y16       BUFG (Prop_bufg_I_O)         0.096     3.602 r  clk_IBUF_BUFG_inst/O
                         net (fo=122, routed)         1.724     5.327    bd_rst/clk_IBUF_BUFG
    SLICE_X5Y95          FDRE                                         r  bd_rst/deb.count_reg[28]/C
  -------------------------------------------------------------------    -------------------
    SLICE_X5Y95          FDRE (Prop_fdre_C_Q)         0.456     5.783 f  bd_rst/deb.count_reg[28]/Q
                         net (fo=2, routed)           0.828     6.610    bd_rst/deb.count_reg_n_0_[28]
    SLICE_X4Y96          LUT4 (Prop_lut4_I1_O)        0.124     6.734 f  bd_rst/FSM_sequential_BTN_state[1]_i_9/O
                         net (fo=1, routed)           0.303     7.037    bd_rst/FSM_sequential_BTN_state[1]_i_9_n_0
    SLICE_X4Y95          LUT5 (Prop_lut5_I4_O)        0.124     7.161 f  bd_rst/FSM_sequential_BTN_state[1]_i_5/O
                         net (fo=1, routed)           0.729     7.890    bd_rst/FSM_sequential_BTN_state[1]_i_5_n_0
    SLICE_X4Y92          LUT4 (Prop_lut4_I2_O)        0.124     8.014 f  bd_rst/FSM_sequential_BTN_state[1]_i_2/O
                         net (fo=4, routed)           0.680     8.695    bd_rst/FSM_sequential_BTN_state[1]_i_2_n_0
    SLICE_X4Y92          LUT2 (Prop_lut2_I1_O)        0.124     8.819 r  bd_rst/deb.count[31]_i_1/O
                         net (fo=31, routed)          0.677     9.496    bd_rst/deb.count[31]_i_1_n_0
    SLICE_X5Y89          FDRE                                         r  bd_rst/deb.count_reg[3]/R
  -------------------------------------------------------------------    -------------------

                         (clock sys_clk_pin rise edge)
                                                     10.000    10.000 r  
    E3                                                0.000    10.000 r  clk (IN)
                         net (fo=0)                   0.000    10.000    clk
    E3                   IBUF (Prop_ibuf_I_O)         1.411    11.411 r  clk_IBUF_inst/O
                         net (fo=1, routed)           1.920    13.331    clk_IBUF
    BUFGCTRL_X0Y16       BUFG (Prop_bufg_I_O)         0.091    13.422 r  clk_IBUF_BUFG_inst/O
                         net (fo=122, routed)         1.601    15.024    bd_rst/clk_IBUF_BUFG
    SLICE_X5Y89          FDRE                                         r  bd_rst/deb.count_reg[3]/C
                         clock pessimism              0.276    15.300    
                         clock uncertainty           -0.035    15.264    
    SLICE_X5Y89          FDRE (Setup_fdre_C_R)       -0.429    14.835    bd_rst/deb.count_reg[3]
  -------------------------------------------------------------------
                         required time                         14.835    
                         arrival time                          -9.496    
  -------------------------------------------------------------------
                         slack                                  5.340    

Slack (MET) :             5.340ns  (required time - arrival time)
  Source:                 bd_rst/deb.count_reg[28]/C
                            (rising edge-triggered cell FDRE clocked by sys_clk_pin  {rise@0.000ns fall@5.000ns period=10.000ns})
  Destination:            bd_rst/deb.count_reg[4]/R
                            (rising edge-triggered cell FDRE clocked by sys_clk_pin  {rise@0.000ns fall@5.000ns period=10.000ns})
  Path Group:             sys_clk_pin
  Path Type:              Setup (Max at Slow Process Corner)
  Requirement:            10.000ns  (sys_clk_pin rise@10.000ns - sys_clk_pin rise@0.000ns)
  Data Path Delay:        4.169ns  (logic 0.952ns (22.835%)  route 3.217ns (77.165%))
  Logic Levels:           4  (LUT2=1 LUT4=2 LUT5=1)
  Clock Path Skew:        -0.027ns (DCD - SCD + CPR)
    Destination Clock Delay (DCD):    5.024ns = ( 15.024 - 10.000 ) 
    Source Clock Delay      (SCD):    5.327ns
    Clock Pessimism Removal (CPR):    0.276ns
  Clock Uncertainty:      0.035ns  ((TSJ^2 + TIJ^2)^1/2 + DJ) / 2 + PE
    Total System Jitter     (TSJ):    0.071ns
    Total Input Jitter      (TIJ):    0.000ns
    Discrete Jitter          (DJ):    0.000ns
    Phase Error              (PE):    0.000ns

    Location             Delay type                Incr(ns)  Path(ns)    Netlist Resource(s)
  -------------------------------------------------------------------    -------------------
                         (clock sys_clk_pin rise edge)
                                                      0.000     0.000 r  
    E3                                                0.000     0.000 r  clk (IN)
                         net (fo=0)                   0.000     0.000    clk
    E3                   IBUF (Prop_ibuf_I_O)         1.482     1.482 r  clk_IBUF_inst/O
                         net (fo=1, routed)           2.025     3.506    clk_IBUF
    BUFGCTRL_X0Y16       BUFG (Prop_bufg_I_O)         0.096     3.602 r  clk_IBUF_BUFG_inst/O
                         net (fo=122, routed)         1.724     5.327    bd_rst/clk_IBUF_BUFG
    SLICE_X5Y95          FDRE                                         r  bd_rst/deb.count_reg[28]/C
  -------------------------------------------------------------------    -------------------
    SLICE_X5Y95          FDRE (Prop_fdre_C_Q)         0.456     5.783 f  bd_rst/deb.count_reg[28]/Q
                         net (fo=2, routed)           0.828     6.610    bd_rst/deb.count_reg_n_0_[28]
    SLICE_X4Y96          LUT4 (Prop_lut4_I1_O)        0.124     6.734 f  bd_rst/FSM_sequential_BTN_state[1]_i_9/O
                         net (fo=1, routed)           0.303     7.037    bd_rst/FSM_sequential_BTN_state[1]_i_9_n_0
    SLICE_X4Y95          LUT5 (Prop_lut5_I4_O)        0.124     7.161 f  bd_rst/FSM_sequential_BTN_state[1]_i_5/O
                         net (fo=1, routed)           0.729     7.890    bd_rst/FSM_sequential_BTN_state[1]_i_5_n_0
    SLICE_X4Y92          LUT4 (Prop_lut4_I2_O)        0.124     8.014 f  bd_rst/FSM_sequential_BTN_state[1]_i_2/O
                         net (fo=4, routed)           0.680     8.695    bd_rst/FSM_sequential_BTN_state[1]_i_2_n_0
    SLICE_X4Y92          LUT2 (Prop_lut2_I1_O)        0.124     8.819 r  bd_rst/deb.count[31]_i_1/O
                         net (fo=31, routed)          0.677     9.496    bd_rst/deb.count[31]_i_1_n_0
    SLICE_X5Y89          FDRE                                         r  bd_rst/deb.count_reg[4]/R
  -------------------------------------------------------------------    -------------------

                         (clock sys_clk_pin rise edge)
                                                     10.000    10.000 r  
    E3                                                0.000    10.000 r  clk (IN)
                         net (fo=0)                   0.000    10.000    clk
    E3                   IBUF (Prop_ibuf_I_O)         1.411    11.411 r  clk_IBUF_inst/O
                         net (fo=1, routed)           1.920    13.331    clk_IBUF
    BUFGCTRL_X0Y16       BUFG (Prop_bufg_I_O)         0.091    13.422 r  clk_IBUF_BUFG_inst/O
                         net (fo=122, routed)         1.601    15.024    bd_rst/clk_IBUF_BUFG
    SLICE_X5Y89          FDRE                                         r  bd_rst/deb.count_reg[4]/C
                         clock pessimism              0.276    15.300    
                         clock uncertainty           -0.035    15.264    
    SLICE_X5Y89          FDRE (Setup_fdre_C_R)       -0.429    14.835    bd_rst/deb.count_reg[4]
  -------------------------------------------------------------------
                         required time                         14.835    
                         arrival time                          -9.496    
  -------------------------------------------------------------------
                         slack                                  5.340    

Slack (MET) :             5.352ns  (required time - arrival time)
  Source:                 bd_rst/deb.count_reg[28]/C
                            (rising edge-triggered cell FDRE clocked by sys_clk_pin  {rise@0.000ns fall@5.000ns period=10.000ns})
  Destination:            bd_rst/deb.count_reg[29]/R
                            (rising edge-triggered cell FDRE clocked by sys_clk_pin  {rise@0.000ns fall@5.000ns period=10.000ns})
  Path Group:             sys_clk_pin
  Path Type:              Setup (Max at Slow Process Corner)
  Requirement:            10.000ns  (sys_clk_pin rise@10.000ns - sys_clk_pin rise@0.000ns)
  Data Path Delay:        4.159ns  (logic 0.952ns (22.890%)  route 3.207ns (77.110%))
  Logic Levels:           4  (LUT2=1 LUT4=2 LUT5=1)
  Clock Path Skew:        -0.025ns (DCD - SCD + CPR)
    Destination Clock Delay (DCD):    5.026ns = ( 15.026 - 10.000 ) 
    Source Clock Delay      (SCD):    5.327ns
    Clock Pessimism Removal (CPR):    0.276ns
  Clock Uncertainty:      0.035ns  ((TSJ^2 + TIJ^2)^1/2 + DJ) / 2 + PE
    Total System Jitter     (TSJ):    0.071ns
    Total Input Jitter      (TIJ):    0.000ns
    Discrete Jitter          (DJ):    0.000ns
    Phase Error              (PE):    0.000ns

    Location             Delay type                Incr(ns)  Path(ns)    Netlist Resource(s)
  -------------------------------------------------------------------    -------------------
                         (clock sys_clk_pin rise edge)
                                                      0.000     0.000 r  
    E3                                                0.000     0.000 r  clk (IN)
                         net (fo=0)                   0.000     0.000    clk
    E3                   IBUF (Prop_ibuf_I_O)         1.482     1.482 r  clk_IBUF_inst/O
                         net (fo=1, routed)           2.025     3.506    clk_IBUF
    BUFGCTRL_X0Y16       BUFG (Prop_bufg_I_O)         0.096     3.602 r  clk_IBUF_BUFG_inst/O
                         net (fo=122, routed)         1.724     5.327    bd_rst/clk_IBUF_BUFG
    SLICE_X5Y95          FDRE                                         r  bd_rst/deb.count_reg[28]/C
  -------------------------------------------------------------------    -------------------
    SLICE_X5Y95          FDRE (Prop_fdre_C_Q)         0.456     5.783 f  bd_rst/deb.count_reg[28]/Q
                         net (fo=2, routed)           0.828     6.610    bd_rst/deb.count_reg_n_0_[28]
    SLICE_X4Y96          LUT4 (Prop_lut4_I1_O)        0.124     6.734 f  bd_rst/FSM_sequential_BTN_state[1]_i_9/O
                         net (fo=1, routed)           0.303     7.037    bd_rst/FSM_sequential_BTN_state[1]_i_9_n_0
    SLICE_X4Y95          LUT5 (Prop_lut5_I4_O)        0.124     7.161 f  bd_rst/FSM_sequential_BTN_state[1]_i_5/O
                         net (fo=1, routed)           0.729     7.890    bd_rst/FSM_sequential_BTN_state[1]_i_5_n_0
    SLICE_X4Y92          LUT4 (Prop_lut4_I2_O)        0.124     8.014 f  bd_rst/FSM_sequential_BTN_state[1]_i_2/O
                         net (fo=4, routed)           0.680     8.695    bd_rst/FSM_sequential_BTN_state[1]_i_2_n_0
    SLICE_X4Y92          LUT2 (Prop_lut2_I1_O)        0.124     8.819 r  bd_rst/deb.count[31]_i_1/O
                         net (fo=31, routed)          0.667     9.486    bd_rst/deb.count[31]_i_1_n_0
    SLICE_X5Y96          FDRE                                         r  bd_rst/deb.count_reg[29]/R
  -------------------------------------------------------------------    -------------------

                         (clock sys_clk_pin rise edge)
                                                     10.000    10.000 r  
    E3                                                0.000    10.000 r  clk (IN)
                         net (fo=0)                   0.000    10.000    clk
    E3                   IBUF (Prop_ibuf_I_O)         1.411    11.411 r  clk_IBUF_inst/O
                         net (fo=1, routed)           1.920    13.331    clk_IBUF
    BUFGCTRL_X0Y16       BUFG (Prop_bufg_I_O)         0.091    13.422 r  clk_IBUF_BUFG_inst/O
                         net (fo=122, routed)         1.603    15.026    bd_rst/clk_IBUF_BUFG
    SLICE_X5Y96          FDRE                                         r  bd_rst/deb.count_reg[29]/C
                         clock pessimism              0.276    15.302    
                         clock uncertainty           -0.035    15.266    
    SLICE_X5Y96          FDRE (Setup_fdre_C_R)       -0.429    14.837    bd_rst/deb.count_reg[29]
  -------------------------------------------------------------------
                         required time                         14.837    
                         arrival time                          -9.486    
  -------------------------------------------------------------------
                         slack                                  5.352    

Slack (MET) :             5.352ns  (required time - arrival time)
  Source:                 bd_rst/deb.count_reg[28]/C
                            (rising edge-triggered cell FDRE clocked by sys_clk_pin  {rise@0.000ns fall@5.000ns period=10.000ns})
  Destination:            bd_rst/deb.count_reg[30]/R
                            (rising edge-triggered cell FDRE clocked by sys_clk_pin  {rise@0.000ns fall@5.000ns period=10.000ns})
  Path Group:             sys_clk_pin
  Path Type:              Setup (Max at Slow Process Corner)
  Requirement:            10.000ns  (sys_clk_pin rise@10.000ns - sys_clk_pin rise@0.000ns)
  Data Path Delay:        4.159ns  (logic 0.952ns (22.890%)  route 3.207ns (77.110%))
  Logic Levels:           4  (LUT2=1 LUT4=2 LUT5=1)
  Clock Path Skew:        -0.025ns (DCD - SCD + CPR)
    Destination Clock Delay (DCD):    5.026ns = ( 15.026 - 10.000 ) 
    Source Clock Delay      (SCD):    5.327ns
    Clock Pessimism Removal (CPR):    0.276ns
  Clock Uncertainty:      0.035ns  ((TSJ^2 + TIJ^2)^1/2 + DJ) / 2 + PE
    Total System Jitter     (TSJ):    0.071ns
    Total Input Jitter      (TIJ):    0.000ns
    Discrete Jitter          (DJ):    0.000ns
    Phase Error              (PE):    0.000ns

    Location             Delay type                Incr(ns)  Path(ns)    Netlist Resource(s)
  -------------------------------------------------------------------    -------------------
                         (clock sys_clk_pin rise edge)
                                                      0.000     0.000 r  
    E3                                                0.000     0.000 r  clk (IN)
                         net (fo=0)                   0.000     0.000    clk
    E3                   IBUF (Prop_ibuf_I_O)         1.482     1.482 r  clk_IBUF_inst/O
                         net (fo=1, routed)           2.025     3.506    clk_IBUF
    BUFGCTRL_X0Y16       BUFG (Prop_bufg_I_O)         0.096     3.602 r  clk_IBUF_BUFG_inst/O
                         net (fo=122, routed)         1.724     5.327    bd_rst/clk_IBUF_BUFG
    SLICE_X5Y95          FDRE                                         r  bd_rst/deb.count_reg[28]/C
  -------------------------------------------------------------------    -------------------
    SLICE_X5Y95          FDRE (Prop_fdre_C_Q)         0.456     5.783 f  bd_rst/deb.count_reg[28]/Q
                         net (fo=2, routed)           0.828     6.610    bd_rst/deb.count_reg_n_0_[28]
    SLICE_X4Y96          LUT4 (Prop_lut4_I1_O)        0.124     6.734 f  bd_rst/FSM_sequential_BTN_state[1]_i_9/O
                         net (fo=1, routed)           0.303     7.037    bd_rst/FSM_sequential_BTN_state[1]_i_9_n_0
    SLICE_X4Y95          LUT5 (Prop_lut5_I4_O)        0.124     7.161 f  bd_rst/FSM_sequential_BTN_state[1]_i_5/O
                         net (fo=1, routed)           0.729     7.890    bd_rst/FSM_sequential_BTN_state[1]_i_5_n_0
    SLICE_X4Y92          LUT4 (Prop_lut4_I2_O)        0.124     8.014 f  bd_rst/FSM_sequential_BTN_state[1]_i_2/O
                         net (fo=4, routed)           0.680     8.695    bd_rst/FSM_sequential_BTN_state[1]_i_2_n_0
    SLICE_X4Y92          LUT2 (Prop_lut2_I1_O)        0.124     8.819 r  bd_rst/deb.count[31]_i_1/O
                         net (fo=31, routed)          0.667     9.486    bd_rst/deb.count[31]_i_1_n_0
    SLICE_X5Y96          FDRE                                         r  bd_rst/deb.count_reg[30]/R
  -------------------------------------------------------------------    -------------------

                         (clock sys_clk_pin rise edge)
                                                     10.000    10.000 r  
    E3                                                0.000    10.000 r  clk (IN)
                         net (fo=0)                   0.000    10.000    clk
    E3                   IBUF (Prop_ibuf_I_O)         1.411    11.411 r  clk_IBUF_inst/O
                         net (fo=1, routed)           1.920    13.331    clk_IBUF
    BUFGCTRL_X0Y16       BUFG (Prop_bufg_I_O)         0.091    13.422 r  clk_IBUF_BUFG_inst/O
                         net (fo=122, routed)         1.603    15.026    bd_rst/clk_IBUF_BUFG
    SLICE_X5Y96          FDRE                                         r  bd_rst/deb.count_reg[30]/C
                         clock pessimism              0.276    15.302    
                         clock uncertainty           -0.035    15.266    
    SLICE_X5Y96          FDRE (Setup_fdre_C_R)       -0.429    14.837    bd_rst/deb.count_reg[30]
  -------------------------------------------------------------------
                         required time                         14.837    
                         arrival time                          -9.486    
  -------------------------------------------------------------------
                         slack                                  5.352    

Slack (MET) :             5.352ns  (required time - arrival time)
  Source:                 bd_rst/deb.count_reg[28]/C
                            (rising edge-triggered cell FDRE clocked by sys_clk_pin  {rise@0.000ns fall@5.000ns period=10.000ns})
  Destination:            bd_rst/deb.count_reg[31]/R
                            (rising edge-triggered cell FDRE clocked by sys_clk_pin  {rise@0.000ns fall@5.000ns period=10.000ns})
  Path Group:             sys_clk_pin
  Path Type:              Setup (Max at Slow Process Corner)
  Requirement:            10.000ns  (sys_clk_pin rise@10.000ns - sys_clk_pin rise@0.000ns)
  Data Path Delay:        4.159ns  (logic 0.952ns (22.890%)  route 3.207ns (77.110%))
  Logic Levels:           4  (LUT2=1 LUT4=2 LUT5=1)
  Clock Path Skew:        -0.025ns (DCD - SCD + CPR)
    Destination Clock Delay (DCD):    5.026ns = ( 15.026 - 10.000 ) 
    Source Clock Delay      (SCD):    5.327ns
    Clock Pessimism Removal (CPR):    0.276ns
  Clock Uncertainty:      0.035ns  ((TSJ^2 + TIJ^2)^1/2 + DJ) / 2 + PE
    Total System Jitter     (TSJ):    0.071ns
    Total Input Jitter      (TIJ):    0.000ns
    Discrete Jitter          (DJ):    0.000ns
    Phase Error              (PE):    0.000ns

    Location             Delay type                Incr(ns)  Path(ns)    Netlist Resource(s)
  -------------------------------------------------------------------    -------------------
                         (clock sys_clk_pin rise edge)
                                                      0.000     0.000 r  
    E3                                                0.000     0.000 r  clk (IN)
                         net (fo=0)                   0.000     0.000    clk
    E3                   IBUF (Prop_ibuf_I_O)         1.482     1.482 r  clk_IBUF_inst/O
                         net (fo=1, routed)           2.025     3.506    clk_IBUF
    BUFGCTRL_X0Y16       BUFG (Prop_bufg_I_O)         0.096     3.602 r  clk_IBUF_BUFG_inst/O
                         net (fo=122, routed)         1.724     5.327    bd_rst/clk_IBUF_BUFG
    SLICE_X5Y95          FDRE                                         r  bd_rst/deb.count_reg[28]/C
  -------------------------------------------------------------------    -------------------
    SLICE_X5Y95          FDRE (Prop_fdre_C_Q)         0.456     5.783 f  bd_rst/deb.count_reg[28]/Q
                         net (fo=2, routed)           0.828     6.610    bd_rst/deb.count_reg_n_0_[28]
    SLICE_X4Y96          LUT4 (Prop_lut4_I1_O)        0.124     6.734 f  bd_rst/FSM_sequential_BTN_state[1]_i_9/O
                         net (fo=1, routed)           0.303     7.037    bd_rst/FSM_sequential_BTN_state[1]_i_9_n_0
    SLICE_X4Y95          LUT5 (Prop_lut5_I4_O)        0.124     7.161 f  bd_rst/FSM_sequential_BTN_state[1]_i_5/O
                         net (fo=1, routed)           0.729     7.890    bd_rst/FSM_sequential_BTN_state[1]_i_5_n_0
    SLICE_X4Y92          LUT4 (Prop_lut4_I2_O)        0.124     8.014 f  bd_rst/FSM_sequential_BTN_state[1]_i_2/O
                         net (fo=4, routed)           0.680     8.695    bd_rst/FSM_sequential_BTN_state[1]_i_2_n_0
    SLICE_X4Y92          LUT2 (Prop_lut2_I1_O)        0.124     8.819 r  bd_rst/deb.count[31]_i_1/O
                         net (fo=31, routed)          0.667     9.486    bd_rst/deb.count[31]_i_1_n_0
    SLICE_X5Y96          FDRE                                         r  bd_rst/deb.count_reg[31]/R
  -------------------------------------------------------------------    -------------------

                         (clock sys_clk_pin rise edge)
                                                     10.000    10.000 r  
    E3                                                0.000    10.000 r  clk (IN)
                         net (fo=0)                   0.000    10.000    clk
    E3                   IBUF (Prop_ibuf_I_O)         1.411    11.411 r  clk_IBUF_inst/O
                         net (fo=1, routed)           1.920    13.331    clk_IBUF
    BUFGCTRL_X0Y16       BUFG (Prop_bufg_I_O)         0.091    13.422 r  clk_IBUF_BUFG_inst/O
                         net (fo=122, routed)         1.603    15.026    bd_rst/clk_IBUF_BUFG
    SLICE_X5Y96          FDRE                                         r  bd_rst/deb.count_reg[31]/C
                         clock pessimism              0.276    15.302    
                         clock uncertainty           -0.035    15.266    
    SLICE_X5Y96          FDRE (Setup_fdre_C_R)       -0.429    14.837    bd_rst/deb.count_reg[31]
  -------------------------------------------------------------------
                         required time                         14.837    
                         arrival time                          -9.486    
  -------------------------------------------------------------------
                         slack                                  5.352    

Slack (MET) :             5.404ns  (required time - arrival time)
  Source:                 bd_rst/deb.count_reg[28]/C
                            (rising edge-triggered cell FDRE clocked by sys_clk_pin  {rise@0.000ns fall@5.000ns period=10.000ns})
  Destination:            bd_rst/deb.count_reg[13]/R
                            (rising edge-triggered cell FDRE clocked by sys_clk_pin  {rise@0.000ns fall@5.000ns period=10.000ns})
  Path Group:             sys_clk_pin
  Path Type:              Setup (Max at Slow Process Corner)
  Requirement:            10.000ns  (sys_clk_pin rise@10.000ns - sys_clk_pin rise@0.000ns)
  Data Path Delay:        4.106ns  (logic 0.952ns (23.186%)  route 3.154ns (76.814%))
  Logic Levels:           4  (LUT2=1 LUT4=2 LUT5=1)
  Clock Path Skew:        -0.026ns (DCD - SCD + CPR)
    Destination Clock Delay (DCD):    5.025ns = ( 15.025 - 10.000 ) 
    Source Clock Delay      (SCD):    5.327ns
    Clock Pessimism Removal (CPR):    0.276ns
  Clock Uncertainty:      0.035ns  ((TSJ^2 + TIJ^2)^1/2 + DJ) / 2 + PE
    Total System Jitter     (TSJ):    0.071ns
    Total Input Jitter      (TIJ):    0.000ns
    Discrete Jitter          (DJ):    0.000ns
    Phase Error              (PE):    0.000ns

    Location             Delay type                Incr(ns)  Path(ns)    Netlist Resource(s)
  -------------------------------------------------------------------    -------------------
                         (clock sys_clk_pin rise edge)
                                                      0.000     0.000 r  
    E3                                                0.000     0.000 r  clk (IN)
                         net (fo=0)                   0.000     0.000    clk
    E3                   IBUF (Prop_ibuf_I_O)         1.482     1.482 r  clk_IBUF_inst/O
                         net (fo=1, routed)           2.025     3.506    clk_IBUF
    BUFGCTRL_X0Y16       BUFG (Prop_bufg_I_O)         0.096     3.602 r  clk_IBUF_BUFG_inst/O
                         net (fo=122, routed)         1.724     5.327    bd_rst/clk_IBUF_BUFG
    SLICE_X5Y95          FDRE                                         r  bd_rst/deb.count_reg[28]/C
  -------------------------------------------------------------------    -------------------
    SLICE_X5Y95          FDRE (Prop_fdre_C_Q)         0.456     5.783 f  bd_rst/deb.count_reg[28]/Q
                         net (fo=2, routed)           0.828     6.610    bd_rst/deb.count_reg_n_0_[28]
    SLICE_X4Y96          LUT4 (Prop_lut4_I1_O)        0.124     6.734 f  bd_rst/FSM_sequential_BTN_state[1]_i_9/O
                         net (fo=1, routed)           0.303     7.037    bd_rst/FSM_sequential_BTN_state[1]_i_9_n_0
    SLICE_X4Y95          LUT5 (Prop_lut5_I4_O)        0.124     7.161 f  bd_rst/FSM_sequential_BTN_state[1]_i_5/O
                         net (fo=1, routed)           0.729     7.890    bd_rst/FSM_sequential_BTN_state[1]_i_5_n_0
    SLICE_X4Y92          LUT4 (Prop_lut4_I2_O)        0.124     8.014 f  bd_rst/FSM_sequential_BTN_state[1]_i_2/O
                         net (fo=4, routed)           0.680     8.695    bd_rst/FSM_sequential_BTN_state[1]_i_2_n_0
    SLICE_X4Y92          LUT2 (Prop_lut2_I1_O)        0.124     8.819 r  bd_rst/deb.count[31]_i_1/O
                         net (fo=31, routed)          0.614     9.433    bd_rst/deb.count[31]_i_1_n_0
    SLICE_X5Y92          FDRE                                         r  bd_rst/deb.count_reg[13]/R
  -------------------------------------------------------------------    -------------------

                         (clock sys_clk_pin rise edge)
                                                     10.000    10.000 r  
    E3                                                0.000    10.000 r  clk (IN)
                         net (fo=0)                   0.000    10.000    clk
    E3                   IBUF (Prop_ibuf_I_O)         1.411    11.411 r  clk_IBUF_inst/O
                         net (fo=1, routed)           1.920    13.331    clk_IBUF
    BUFGCTRL_X0Y16       BUFG (Prop_bufg_I_O)         0.091    13.422 r  clk_IBUF_BUFG_inst/O
                         net (fo=122, routed)         1.602    15.025    bd_rst/clk_IBUF_BUFG
    SLICE_X5Y92          FDRE                                         r  bd_rst/deb.count_reg[13]/C
                         clock pessimism              0.276    15.301    
                         clock uncertainty           -0.035    15.265    
    SLICE_X5Y92          FDRE (Setup_fdre_C_R)       -0.429    14.836    bd_rst/deb.count_reg[13]
  -------------------------------------------------------------------
                         required time                         14.836    
                         arrival time                          -9.433    
  -------------------------------------------------------------------
                         slack                                  5.404    

Slack (MET) :             5.404ns  (required time - arrival time)
  Source:                 bd_rst/deb.count_reg[28]/C
                            (rising edge-triggered cell FDRE clocked by sys_clk_pin  {rise@0.000ns fall@5.000ns period=10.000ns})
  Destination:            bd_rst/deb.count_reg[14]/R
                            (rising edge-triggered cell FDRE clocked by sys_clk_pin  {rise@0.000ns fall@5.000ns period=10.000ns})
  Path Group:             sys_clk_pin
  Path Type:              Setup (Max at Slow Process Corner)
  Requirement:            10.000ns  (sys_clk_pin rise@10.000ns - sys_clk_pin rise@0.000ns)
  Data Path Delay:        4.106ns  (logic 0.952ns (23.186%)  route 3.154ns (76.814%))
  Logic Levels:           4  (LUT2=1 LUT4=2 LUT5=1)
  Clock Path Skew:        -0.026ns (DCD - SCD + CPR)
    Destination Clock Delay (DCD):    5.025ns = ( 15.025 - 10.000 ) 
    Source Clock Delay      (SCD):    5.327ns
    Clock Pessimism Removal (CPR):    0.276ns
  Clock Uncertainty:      0.035ns  ((TSJ^2 + TIJ^2)^1/2 + DJ) / 2 + PE
    Total System Jitter     (TSJ):    0.071ns
    Total Input Jitter      (TIJ):    0.000ns
    Discrete Jitter          (DJ):    0.000ns
    Phase Error              (PE):    0.000ns

    Location             Delay type                Incr(ns)  Path(ns)    Netlist Resource(s)
  -------------------------------------------------------------------    -------------------
                         (clock sys_clk_pin rise edge)
                                                      0.000     0.000 r  
    E3                                                0.000     0.000 r  clk (IN)
                         net (fo=0)                   0.000     0.000    clk
    E3                   IBUF (Prop_ibuf_I_O)         1.482     1.482 r  clk_IBUF_inst/O
                         net (fo=1, routed)           2.025     3.506    clk_IBUF
    BUFGCTRL_X0Y16       BUFG (Prop_bufg_I_O)         0.096     3.602 r  clk_IBUF_BUFG_inst/O
                         net (fo=122, routed)         1.724     5.327    bd_rst/clk_IBUF_BUFG
    SLICE_X5Y95          FDRE                                         r  bd_rst/deb.count_reg[28]/C
  -------------------------------------------------------------------    -------------------
    SLICE_X5Y95          FDRE (Prop_fdre_C_Q)         0.456     5.783 f  bd_rst/deb.count_reg[28]/Q
                         net (fo=2, routed)           0.828     6.610    bd_rst/deb.count_reg_n_0_[28]
    SLICE_X4Y96          LUT4 (Prop_lut4_I1_O)        0.124     6.734 f  bd_rst/FSM_sequential_BTN_state[1]_i_9/O
                         net (fo=1, routed)           0.303     7.037    bd_rst/FSM_sequential_BTN_state[1]_i_9_n_0
    SLICE_X4Y95          LUT5 (Prop_lut5_I4_O)        0.124     7.161 f  bd_rst/FSM_sequential_BTN_state[1]_i_5/O
                         net (fo=1, routed)           0.729     7.890    bd_rst/FSM_sequential_BTN_state[1]_i_5_n_0
    SLICE_X4Y92          LUT4 (Prop_lut4_I2_O)        0.124     8.014 f  bd_rst/FSM_sequential_BTN_state[1]_i_2/O
                         net (fo=4, routed)           0.680     8.695    bd_rst/FSM_sequential_BTN_state[1]_i_2_n_0
    SLICE_X4Y92          LUT2 (Prop_lut2_I1_O)        0.124     8.819 r  bd_rst/deb.count[31]_i_1/O
                         net (fo=31, routed)          0.614     9.433    bd_rst/deb.count[31]_i_1_n_0
    SLICE_X5Y92          FDRE                                         r  bd_rst/deb.count_reg[14]/R
  -------------------------------------------------------------------    -------------------

                         (clock sys_clk_pin rise edge)
                                                     10.000    10.000 r  
    E3                                                0.000    10.000 r  clk (IN)
                         net (fo=0)                   0.000    10.000    clk
    E3                   IBUF (Prop_ibuf_I_O)         1.411    11.411 r  clk_IBUF_inst/O
                         net (fo=1, routed)           1.920    13.331    clk_IBUF
    BUFGCTRL_X0Y16       BUFG (Prop_bufg_I_O)         0.091    13.422 r  clk_IBUF_BUFG_inst/O
                         net (fo=122, routed)         1.602    15.025    bd_rst/clk_IBUF_BUFG
    SLICE_X5Y92          FDRE                                         r  bd_rst/deb.count_reg[14]/C
                         clock pessimism              0.276    15.301    
                         clock uncertainty           -0.035    15.265    
    SLICE_X5Y92          FDRE (Setup_fdre_C_R)       -0.429    14.836    bd_rst/deb.count_reg[14]
  -------------------------------------------------------------------
                         required time                         14.836    
                         arrival time                          -9.433    
  -------------------------------------------------------------------
                         slack                                  5.404    

Slack (MET) :             5.404ns  (required time - arrival time)
  Source:                 bd_rst/deb.count_reg[28]/C
                            (rising edge-triggered cell FDRE clocked by sys_clk_pin  {rise@0.000ns fall@5.000ns period=10.000ns})
  Destination:            bd_rst/deb.count_reg[15]/R
                            (rising edge-triggered cell FDRE clocked by sys_clk_pin  {rise@0.000ns fall@5.000ns period=10.000ns})
  Path Group:             sys_clk_pin
  Path Type:              Setup (Max at Slow Process Corner)
  Requirement:            10.000ns  (sys_clk_pin rise@10.000ns - sys_clk_pin rise@0.000ns)
  Data Path Delay:        4.106ns  (logic 0.952ns (23.186%)  route 3.154ns (76.814%))
  Logic Levels:           4  (LUT2=1 LUT4=2 LUT5=1)
  Clock Path Skew:        -0.026ns (DCD - SCD + CPR)
    Destination Clock Delay (DCD):    5.025ns = ( 15.025 - 10.000 ) 
    Source Clock Delay      (SCD):    5.327ns
    Clock Pessimism Removal (CPR):    0.276ns
  Clock Uncertainty:      0.035ns  ((TSJ^2 + TIJ^2)^1/2 + DJ) / 2 + PE
    Total System Jitter     (TSJ):    0.071ns
    Total Input Jitter      (TIJ):    0.000ns
    Discrete Jitter          (DJ):    0.000ns
    Phase Error              (PE):    0.000ns

    Location             Delay type                Incr(ns)  Path(ns)    Netlist Resource(s)
  -------------------------------------------------------------------    -------------------
                         (clock sys_clk_pin rise edge)
                                                      0.000     0.000 r  
    E3                                                0.000     0.000 r  clk (IN)
                         net (fo=0)                   0.000     0.000    clk
    E3                   IBUF (Prop_ibuf_I_O)         1.482     1.482 r  clk_IBUF_inst/O
                         net (fo=1, routed)           2.025     3.506    clk_IBUF
    BUFGCTRL_X0Y16       BUFG (Prop_bufg_I_O)         0.096     3.602 r  clk_IBUF_BUFG_inst/O
                         net (fo=122, routed)         1.724     5.327    bd_rst/clk_IBUF_BUFG
    SLICE_X5Y95          FDRE                                         r  bd_rst/deb.count_reg[28]/C
  -------------------------------------------------------------------    -------------------
    SLICE_X5Y95          FDRE (Prop_fdre_C_Q)         0.456     5.783 f  bd_rst/deb.count_reg[28]/Q
                         net (fo=2, routed)           0.828     6.610    bd_rst/deb.count_reg_n_0_[28]
    SLICE_X4Y96          LUT4 (Prop_lut4_I1_O)        0.124     6.734 f  bd_rst/FSM_sequential_BTN_state[1]_i_9/O
                         net (fo=1, routed)           0.303     7.037    bd_rst/FSM_sequential_BTN_state[1]_i_9_n_0
    SLICE_X4Y95          LUT5 (Prop_lut5_I4_O)        0.124     7.161 f  bd_rst/FSM_sequential_BTN_state[1]_i_5/O
                         net (fo=1, routed)           0.729     7.890    bd_rst/FSM_sequential_BTN_state[1]_i_5_n_0
    SLICE_X4Y92          LUT4 (Prop_lut4_I2_O)        0.124     8.014 f  bd_rst/FSM_sequential_BTN_state[1]_i_2/O
                         net (fo=4, routed)           0.680     8.695    bd_rst/FSM_sequential_BTN_state[1]_i_2_n_0
    SLICE_X4Y92          LUT2 (Prop_lut2_I1_O)        0.124     8.819 r  bd_rst/deb.count[31]_i_1/O
                         net (fo=31, routed)          0.614     9.433    bd_rst/deb.count[31]_i_1_n_0
    SLICE_X5Y92          FDRE                                         r  bd_rst/deb.count_reg[15]/R
  -------------------------------------------------------------------    -------------------

                         (clock sys_clk_pin rise edge)
                                                     10.000    10.000 r  
    E3                                                0.000    10.000 r  clk (IN)
                         net (fo=0)                   0.000    10.000    clk
    E3                   IBUF (Prop_ibuf_I_O)         1.411    11.411 r  clk_IBUF_inst/O
                         net (fo=1, routed)           1.920    13.331    clk_IBUF
    BUFGCTRL_X0Y16       BUFG (Prop_bufg_I_O)         0.091    13.422 r  clk_IBUF_BUFG_inst/O
                         net (fo=122, routed)         1.602    15.025    bd_rst/clk_IBUF_BUFG
    SLICE_X5Y92          FDRE                                         r  bd_rst/deb.count_reg[15]/C
                         clock pessimism              0.276    15.301    
                         clock uncertainty           -0.035    15.265    
    SLICE_X5Y92          FDRE (Setup_fdre_C_R)       -0.429    14.836    bd_rst/deb.count_reg[15]
  -------------------------------------------------------------------
                         required time                         14.836    
                         arrival time                          -9.433    
  -------------------------------------------------------------------
                         slack                                  5.404    





Min Delay Paths
--------------------------------------------------------------------------------------
Slack (MET) :             0.069ns  (arrival time - required time)
  Source:                 hh_var_reg[4]/C
                            (rising edge-triggered cell FDRE clocked by sys_clk_pin  {rise@0.000ns fall@5.000ns period=10.000ns})
  Destination:            display_in_reg[20]/D
                            (rising edge-triggered cell FDRE clocked by sys_clk_pin  {rise@0.000ns fall@5.000ns period=10.000ns})
  Path Group:             sys_clk_pin
  Path Type:              Hold (Min at Fast Process Corner)
  Requirement:            0.000ns  (sys_clk_pin rise@0.000ns - sys_clk_pin rise@0.000ns)
  Data Path Delay:        0.428ns  (logic 0.226ns (52.783%)  route 0.202ns (47.217%))
  Logic Levels:           1  (LUT6=1)
  Clock Path Skew:        0.267ns (DCD - SCD - CPR)
    Destination Clock Delay (DCD):    2.037ns
    Source Clock Delay      (SCD):    1.524ns
    Clock Pessimism Removal (CPR):    0.245ns

    Location             Delay type                Incr(ns)  Path(ns)    Netlist Resource(s)
  -------------------------------------------------------------------    -------------------
                         (clock sys_clk_pin rise edge)
                                                      0.000     0.000 r  
    E3                                                0.000     0.000 r  clk (IN)
                         net (fo=0)                   0.000     0.000    clk
    E3                   IBUF (Prop_ibuf_I_O)         0.250     0.250 r  clk_IBUF_inst/O
                         net (fo=1, routed)           0.644     0.894    clk_IBUF
    BUFGCTRL_X0Y16       BUFG (Prop_bufg_I_O)         0.026     0.920 r  clk_IBUF_BUFG_inst/O
                         net (fo=122, routed)         0.605     1.524    clk_IBUF_BUFG
    SLICE_X0Y99          FDRE                                         r  hh_var_reg[4]/C
  -------------------------------------------------------------------    -------------------
    SLICE_X0Y99          FDRE (Prop_fdre_C_Q)         0.128     1.652 r  hh_var_reg[4]/Q
                         net (fo=5, routed)           0.202     1.854    chrono/hh_cnt/ff4/display_in_reg[20][3]
    SLICE_X0Y100         LUT6 (Prop_lut6_I0_O)        0.098     1.952 r  chrono/hh_cnt/ff4/display_in[20]_i_1/O
                         net (fo=1, routed)           0.000     1.952    chrono_n_1
    SLICE_X0Y100         FDRE                                         r  display_in_reg[20]/D
  -------------------------------------------------------------------    -------------------

                         (clock sys_clk_pin rise edge)
                                                      0.000     0.000 r  
    E3                                                0.000     0.000 r  clk (IN)
                         net (fo=0)                   0.000     0.000    clk
    E3                   IBUF (Prop_ibuf_I_O)         0.438     0.438 r  clk_IBUF_inst/O
                         net (fo=1, routed)           0.699     1.136    clk_IBUF
    BUFGCTRL_X0Y16       BUFG (Prop_bufg_I_O)         0.029     1.165 r  clk_IBUF_BUFG_inst/O
                         net (fo=122, routed)         0.872     2.037    clk_IBUF_BUFG
    SLICE_X0Y100         FDRE                                         r  display_in_reg[20]/C
                         clock pessimism             -0.245     1.791    
    SLICE_X0Y100         FDRE (Hold_fdre_C_D)         0.092     1.883    display_in_reg[20]
  -------------------------------------------------------------------
                         required time                         -1.883    
                         arrival time                           1.952    
  -------------------------------------------------------------------
                         slack                                  0.069    

Slack (MET) :             0.184ns  (arrival time - required time)
  Source:                 hh_var_reg[4]/C
                            (rising edge-triggered cell FDRE clocked by sys_clk_pin  {rise@0.000ns fall@5.000ns period=10.000ns})
  Destination:            display_in_reg[21]/D
                            (rising edge-triggered cell FDRE clocked by sys_clk_pin  {rise@0.000ns fall@5.000ns period=10.000ns})
  Path Group:             sys_clk_pin
  Path Type:              Hold (Min at Fast Process Corner)
  Requirement:            0.000ns  (sys_clk_pin rise@0.000ns - sys_clk_pin rise@0.000ns)
  Data Path Delay:        0.543ns  (logic 0.226ns (41.652%)  route 0.317ns (58.348%))
  Logic Levels:           1  (LUT5=1)
  Clock Path Skew:        0.267ns (DCD - SCD - CPR)
    Destination Clock Delay (DCD):    2.037ns
    Source Clock Delay      (SCD):    1.524ns
    Clock Pessimism Removal (CPR):    0.245ns

    Location             Delay type                Incr(ns)  Path(ns)    Netlist Resource(s)
  -------------------------------------------------------------------    -------------------
                         (clock sys_clk_pin rise edge)
                                                      0.000     0.000 r  
    E3                                                0.000     0.000 r  clk (IN)
                         net (fo=0)                   0.000     0.000    clk
    E3                   IBUF (Prop_ibuf_I_O)         0.250     0.250 r  clk_IBUF_inst/O
                         net (fo=1, routed)           0.644     0.894    clk_IBUF
    BUFGCTRL_X0Y16       BUFG (Prop_bufg_I_O)         0.026     0.920 r  clk_IBUF_BUFG_inst/O
                         net (fo=122, routed)         0.605     1.524    clk_IBUF_BUFG
    SLICE_X0Y99          FDRE                                         r  hh_var_reg[4]/C
  -------------------------------------------------------------------    -------------------
    SLICE_X0Y99          FDRE (Prop_fdre_C_Q)         0.128     1.652 r  hh_var_reg[4]/Q
                         net (fo=5, routed)           0.317     1.969    chrono/hh_cnt/ff2/display_in_reg[21][3]
    SLICE_X0Y100         LUT5 (Prop_lut5_I2_O)        0.098     2.067 r  chrono/hh_cnt/ff2/display_in[21]_i_1/O
                         net (fo=1, routed)           0.000     2.067    chrono_n_0
    SLICE_X0Y100         FDRE                                         r  display_in_reg[21]/D
  -------------------------------------------------------------------    -------------------

                         (clock sys_clk_pin rise edge)
                                                      0.000     0.000 r  
    E3                                                0.000     0.000 r  clk (IN)
                         net (fo=0)                   0.000     0.000    clk
    E3                   IBUF (Prop_ibuf_I_O)         0.438     0.438 r  clk_IBUF_inst/O
                         net (fo=1, routed)           0.699     1.136    clk_IBUF
    BUFGCTRL_X0Y16       BUFG (Prop_bufg_I_O)         0.029     1.165 r  clk_IBUF_BUFG_inst/O
                         net (fo=122, routed)         0.872     2.037    clk_IBUF_BUFG
    SLICE_X0Y100         FDRE                                         r  display_in_reg[21]/C
                         clock pessimism             -0.245     1.791    
    SLICE_X0Y100         FDRE (Hold_fdre_C_D)         0.092     1.883    display_in_reg[21]
  -------------------------------------------------------------------
                         required time                         -1.883    
                         arrival time                           2.067    
  -------------------------------------------------------------------
                         slack                                  0.184    

Slack (MET) :             0.191ns  (arrival time - required time)
  Source:                 mm_var_reg[2]/C
                            (rising edge-triggered cell FDRE clocked by sys_clk_pin  {rise@0.000ns fall@5.000ns period=10.000ns})
  Destination:            display_in_reg[13]/D
                            (rising edge-triggered cell FDRE clocked by sys_clk_pin  {rise@0.000ns fall@5.000ns period=10.000ns})
  Path Group:             sys_clk_pin
  Path Type:              Hold (Min at Fast Process Corner)
  Requirement:            0.000ns  (sys_clk_pin rise@0.000ns - sys_clk_pin rise@0.000ns)
  Data Path Delay:        0.299ns  (logic 0.186ns (62.199%)  route 0.113ns (37.801%))
  Logic Levels:           1  (LUT6=1)
  Clock Path Skew:        0.016ns (DCD - SCD - CPR)
    Destination Clock Delay (DCD):    2.043ns
    Source Clock Delay      (SCD):    1.524ns
    Clock Pessimism Removal (CPR):    0.502ns

    Location             Delay type                Incr(ns)  Path(ns)    Netlist Resource(s)
  -------------------------------------------------------------------    -------------------
                         (clock sys_clk_pin rise edge)
                                                      0.000     0.000 r  
    E3                                                0.000     0.000 r  clk (IN)
                         net (fo=0)                   0.000     0.000    clk
    E3                   IBUF (Prop_ibuf_I_O)         0.250     0.250 r  clk_IBUF_inst/O
                         net (fo=1, routed)           0.644     0.894    clk_IBUF
    BUFGCTRL_X0Y16       BUFG (Prop_bufg_I_O)         0.026     0.920 r  clk_IBUF_BUFG_inst/O
                         net (fo=122, routed)         0.605     1.524    clk_IBUF_BUFG
    SLICE_X1Y98          FDRE                                         r  mm_var_reg[2]/C
  -------------------------------------------------------------------    -------------------
    SLICE_X1Y98          FDRE (Prop_fdre_C_Q)         0.141     1.665 r  mm_var_reg[2]/Q
                         net (fo=4, routed)           0.113     1.778    chrono/mm_cnt/ff2/display_in_reg[13]_0[1]
    SLICE_X1Y97          LUT6 (Prop_lut6_I3_O)        0.045     1.823 r  chrono/mm_cnt/ff2/display_in[13]_i_1/O
                         net (fo=1, routed)           0.000     1.823    chrono_n_7
    SLICE_X1Y97          FDRE                                         r  display_in_reg[13]/D
  -------------------------------------------------------------------    -------------------

                         (clock sys_clk_pin rise edge)
                                                      0.000     0.000 r  
    E3                                                0.000     0.000 r  clk (IN)
                         net (fo=0)                   0.000     0.000    clk
    E3                   IBUF (Prop_ibuf_I_O)         0.438     0.438 r  clk_IBUF_inst/O
                         net (fo=1, routed)           0.699     1.136    clk_IBUF
    BUFGCTRL_X0Y16       BUFG (Prop_bufg_I_O)         0.029     1.165 r  clk_IBUF_BUFG_inst/O
                         net (fo=122, routed)         0.878     2.043    clk_IBUF_BUFG
    SLICE_X1Y97          FDRE                                         r  display_in_reg[13]/C
                         clock pessimism             -0.502     1.540    
    SLICE_X1Y97          FDRE (Hold_fdre_C_D)         0.092     1.632    display_in_reg[13]
  -------------------------------------------------------------------
                         required time                         -1.632    
                         arrival time                           1.823    
  -------------------------------------------------------------------
                         slack                                  0.191    

Slack (MET) :             0.202ns  (arrival time - required time)
  Source:                 ss_var_reg[2]/C
                            (rising edge-triggered cell FDRE clocked by sys_clk_pin  {rise@0.000ns fall@5.000ns period=10.000ns})
  Destination:            display_in_reg[5]/D
                            (rising edge-triggered cell FDRE clocked by sys_clk_pin  {rise@0.000ns fall@5.000ns period=10.000ns})
  Path Group:             sys_clk_pin
  Path Type:              Hold (Min at Fast Process Corner)
  Requirement:            0.000ns  (sys_clk_pin rise@0.000ns - sys_clk_pin rise@0.000ns)
  Data Path Delay:        0.336ns  (logic 0.186ns (55.318%)  route 0.150ns (44.682%))
  Logic Levels:           1  (LUT6=1)
  Clock Path Skew:        0.013ns (DCD - SCD - CPR)
    Destination Clock Delay (DCD):    2.043ns
    Source Clock Delay      (SCD):    1.524ns
    Clock Pessimism Removal (CPR):    0.505ns

    Location             Delay type                Incr(ns)  Path(ns)    Netlist Resource(s)
  -------------------------------------------------------------------    -------------------
                         (clock sys_clk_pin rise edge)
                                                      0.000     0.000 r  
    E3                                                0.000     0.000 r  clk (IN)
                         net (fo=0)                   0.000     0.000    clk
    E3                   IBUF (Prop_ibuf_I_O)         0.250     0.250 r  clk_IBUF_inst/O
                         net (fo=1, routed)           0.644     0.894    clk_IBUF
    BUFGCTRL_X0Y16       BUFG (Prop_bufg_I_O)         0.026     0.920 r  clk_IBUF_BUFG_inst/O
                         net (fo=122, routed)         0.605     1.524    clk_IBUF_BUFG
    SLICE_X3Y99          FDRE                                         r  ss_var_reg[2]/C
  -------------------------------------------------------------------    -------------------
    SLICE_X3Y99          FDRE (Prop_fdre_C_Q)         0.141     1.665 r  ss_var_reg[2]/Q
                         net (fo=4, routed)           0.150     1.816    chrono/ss_cnt/ff2/Q[1]
    SLICE_X2Y99          LUT6 (Prop_lut6_I3_O)        0.045     1.861 r  chrono/ss_cnt/ff2/display_in[5]_i_1/O
                         net (fo=1, routed)           0.000     1.861    chrono_n_14
    SLICE_X2Y99          FDRE                                         r  display_in_reg[5]/D
  -------------------------------------------------------------------    -------------------

                         (clock sys_clk_pin rise edge)
                                                      0.000     0.000 r  
    E3                                                0.000     0.000 r  clk (IN)
                         net (fo=0)                   0.000     0.000    clk
    E3                   IBUF (Prop_ibuf_I_O)         0.438     0.438 r  clk_IBUF_inst/O
                         net (fo=1, routed)           0.699     1.136    clk_IBUF
    BUFGCTRL_X0Y16       BUFG (Prop_bufg_I_O)         0.029     1.165 r  clk_IBUF_BUFG_inst/O
                         net (fo=122, routed)         0.878     2.043    clk_IBUF_BUFG
    SLICE_X2Y99          FDRE                                         r  display_in_reg[5]/C
                         clock pessimism             -0.505     1.537    
    SLICE_X2Y99          FDRE (Hold_fdre_C_D)         0.121     1.658    display_in_reg[5]
  -------------------------------------------------------------------
                         required time                         -1.658    
                         arrival time                           1.861    
  -------------------------------------------------------------------
                         slack                                  0.202    

Slack (MET) :             0.213ns  (arrival time - required time)
  Source:                 ss_var_reg[1]/C
                            (rising edge-triggered cell FDRE clocked by sys_clk_pin  {rise@0.000ns fall@5.000ns period=10.000ns})
  Destination:            display_in_reg[1]/D
                            (rising edge-triggered cell FDRE clocked by sys_clk_pin  {rise@0.000ns fall@5.000ns period=10.000ns})
  Path Group:             sys_clk_pin
  Path Type:              Hold (Min at Fast Process Corner)
  Requirement:            0.000ns  (sys_clk_pin rise@0.000ns - sys_clk_pin rise@0.000ns)
  Data Path Delay:        0.347ns  (logic 0.186ns (53.554%)  route 0.161ns (46.446%))
  Logic Levels:           1  (LUT5=1)
  Clock Path Skew:        0.013ns (DCD - SCD - CPR)
    Destination Clock Delay (DCD):    2.043ns
    Source Clock Delay      (SCD):    1.524ns
    Clock Pessimism Removal (CPR):    0.505ns

    Location             Delay type                Incr(ns)  Path(ns)    Netlist Resource(s)
  -------------------------------------------------------------------    -------------------
                         (clock sys_clk_pin rise edge)
                                                      0.000     0.000 r  
    E3                                                0.000     0.000 r  clk (IN)
                         net (fo=0)                   0.000     0.000    clk
    E3                   IBUF (Prop_ibuf_I_O)         0.250     0.250 r  clk_IBUF_inst/O
                         net (fo=1, routed)           0.644     0.894    clk_IBUF
    BUFGCTRL_X0Y16       BUFG (Prop_bufg_I_O)         0.026     0.920 r  clk_IBUF_BUFG_inst/O
                         net (fo=122, routed)         0.605     1.524    clk_IBUF_BUFG
    SLICE_X3Y99          FDRE                                         r  ss_var_reg[1]/C
  -------------------------------------------------------------------    -------------------
    SLICE_X3Y99          FDRE (Prop_fdre_C_Q)         0.141     1.665 r  ss_var_reg[1]/Q
                         net (fo=4, routed)           0.161     1.827    chrono/ss_cnt/ff1/Q[0]
    SLICE_X2Y99          LUT5 (Prop_lut5_I0_O)        0.045     1.872 r  chrono/ss_cnt/ff1/display_in[1]_i_1/O
                         net (fo=1, routed)           0.000     1.872    chrono_n_18
    SLICE_X2Y99          FDRE                                         r  display_in_reg[1]/D
  -------------------------------------------------------------------    -------------------

                         (clock sys_clk_pin rise edge)
                                                      0.000     0.000 r  
    E3                                                0.000     0.000 r  clk (IN)
                         net (fo=0)                   0.000     0.000    clk
    E3                   IBUF (Prop_ibuf_I_O)         0.438     0.438 r  clk_IBUF_inst/O
                         net (fo=1, routed)           0.699     1.136    clk_IBUF
    BUFGCTRL_X0Y16       BUFG (Prop_bufg_I_O)         0.029     1.165 r  clk_IBUF_BUFG_inst/O
                         net (fo=122, routed)         0.878     2.043    clk_IBUF_BUFG
    SLICE_X2Y99          FDRE                                         r  display_in_reg[1]/C
                         clock pessimism             -0.505     1.537    
    SLICE_X2Y99          FDRE (Hold_fdre_C_D)         0.121     1.658    display_in_reg[1]
  -------------------------------------------------------------------
                         required time                         -1.658    
                         arrival time                           1.872    
  -------------------------------------------------------------------
                         slack                                  0.213    

Slack (MET) :             0.240ns  (arrival time - required time)
  Source:                 hh_var_reg[0]/C
                            (rising edge-triggered cell FDRE clocked by sys_clk_pin  {rise@0.000ns fall@5.000ns period=10.000ns})
  Destination:            display_in_reg[16]/D
                            (rising edge-triggered cell FDRE clocked by sys_clk_pin  {rise@0.000ns fall@5.000ns period=10.000ns})
  Path Group:             sys_clk_pin
  Path Type:              Hold (Min at Fast Process Corner)
  Requirement:            0.000ns  (sys_clk_pin rise@0.000ns - sys_clk_pin rise@0.000ns)
  Data Path Delay:        0.376ns  (logic 0.186ns (49.501%)  route 0.190ns (50.499%))
  Logic Levels:           1  (LUT5=1)
  Clock Path Skew:        0.016ns (DCD - SCD - CPR)
    Destination Clock Delay (DCD):    2.043ns
    Source Clock Delay      (SCD):    1.524ns
    Clock Pessimism Removal (CPR):    0.502ns

    Location             Delay type                Incr(ns)  Path(ns)    Netlist Resource(s)
  -------------------------------------------------------------------    -------------------
                         (clock sys_clk_pin rise edge)
                                                      0.000     0.000 r  
    E3                                                0.000     0.000 r  clk (IN)
                         net (fo=0)                   0.000     0.000    clk
    E3                   IBUF (Prop_ibuf_I_O)         0.250     0.250 r  clk_IBUF_inst/O
                         net (fo=1, routed)           0.644     0.894    clk_IBUF
    BUFGCTRL_X0Y16       BUFG (Prop_bufg_I_O)         0.026     0.920 r  clk_IBUF_BUFG_inst/O
                         net (fo=122, routed)         0.605     1.524    clk_IBUF_BUFG
    SLICE_X0Y99          FDRE                                         r  hh_var_reg[0]/C
  -------------------------------------------------------------------    -------------------
    SLICE_X0Y99          FDRE (Prop_fdre_C_Q)         0.141     1.665 r  hh_var_reg[0]/Q
                         net (fo=1, routed)           0.190     1.855    chrono/hh_cnt/ff0/display_in_reg[16][0]
    SLICE_X2Y99          LUT5 (Prop_lut5_I0_O)        0.045     1.900 r  chrono/hh_cnt/ff0/display_in[16]_i_1/O
                         net (fo=1, routed)           0.000     1.900    chrono_n_5
    SLICE_X2Y99          FDRE                                         r  display_in_reg[16]/D
  -------------------------------------------------------------------    -------------------

                         (clock sys_clk_pin rise edge)
                                                      0.000     0.000 r  
    E3                                                0.000     0.000 r  clk (IN)
                         net (fo=0)                   0.000     0.000    clk
    E3                   IBUF (Prop_ibuf_I_O)         0.438     0.438 r  clk_IBUF_inst/O
                         net (fo=1, routed)           0.699     1.136    clk_IBUF
    BUFGCTRL_X0Y16       BUFG (Prop_bufg_I_O)         0.029     1.165 r  clk_IBUF_BUFG_inst/O
                         net (fo=122, routed)         0.878     2.043    clk_IBUF_BUFG
    SLICE_X2Y99          FDRE                                         r  display_in_reg[16]/C
                         clock pessimism             -0.502     1.540    
    SLICE_X2Y99          FDRE (Hold_fdre_C_D)         0.120     1.660    display_in_reg[16]
  -------------------------------------------------------------------
                         required time                         -1.660    
                         arrival time                           1.900    
  -------------------------------------------------------------------
                         slack                                  0.240    

Slack (MET) :             0.264ns  (arrival time - required time)
  Source:                 bd_rst/deb.count_reg[20]/C
                            (rising edge-triggered cell FDRE clocked by sys_clk_pin  {rise@0.000ns fall@5.000ns period=10.000ns})
  Destination:            bd_rst/deb.count_reg[20]/D
                            (rising edge-triggered cell FDRE clocked by sys_clk_pin  {rise@0.000ns fall@5.000ns period=10.000ns})
  Path Group:             sys_clk_pin
  Path Type:              Hold (Min at Fast Process Corner)
  Requirement:            0.000ns  (sys_clk_pin rise@0.000ns - sys_clk_pin rise@0.000ns)
  Data Path Delay:        0.369ns  (logic 0.249ns (67.424%)  route 0.120ns (32.576%))
  Logic Levels:           1  (CARRY4=1)
  Clock Path Skew:        0.000ns (DCD - SCD - CPR)
    Destination Clock Delay (DCD):    2.039ns
    Source Clock Delay      (SCD):    1.522ns
    Clock Pessimism Removal (CPR):    0.516ns

    Location             Delay type                Incr(ns)  Path(ns)    Netlist Resource(s)
  -------------------------------------------------------------------    -------------------
                         (clock sys_clk_pin rise edge)
                                                      0.000     0.000 r  
    E3                                                0.000     0.000 r  clk (IN)
                         net (fo=0)                   0.000     0.000    clk
    E3                   IBUF (Prop_ibuf_I_O)         0.250     0.250 r  clk_IBUF_inst/O
                         net (fo=1, routed)           0.644     0.894    clk_IBUF
    BUFGCTRL_X0Y16       BUFG (Prop_bufg_I_O)         0.026     0.920 r  clk_IBUF_BUFG_inst/O
                         net (fo=122, routed)         0.603     1.522    bd_rst/clk_IBUF_BUFG
    SLICE_X5Y93          FDRE                                         r  bd_rst/deb.count_reg[20]/C
  -------------------------------------------------------------------    -------------------
    SLICE_X5Y93          FDRE (Prop_fdre_C_Q)         0.141     1.663 r  bd_rst/deb.count_reg[20]/Q
                         net (fo=2, routed)           0.120     1.784    bd_rst/deb.count_reg_n_0_[20]
    SLICE_X5Y93          CARRY4 (Prop_carry4_S[3]_O[3])
                                                      0.108     1.892 r  bd_rst/deb.count_reg[20]_i_1/O[3]
                         net (fo=1, routed)           0.000     1.892    bd_rst/deb.count_reg[20]_i_1_n_4
    SLICE_X5Y93          FDRE                                         r  bd_rst/deb.count_reg[20]/D
  -------------------------------------------------------------------    -------------------

                         (clock sys_clk_pin rise edge)
                                                      0.000     0.000 r  
    E3                                                0.000     0.000 r  clk (IN)
                         net (fo=0)                   0.000     0.000    clk
    E3                   IBUF (Prop_ibuf_I_O)         0.438     0.438 r  clk_IBUF_inst/O
                         net (fo=1, routed)           0.699     1.136    clk_IBUF
    BUFGCTRL_X0Y16       BUFG (Prop_bufg_I_O)         0.029     1.165 r  clk_IBUF_BUFG_inst/O
                         net (fo=122, routed)         0.874     2.039    bd_rst/clk_IBUF_BUFG
    SLICE_X5Y93          FDRE                                         r  bd_rst/deb.count_reg[20]/C
                         clock pessimism             -0.516     1.522    
    SLICE_X5Y93          FDRE (Hold_fdre_C_D)         0.105     1.627    bd_rst/deb.count_reg[20]
  -------------------------------------------------------------------
                         required time                         -1.627    
                         arrival time                           1.892    
  -------------------------------------------------------------------
                         slack                                  0.264    

Slack (MET) :             0.264ns  (arrival time - required time)
  Source:                 bd_rst/deb.count_reg[24]/C
                            (rising edge-triggered cell FDRE clocked by sys_clk_pin  {rise@0.000ns fall@5.000ns period=10.000ns})
  Destination:            bd_rst/deb.count_reg[24]/D
                            (rising edge-triggered cell FDRE clocked by sys_clk_pin  {rise@0.000ns fall@5.000ns period=10.000ns})
  Path Group:             sys_clk_pin
  Path Type:              Hold (Min at Fast Process Corner)
  Requirement:            0.000ns  (sys_clk_pin rise@0.000ns - sys_clk_pin rise@0.000ns)
  Data Path Delay:        0.369ns  (logic 0.249ns (67.424%)  route 0.120ns (32.576%))
  Logic Levels:           1  (CARRY4=1)
  Clock Path Skew:        0.000ns (DCD - SCD - CPR)
    Destination Clock Delay (DCD):    2.039ns
    Source Clock Delay      (SCD):    1.522ns
    Clock Pessimism Removal (CPR):    0.516ns

    Location             Delay type                Incr(ns)  Path(ns)    Netlist Resource(s)
  -------------------------------------------------------------------    -------------------
                         (clock sys_clk_pin rise edge)
                                                      0.000     0.000 r  
    E3                                                0.000     0.000 r  clk (IN)
                         net (fo=0)                   0.000     0.000    clk
    E3                   IBUF (Prop_ibuf_I_O)         0.250     0.250 r  clk_IBUF_inst/O
                         net (fo=1, routed)           0.644     0.894    clk_IBUF
    BUFGCTRL_X0Y16       BUFG (Prop_bufg_I_O)         0.026     0.920 r  clk_IBUF_BUFG_inst/O
                         net (fo=122, routed)         0.603     1.522    bd_rst/clk_IBUF_BUFG
    SLICE_X5Y94          FDRE                                         r  bd_rst/deb.count_reg[24]/C
  -------------------------------------------------------------------    -------------------
    SLICE_X5Y94          FDRE (Prop_fdre_C_Q)         0.141     1.663 r  bd_rst/deb.count_reg[24]/Q
                         net (fo=2, routed)           0.120     1.784    bd_rst/deb.count_reg_n_0_[24]
    SLICE_X5Y94          CARRY4 (Prop_carry4_S[3]_O[3])
                                                      0.108     1.892 r  bd_rst/deb.count_reg[24]_i_1/O[3]
                         net (fo=1, routed)           0.000     1.892    bd_rst/deb.count_reg[24]_i_1_n_4
    SLICE_X5Y94          FDRE                                         r  bd_rst/deb.count_reg[24]/D
  -------------------------------------------------------------------    -------------------

                         (clock sys_clk_pin rise edge)
                                                      0.000     0.000 r  
    E3                                                0.000     0.000 r  clk (IN)
                         net (fo=0)                   0.000     0.000    clk
    E3                   IBUF (Prop_ibuf_I_O)         0.438     0.438 r  clk_IBUF_inst/O
                         net (fo=1, routed)           0.699     1.136    clk_IBUF
    BUFGCTRL_X0Y16       BUFG (Prop_bufg_I_O)         0.029     1.165 r  clk_IBUF_BUFG_inst/O
                         net (fo=122, routed)         0.874     2.039    bd_rst/clk_IBUF_BUFG
    SLICE_X5Y94          FDRE                                         r  bd_rst/deb.count_reg[24]/C
                         clock pessimism             -0.516     1.522    
    SLICE_X5Y94          FDRE (Hold_fdre_C_D)         0.105     1.627    bd_rst/deb.count_reg[24]
  -------------------------------------------------------------------
                         required time                         -1.627    
                         arrival time                           1.892    
  -------------------------------------------------------------------
                         slack                                  0.264    

Slack (MET) :             0.264ns  (arrival time - required time)
  Source:                 bd_rst/deb.count_reg[28]/C
                            (rising edge-triggered cell FDRE clocked by sys_clk_pin  {rise@0.000ns fall@5.000ns period=10.000ns})
  Destination:            bd_rst/deb.count_reg[28]/D
                            (rising edge-triggered cell FDRE clocked by sys_clk_pin  {rise@0.000ns fall@5.000ns period=10.000ns})
  Path Group:             sys_clk_pin
  Path Type:              Hold (Min at Fast Process Corner)
  Requirement:            0.000ns  (sys_clk_pin rise@0.000ns - sys_clk_pin rise@0.000ns)
  Data Path Delay:        0.369ns  (logic 0.249ns (67.424%)  route 0.120ns (32.576%))
  Logic Levels:           1  (CARRY4=1)
  Clock Path Skew:        0.000ns (DCD - SCD - CPR)
    Destination Clock Delay (DCD):    2.039ns
    Source Clock Delay      (SCD):    1.522ns
    Clock Pessimism Removal (CPR):    0.516ns

    Location             Delay type                Incr(ns)  Path(ns)    Netlist Resource(s)
  -------------------------------------------------------------------    -------------------
                         (clock sys_clk_pin rise edge)
                                                      0.000     0.000 r  
    E3                                                0.000     0.000 r  clk (IN)
                         net (fo=0)                   0.000     0.000    clk
    E3                   IBUF (Prop_ibuf_I_O)         0.250     0.250 r  clk_IBUF_inst/O
                         net (fo=1, routed)           0.644     0.894    clk_IBUF
    BUFGCTRL_X0Y16       BUFG (Prop_bufg_I_O)         0.026     0.920 r  clk_IBUF_BUFG_inst/O
                         net (fo=122, routed)         0.603     1.522    bd_rst/clk_IBUF_BUFG
    SLICE_X5Y95          FDRE                                         r  bd_rst/deb.count_reg[28]/C
  -------------------------------------------------------------------    -------------------
    SLICE_X5Y95          FDRE (Prop_fdre_C_Q)         0.141     1.663 r  bd_rst/deb.count_reg[28]/Q
                         net (fo=2, routed)           0.120     1.784    bd_rst/deb.count_reg_n_0_[28]
    SLICE_X5Y95          CARRY4 (Prop_carry4_S[3]_O[3])
                                                      0.108     1.892 r  bd_rst/deb.count_reg[28]_i_1/O[3]
                         net (fo=1, routed)           0.000     1.892    bd_rst/deb.count_reg[28]_i_1_n_4
    SLICE_X5Y95          FDRE                                         r  bd_rst/deb.count_reg[28]/D
  -------------------------------------------------------------------    -------------------

                         (clock sys_clk_pin rise edge)
                                                      0.000     0.000 r  
    E3                                                0.000     0.000 r  clk (IN)
                         net (fo=0)                   0.000     0.000    clk
    E3                   IBUF (Prop_ibuf_I_O)         0.438     0.438 r  clk_IBUF_inst/O
                         net (fo=1, routed)           0.699     1.136    clk_IBUF
    BUFGCTRL_X0Y16       BUFG (Prop_bufg_I_O)         0.029     1.165 r  clk_IBUF_BUFG_inst/O
                         net (fo=122, routed)         0.874     2.039    bd_rst/clk_IBUF_BUFG
    SLICE_X5Y95          FDRE                                         r  bd_rst/deb.count_reg[28]/C
                         clock pessimism             -0.516     1.522    
    SLICE_X5Y95          FDRE (Hold_fdre_C_D)         0.105     1.627    bd_rst/deb.count_reg[28]
  -------------------------------------------------------------------
                         required time                         -1.627    
                         arrival time                           1.892    
  -------------------------------------------------------------------
                         slack                                  0.264    

Slack (MET) :             0.264ns  (arrival time - required time)
  Source:                 bd_rst/deb.count_reg[4]/C
                            (rising edge-triggered cell FDRE clocked by sys_clk_pin  {rise@0.000ns fall@5.000ns period=10.000ns})
  Destination:            bd_rst/deb.count_reg[4]/D
                            (rising edge-triggered cell FDRE clocked by sys_clk_pin  {rise@0.000ns fall@5.000ns period=10.000ns})
  Path Group:             sys_clk_pin
  Path Type:              Hold (Min at Fast Process Corner)
  Requirement:            0.000ns  (sys_clk_pin rise@0.000ns - sys_clk_pin rise@0.000ns)
  Data Path Delay:        0.369ns  (logic 0.249ns (67.424%)  route 0.120ns (32.576%))
  Logic Levels:           1  (CARRY4=1)
  Clock Path Skew:        0.000ns (DCD - SCD - CPR)
    Destination Clock Delay (DCD):    2.037ns
    Source Clock Delay      (SCD):    1.520ns
    Clock Pessimism Removal (CPR):    0.516ns

    Location             Delay type                Incr(ns)  Path(ns)    Netlist Resource(s)
  -------------------------------------------------------------------    -------------------
                         (clock sys_clk_pin rise edge)
                                                      0.000     0.000 r  
    E3                                                0.000     0.000 r  clk (IN)
                         net (fo=0)                   0.000     0.000    clk
    E3                   IBUF (Prop_ibuf_I_O)         0.250     0.250 r  clk_IBUF_inst/O
                         net (fo=1, routed)           0.644     0.894    clk_IBUF
    BUFGCTRL_X0Y16       BUFG (Prop_bufg_I_O)         0.026     0.920 r  clk_IBUF_BUFG_inst/O
                         net (fo=122, routed)         0.601     1.520    bd_rst/clk_IBUF_BUFG
    SLICE_X5Y89          FDRE                                         r  bd_rst/deb.count_reg[4]/C
  -------------------------------------------------------------------    -------------------
    SLICE_X5Y89          FDRE (Prop_fdre_C_Q)         0.141     1.661 r  bd_rst/deb.count_reg[4]/Q
                         net (fo=2, routed)           0.120     1.782    bd_rst/deb.count_reg_n_0_[4]
    SLICE_X5Y89          CARRY4 (Prop_carry4_S[3]_O[3])
                                                      0.108     1.890 r  bd_rst/deb.count_reg[4]_i_1/O[3]
                         net (fo=1, routed)           0.000     1.890    bd_rst/deb.count_reg[4]_i_1_n_4
    SLICE_X5Y89          FDRE                                         r  bd_rst/deb.count_reg[4]/D
  -------------------------------------------------------------------    -------------------

                         (clock sys_clk_pin rise edge)
                                                      0.000     0.000 r  
    E3                                                0.000     0.000 r  clk (IN)
                         net (fo=0)                   0.000     0.000    clk
    E3                   IBUF (Prop_ibuf_I_O)         0.438     0.438 r  clk_IBUF_inst/O
                         net (fo=1, routed)           0.699     1.136    clk_IBUF
    BUFGCTRL_X0Y16       BUFG (Prop_bufg_I_O)         0.029     1.165 r  clk_IBUF_BUFG_inst/O
                         net (fo=122, routed)         0.872     2.037    bd_rst/clk_IBUF_BUFG
    SLICE_X5Y89          FDRE                                         r  bd_rst/deb.count_reg[4]/C
                         clock pessimism             -0.516     1.520    
    SLICE_X5Y89          FDRE (Hold_fdre_C_D)         0.105     1.625    bd_rst/deb.count_reg[4]
  -------------------------------------------------------------------
                         required time                         -1.625    
                         arrival time                           1.890    
  -------------------------------------------------------------------
                         slack                                  0.264    





Pulse Width Checks
--------------------------------------------------------------------------------------
Clock Name:         sys_clk_pin
Waveform(ns):       { 0.000 5.000 }
Period(ns):         10.000
Sources:            { clk }

Check Type        Corner  Lib Pin  Reference Pin  Required(ns)  Actual(ns)  Slack(ns)  Location        Pin
Min Period        n/a     BUFG/I   n/a            2.155         10.000      7.845      BUFGCTRL_X0Y16  clk_IBUF_BUFG_inst/I
Min Period        n/a     FDRE/C   n/a            1.000         10.000      9.000      SLICE_X4Y98     display_in_reg[0]/C
Min Period        n/a     FDRE/C   n/a            1.000         10.000      9.000      SLICE_X2Y98     display_in_reg[10]/C
Min Period        n/a     FDRE/C   n/a            1.000         10.000      9.000      SLICE_X0Y98     display_in_reg[11]/C
Min Period        n/a     FDRE/C   n/a            1.000         10.000      9.000      SLICE_X2Y98     display_in_reg[12]/C
Min Period        n/a     FDRE/C   n/a            1.000         10.000      9.000      SLICE_X1Y97     display_in_reg[13]/C
Min Period        n/a     FDRE/C   n/a            1.000         10.000      9.000      SLICE_X0Y98     display_in_reg[14]/C
Min Period        n/a     FDRE/C   n/a            1.000         10.000      9.000      SLICE_X2Y99     display_in_reg[16]/C
Min Period        n/a     FDRE/C   n/a            1.000         10.000      9.000      SLICE_X0Y100    display_in_reg[17]/C
Min Period        n/a     FDRE/C   n/a            1.000         10.000      9.000      SLICE_X1Y99     display_in_reg[18]/C
Low Pulse Width   Slow    FDRE/C   n/a            0.500         5.000       4.500      SLICE_X4Y98     display_in_reg[0]/C
Low Pulse Width   Fast    FDRE/C   n/a            0.500         5.000       4.500      SLICE_X4Y98     display_in_reg[0]/C
Low Pulse Width   Slow    FDRE/C   n/a            0.500         5.000       4.500      SLICE_X2Y98     display_in_reg[10]/C
Low Pulse Width   Fast    FDRE/C   n/a            0.500         5.000       4.500      SLICE_X2Y98     display_in_reg[10]/C
Low Pulse Width   Slow    FDRE/C   n/a            0.500         5.000       4.500      SLICE_X0Y98     display_in_reg[11]/C
Low Pulse Width   Fast    FDRE/C   n/a            0.500         5.000       4.500      SLICE_X0Y98     display_in_reg[11]/C
Low Pulse Width   Slow    FDRE/C   n/a            0.500         5.000       4.500      SLICE_X2Y98     display_in_reg[12]/C
Low Pulse Width   Fast    FDRE/C   n/a            0.500         5.000       4.500      SLICE_X2Y98     display_in_reg[12]/C
Low Pulse Width   Slow    FDRE/C   n/a            0.500         5.000       4.500      SLICE_X1Y97     display_in_reg[13]/C
Low Pulse Width   Fast    FDRE/C   n/a            0.500         5.000       4.500      SLICE_X1Y97     display_in_reg[13]/C
High Pulse Width  Slow    FDRE/C   n/a            0.500         5.000       4.500      SLICE_X4Y98     display_in_reg[0]/C
High Pulse Width  Fast    FDRE/C   n/a            0.500         5.000       4.500      SLICE_X4Y98     display_in_reg[0]/C
High Pulse Width  Slow    FDRE/C   n/a            0.500         5.000       4.500      SLICE_X2Y98     display_in_reg[10]/C
High Pulse Width  Fast    FDRE/C   n/a            0.500         5.000       4.500      SLICE_X2Y98     display_in_reg[10]/C
High Pulse Width  Slow    FDRE/C   n/a            0.500         5.000       4.500      SLICE_X0Y98     display_in_reg[11]/C
High Pulse Width  Fast    FDRE/C   n/a            0.500         5.000       4.500      SLICE_X0Y98     display_in_reg[11]/C
High Pulse Width  Slow    FDRE/C   n/a            0.500         5.000       4.500      SLICE_X2Y98     display_in_reg[12]/C
High Pulse Width  Fast    FDRE/C   n/a            0.500         5.000       4.500      SLICE_X2Y98     display_in_reg[12]/C
High Pulse Width  Slow    FDRE/C   n/a            0.500         5.000       4.500      SLICE_X1Y97     display_in_reg[13]/C
High Pulse Width  Fast    FDRE/C   n/a            0.500         5.000       4.500      SLICE_X1Y97     display_in_reg[13]/C



---------------------------------------------------------------------------------------------------
Path Group:  **async_default**
From Clock:  sys_clk_pin
  To Clock:  sys_clk_pin

Setup :            0  Failing Endpoints,  Worst Slack        7.692ns,  Total Violation        0.000ns
Hold  :            0  Failing Endpoints,  Worst Slack        0.470ns,  Total Violation        0.000ns
---------------------------------------------------------------------------------------------------


Max Delay Paths
--------------------------------------------------------------------------------------
Slack (MET) :             7.692ns  (required time - arrival time)
  Source:                 bd_rst/CLEARED_BTN_reg/C
                            (rising edge-triggered cell FDRE clocked by sys_clk_pin  {rise@0.000ns fall@5.000ns period=10.000ns})
  Destination:            chrono/tmp_base/clk_out_temp_reg/CLR
                            (recovery check against rising-edge clock sys_clk_pin  {rise@0.000ns fall@5.000ns period=10.000ns})
  Path Group:             **async_default**
  Path Type:              Recovery (Max at Slow Process Corner)
  Requirement:            10.000ns  (sys_clk_pin rise@10.000ns - sys_clk_pin rise@0.000ns)
  Data Path Delay:        1.844ns  (logic 0.456ns (24.732%)  route 1.388ns (75.268%))
  Logic Levels:           0  
  Clock Path Skew:        -0.024ns (DCD - SCD + CPR)
    Destination Clock Delay (DCD):    5.026ns = ( 15.026 - 10.000 ) 
    Source Clock Delay      (SCD):    5.326ns
    Clock Pessimism Removal (CPR):    0.276ns
  Clock Uncertainty:      0.035ns  ((TSJ^2 + TIJ^2)^1/2 + DJ) / 2 + PE
    Total System Jitter     (TSJ):    0.071ns
    Total Input Jitter      (TIJ):    0.000ns
    Discrete Jitter          (DJ):    0.000ns
    Phase Error              (PE):    0.000ns

    Location             Delay type                Incr(ns)  Path(ns)    Netlist Resource(s)
  -------------------------------------------------------------------    -------------------
                         (clock sys_clk_pin rise edge)
                                                      0.000     0.000 r  
    E3                                                0.000     0.000 r  clk (IN)
                         net (fo=0)                   0.000     0.000    clk
    E3                   IBUF (Prop_ibuf_I_O)         1.482     1.482 r  clk_IBUF_inst/O
                         net (fo=1, routed)           2.025     3.506    clk_IBUF
    BUFGCTRL_X0Y16       BUFG (Prop_bufg_I_O)         0.096     3.602 r  clk_IBUF_BUFG_inst/O
                         net (fo=122, routed)         1.723     5.326    bd_rst/clk_IBUF_BUFG
    SLICE_X4Y91          FDRE                                         r  bd_rst/CLEARED_BTN_reg/C
  -------------------------------------------------------------------    -------------------
    SLICE_X4Y91          FDRE (Prop_fdre_C_Q)         0.456     5.782 f  bd_rst/CLEARED_BTN_reg/Q
                         net (fo=68, routed)          1.388     7.169    chrono/tmp_base/cleared_rst
    SLICE_X7Y96          FDCE                                         f  chrono/tmp_base/clk_out_temp_reg/CLR
  -------------------------------------------------------------------    -------------------

                         (clock sys_clk_pin rise edge)
                                                     10.000    10.000 r  
    E3                                                0.000    10.000 r  clk (IN)
                         net (fo=0)                   0.000    10.000    clk
    E3                   IBUF (Prop_ibuf_I_O)         1.411    11.411 r  clk_IBUF_inst/O
                         net (fo=1, routed)           1.920    13.331    clk_IBUF
    BUFGCTRL_X0Y16       BUFG (Prop_bufg_I_O)         0.091    13.422 r  clk_IBUF_BUFG_inst/O
                         net (fo=122, routed)         1.603    15.026    chrono/tmp_base/clk_IBUF_BUFG
    SLICE_X7Y96          FDCE                                         r  chrono/tmp_base/clk_out_temp_reg/C
                         clock pessimism              0.276    15.302    
                         clock uncertainty           -0.035    15.266    
    SLICE_X7Y96          FDCE (Recov_fdce_C_CLR)     -0.405    14.861    chrono/tmp_base/clk_out_temp_reg
  -------------------------------------------------------------------
                         required time                         14.861    
                         arrival time                          -7.169    
  -------------------------------------------------------------------
                         slack                                  7.692    

Slack (MET) :             7.692ns  (required time - arrival time)
  Source:                 bd_rst/CLEARED_BTN_reg/C
                            (rising edge-triggered cell FDRE clocked by sys_clk_pin  {rise@0.000ns fall@5.000ns period=10.000ns})
  Destination:            chrono/tmp_base/count_reg[25]/CLR
                            (recovery check against rising-edge clock sys_clk_pin  {rise@0.000ns fall@5.000ns period=10.000ns})
  Path Group:             **async_default**
  Path Type:              Recovery (Max at Slow Process Corner)
  Requirement:            10.000ns  (sys_clk_pin rise@10.000ns - sys_clk_pin rise@0.000ns)
  Data Path Delay:        1.844ns  (logic 0.456ns (24.732%)  route 1.388ns (75.268%))
  Logic Levels:           0  
  Clock Path Skew:        -0.024ns (DCD - SCD + CPR)
    Destination Clock Delay (DCD):    5.026ns = ( 15.026 - 10.000 ) 
    Source Clock Delay      (SCD):    5.326ns
    Clock Pessimism Removal (CPR):    0.276ns
  Clock Uncertainty:      0.035ns  ((TSJ^2 + TIJ^2)^1/2 + DJ) / 2 + PE
    Total System Jitter     (TSJ):    0.071ns
    Total Input Jitter      (TIJ):    0.000ns
    Discrete Jitter          (DJ):    0.000ns
    Phase Error              (PE):    0.000ns

    Location             Delay type                Incr(ns)  Path(ns)    Netlist Resource(s)
  -------------------------------------------------------------------    -------------------
                         (clock sys_clk_pin rise edge)
                                                      0.000     0.000 r  
    E3                                                0.000     0.000 r  clk (IN)
                         net (fo=0)                   0.000     0.000    clk
    E3                   IBUF (Prop_ibuf_I_O)         1.482     1.482 r  clk_IBUF_inst/O
                         net (fo=1, routed)           2.025     3.506    clk_IBUF
    BUFGCTRL_X0Y16       BUFG (Prop_bufg_I_O)         0.096     3.602 r  clk_IBUF_BUFG_inst/O
                         net (fo=122, routed)         1.723     5.326    bd_rst/clk_IBUF_BUFG
    SLICE_X4Y91          FDRE                                         r  bd_rst/CLEARED_BTN_reg/C
  -------------------------------------------------------------------    -------------------
    SLICE_X4Y91          FDRE (Prop_fdre_C_Q)         0.456     5.782 f  bd_rst/CLEARED_BTN_reg/Q
                         net (fo=68, routed)          1.388     7.169    chrono/tmp_base/cleared_rst
    SLICE_X7Y96          FDCE                                         f  chrono/tmp_base/count_reg[25]/CLR
  -------------------------------------------------------------------    -------------------

                         (clock sys_clk_pin rise edge)
                                                     10.000    10.000 r  
    E3                                                0.000    10.000 r  clk (IN)
                         net (fo=0)                   0.000    10.000    clk
    E3                   IBUF (Prop_ibuf_I_O)         1.411    11.411 r  clk_IBUF_inst/O
                         net (fo=1, routed)           1.920    13.331    clk_IBUF
    BUFGCTRL_X0Y16       BUFG (Prop_bufg_I_O)         0.091    13.422 r  clk_IBUF_BUFG_inst/O
                         net (fo=122, routed)         1.603    15.026    chrono/tmp_base/clk_IBUF_BUFG
    SLICE_X7Y96          FDCE                                         r  chrono/tmp_base/count_reg[25]/C
                         clock pessimism              0.276    15.302    
                         clock uncertainty           -0.035    15.266    
    SLICE_X7Y96          FDCE (Recov_fdce_C_CLR)     -0.405    14.861    chrono/tmp_base/count_reg[25]
  -------------------------------------------------------------------
                         required time                         14.861    
                         arrival time                          -7.169    
  -------------------------------------------------------------------
                         slack                                  7.692    

Slack (MET) :             7.692ns  (required time - arrival time)
  Source:                 bd_rst/CLEARED_BTN_reg/C
                            (rising edge-triggered cell FDRE clocked by sys_clk_pin  {rise@0.000ns fall@5.000ns period=10.000ns})
  Destination:            chrono/tmp_base/count_reg[26]/CLR
                            (recovery check against rising-edge clock sys_clk_pin  {rise@0.000ns fall@5.000ns period=10.000ns})
  Path Group:             **async_default**
  Path Type:              Recovery (Max at Slow Process Corner)
  Requirement:            10.000ns  (sys_clk_pin rise@10.000ns - sys_clk_pin rise@0.000ns)
  Data Path Delay:        1.844ns  (logic 0.456ns (24.732%)  route 1.388ns (75.268%))
  Logic Levels:           0  
  Clock Path Skew:        -0.024ns (DCD - SCD + CPR)
    Destination Clock Delay (DCD):    5.026ns = ( 15.026 - 10.000 ) 
    Source Clock Delay      (SCD):    5.326ns
    Clock Pessimism Removal (CPR):    0.276ns
  Clock Uncertainty:      0.035ns  ((TSJ^2 + TIJ^2)^1/2 + DJ) / 2 + PE
    Total System Jitter     (TSJ):    0.071ns
    Total Input Jitter      (TIJ):    0.000ns
    Discrete Jitter          (DJ):    0.000ns
    Phase Error              (PE):    0.000ns

    Location             Delay type                Incr(ns)  Path(ns)    Netlist Resource(s)
  -------------------------------------------------------------------    -------------------
                         (clock sys_clk_pin rise edge)
                                                      0.000     0.000 r  
    E3                                                0.000     0.000 r  clk (IN)
                         net (fo=0)                   0.000     0.000    clk
    E3                   IBUF (Prop_ibuf_I_O)         1.482     1.482 r  clk_IBUF_inst/O
                         net (fo=1, routed)           2.025     3.506    clk_IBUF
    BUFGCTRL_X0Y16       BUFG (Prop_bufg_I_O)         0.096     3.602 r  clk_IBUF_BUFG_inst/O
                         net (fo=122, routed)         1.723     5.326    bd_rst/clk_IBUF_BUFG
    SLICE_X4Y91          FDRE                                         r  bd_rst/CLEARED_BTN_reg/C
  -------------------------------------------------------------------    -------------------
    SLICE_X4Y91          FDRE (Prop_fdre_C_Q)         0.456     5.782 f  bd_rst/CLEARED_BTN_reg/Q
                         net (fo=68, routed)          1.388     7.169    chrono/tmp_base/cleared_rst
    SLICE_X7Y96          FDCE                                         f  chrono/tmp_base/count_reg[26]/CLR
  -------------------------------------------------------------------    -------------------

                         (clock sys_clk_pin rise edge)
                                                     10.000    10.000 r  
    E3                                                0.000    10.000 r  clk (IN)
                         net (fo=0)                   0.000    10.000    clk
    E3                   IBUF (Prop_ibuf_I_O)         1.411    11.411 r  clk_IBUF_inst/O
                         net (fo=1, routed)           1.920    13.331    clk_IBUF
    BUFGCTRL_X0Y16       BUFG (Prop_bufg_I_O)         0.091    13.422 r  clk_IBUF_BUFG_inst/O
                         net (fo=122, routed)         1.603    15.026    chrono/tmp_base/clk_IBUF_BUFG
    SLICE_X7Y96          FDCE                                         r  chrono/tmp_base/count_reg[26]/C
                         clock pessimism              0.276    15.302    
                         clock uncertainty           -0.035    15.266    
    SLICE_X7Y96          FDCE (Recov_fdce_C_CLR)     -0.405    14.861    chrono/tmp_base/count_reg[26]
  -------------------------------------------------------------------
                         required time                         14.861    
                         arrival time                          -7.169    
  -------------------------------------------------------------------
                         slack                                  7.692    

Slack (MET) :             7.830ns  (required time - arrival time)
  Source:                 bd_rst/CLEARED_BTN_reg/C
                            (rising edge-triggered cell FDRE clocked by sys_clk_pin  {rise@0.000ns fall@5.000ns period=10.000ns})
  Destination:            chrono/tmp_base/count_reg[21]/CLR
                            (recovery check against rising-edge clock sys_clk_pin  {rise@0.000ns fall@5.000ns period=10.000ns})
  Path Group:             **async_default**
  Path Type:              Recovery (Max at Slow Process Corner)
  Requirement:            10.000ns  (sys_clk_pin rise@10.000ns - sys_clk_pin rise@0.000ns)
  Data Path Delay:        1.705ns  (logic 0.456ns (26.740%)  route 1.249ns (73.260%))
  Logic Levels:           0  
  Clock Path Skew:        -0.024ns (DCD - SCD + CPR)
    Destination Clock Delay (DCD):    5.026ns = ( 15.026 - 10.000 ) 
    Source Clock Delay      (SCD):    5.326ns
    Clock Pessimism Removal (CPR):    0.276ns
  Clock Uncertainty:      0.035ns  ((TSJ^2 + TIJ^2)^1/2 + DJ) / 2 + PE
    Total System Jitter     (TSJ):    0.071ns
    Total Input Jitter      (TIJ):    0.000ns
    Discrete Jitter          (DJ):    0.000ns
    Phase Error              (PE):    0.000ns

    Location             Delay type                Incr(ns)  Path(ns)    Netlist Resource(s)
  -------------------------------------------------------------------    -------------------
                         (clock sys_clk_pin rise edge)
                                                      0.000     0.000 r  
    E3                                                0.000     0.000 r  clk (IN)
                         net (fo=0)                   0.000     0.000    clk
    E3                   IBUF (Prop_ibuf_I_O)         1.482     1.482 r  clk_IBUF_inst/O
                         net (fo=1, routed)           2.025     3.506    clk_IBUF
    BUFGCTRL_X0Y16       BUFG (Prop_bufg_I_O)         0.096     3.602 r  clk_IBUF_BUFG_inst/O
                         net (fo=122, routed)         1.723     5.326    bd_rst/clk_IBUF_BUFG
    SLICE_X4Y91          FDRE                                         r  bd_rst/CLEARED_BTN_reg/C
  -------------------------------------------------------------------    -------------------
    SLICE_X4Y91          FDRE (Prop_fdre_C_Q)         0.456     5.782 f  bd_rst/CLEARED_BTN_reg/Q
                         net (fo=68, routed)          1.249     7.031    chrono/tmp_base/cleared_rst
    SLICE_X7Y95          FDCE                                         f  chrono/tmp_base/count_reg[21]/CLR
  -------------------------------------------------------------------    -------------------

                         (clock sys_clk_pin rise edge)
                                                     10.000    10.000 r  
    E3                                                0.000    10.000 r  clk (IN)
                         net (fo=0)                   0.000    10.000    clk
    E3                   IBUF (Prop_ibuf_I_O)         1.411    11.411 r  clk_IBUF_inst/O
                         net (fo=1, routed)           1.920    13.331    clk_IBUF
    BUFGCTRL_X0Y16       BUFG (Prop_bufg_I_O)         0.091    13.422 r  clk_IBUF_BUFG_inst/O
                         net (fo=122, routed)         1.603    15.026    chrono/tmp_base/clk_IBUF_BUFG
    SLICE_X7Y95          FDCE                                         r  chrono/tmp_base/count_reg[21]/C
                         clock pessimism              0.276    15.302    
                         clock uncertainty           -0.035    15.266    
    SLICE_X7Y95          FDCE (Recov_fdce_C_CLR)     -0.405    14.861    chrono/tmp_base/count_reg[21]
  -------------------------------------------------------------------
                         required time                         14.861    
                         arrival time                          -7.031    
  -------------------------------------------------------------------
                         slack                                  7.830    

Slack (MET) :             7.830ns  (required time - arrival time)
  Source:                 bd_rst/CLEARED_BTN_reg/C
                            (rising edge-triggered cell FDRE clocked by sys_clk_pin  {rise@0.000ns fall@5.000ns period=10.000ns})
  Destination:            chrono/tmp_base/count_reg[22]/CLR
                            (recovery check against rising-edge clock sys_clk_pin  {rise@0.000ns fall@5.000ns period=10.000ns})
  Path Group:             **async_default**
  Path Type:              Recovery (Max at Slow Process Corner)
  Requirement:            10.000ns  (sys_clk_pin rise@10.000ns - sys_clk_pin rise@0.000ns)
  Data Path Delay:        1.705ns  (logic 0.456ns (26.740%)  route 1.249ns (73.260%))
  Logic Levels:           0  
  Clock Path Skew:        -0.024ns (DCD - SCD + CPR)
    Destination Clock Delay (DCD):    5.026ns = ( 15.026 - 10.000 ) 
    Source Clock Delay      (SCD):    5.326ns
    Clock Pessimism Removal (CPR):    0.276ns
  Clock Uncertainty:      0.035ns  ((TSJ^2 + TIJ^2)^1/2 + DJ) / 2 + PE
    Total System Jitter     (TSJ):    0.071ns
    Total Input Jitter      (TIJ):    0.000ns
    Discrete Jitter          (DJ):    0.000ns
    Phase Error              (PE):    0.000ns

    Location             Delay type                Incr(ns)  Path(ns)    Netlist Resource(s)
  -------------------------------------------------------------------    -------------------
                         (clock sys_clk_pin rise edge)
                                                      0.000     0.000 r  
    E3                                                0.000     0.000 r  clk (IN)
                         net (fo=0)                   0.000     0.000    clk
    E3                   IBUF (Prop_ibuf_I_O)         1.482     1.482 r  clk_IBUF_inst/O
                         net (fo=1, routed)           2.025     3.506    clk_IBUF
    BUFGCTRL_X0Y16       BUFG (Prop_bufg_I_O)         0.096     3.602 r  clk_IBUF_BUFG_inst/O
                         net (fo=122, routed)         1.723     5.326    bd_rst/clk_IBUF_BUFG
    SLICE_X4Y91          FDRE                                         r  bd_rst/CLEARED_BTN_reg/C
  -------------------------------------------------------------------    -------------------
    SLICE_X4Y91          FDRE (Prop_fdre_C_Q)         0.456     5.782 f  bd_rst/CLEARED_BTN_reg/Q
                         net (fo=68, routed)          1.249     7.031    chrono/tmp_base/cleared_rst
    SLICE_X7Y95          FDCE                                         f  chrono/tmp_base/count_reg[22]/CLR
  -------------------------------------------------------------------    -------------------

                         (clock sys_clk_pin rise edge)
                                                     10.000    10.000 r  
    E3                                                0.000    10.000 r  clk (IN)
                         net (fo=0)                   0.000    10.000    clk
    E3                   IBUF (Prop_ibuf_I_O)         1.411    11.411 r  clk_IBUF_inst/O
                         net (fo=1, routed)           1.920    13.331    clk_IBUF
    BUFGCTRL_X0Y16       BUFG (Prop_bufg_I_O)         0.091    13.422 r  clk_IBUF_BUFG_inst/O
                         net (fo=122, routed)         1.603    15.026    chrono/tmp_base/clk_IBUF_BUFG
    SLICE_X7Y95          FDCE                                         r  chrono/tmp_base/count_reg[22]/C
                         clock pessimism              0.276    15.302    
                         clock uncertainty           -0.035    15.266    
    SLICE_X7Y95          FDCE (Recov_fdce_C_CLR)     -0.405    14.861    chrono/tmp_base/count_reg[22]
  -------------------------------------------------------------------
                         required time                         14.861    
                         arrival time                          -7.031    
  -------------------------------------------------------------------
                         slack                                  7.830    

Slack (MET) :             7.830ns  (required time - arrival time)
  Source:                 bd_rst/CLEARED_BTN_reg/C
                            (rising edge-triggered cell FDRE clocked by sys_clk_pin  {rise@0.000ns fall@5.000ns period=10.000ns})
  Destination:            chrono/tmp_base/count_reg[23]/CLR
                            (recovery check against rising-edge clock sys_clk_pin  {rise@0.000ns fall@5.000ns period=10.000ns})
  Path Group:             **async_default**
  Path Type:              Recovery (Max at Slow Process Corner)
  Requirement:            10.000ns  (sys_clk_pin rise@10.000ns - sys_clk_pin rise@0.000ns)
  Data Path Delay:        1.705ns  (logic 0.456ns (26.740%)  route 1.249ns (73.260%))
  Logic Levels:           0  
  Clock Path Skew:        -0.024ns (DCD - SCD + CPR)
    Destination Clock Delay (DCD):    5.026ns = ( 15.026 - 10.000 ) 
    Source Clock Delay      (SCD):    5.326ns
    Clock Pessimism Removal (CPR):    0.276ns
  Clock Uncertainty:      0.035ns  ((TSJ^2 + TIJ^2)^1/2 + DJ) / 2 + PE
    Total System Jitter     (TSJ):    0.071ns
    Total Input Jitter      (TIJ):    0.000ns
    Discrete Jitter          (DJ):    0.000ns
    Phase Error              (PE):    0.000ns

    Location             Delay type                Incr(ns)  Path(ns)    Netlist Resource(s)
  -------------------------------------------------------------------    -------------------
                         (clock sys_clk_pin rise edge)
                                                      0.000     0.000 r  
    E3                                                0.000     0.000 r  clk (IN)
                         net (fo=0)                   0.000     0.000    clk
    E3                   IBUF (Prop_ibuf_I_O)         1.482     1.482 r  clk_IBUF_inst/O
                         net (fo=1, routed)           2.025     3.506    clk_IBUF
    BUFGCTRL_X0Y16       BUFG (Prop_bufg_I_O)         0.096     3.602 r  clk_IBUF_BUFG_inst/O
                         net (fo=122, routed)         1.723     5.326    bd_rst/clk_IBUF_BUFG
    SLICE_X4Y91          FDRE                                         r  bd_rst/CLEARED_BTN_reg/C
  -------------------------------------------------------------------    -------------------
    SLICE_X4Y91          FDRE (Prop_fdre_C_Q)         0.456     5.782 f  bd_rst/CLEARED_BTN_reg/Q
                         net (fo=68, routed)          1.249     7.031    chrono/tmp_base/cleared_rst
    SLICE_X7Y95          FDCE                                         f  chrono/tmp_base/count_reg[23]/CLR
  -------------------------------------------------------------------    -------------------

                         (clock sys_clk_pin rise edge)
                                                     10.000    10.000 r  
    E3                                                0.000    10.000 r  clk (IN)
                         net (fo=0)                   0.000    10.000    clk
    E3                   IBUF (Prop_ibuf_I_O)         1.411    11.411 r  clk_IBUF_inst/O
                         net (fo=1, routed)           1.920    13.331    clk_IBUF
    BUFGCTRL_X0Y16       BUFG (Prop_bufg_I_O)         0.091    13.422 r  clk_IBUF_BUFG_inst/O
                         net (fo=122, routed)         1.603    15.026    chrono/tmp_base/clk_IBUF_BUFG
    SLICE_X7Y95          FDCE                                         r  chrono/tmp_base/count_reg[23]/C
                         clock pessimism              0.276    15.302    
                         clock uncertainty           -0.035    15.266    
    SLICE_X7Y95          FDCE (Recov_fdce_C_CLR)     -0.405    14.861    chrono/tmp_base/count_reg[23]
  -------------------------------------------------------------------
                         required time                         14.861    
                         arrival time                          -7.031    
  -------------------------------------------------------------------
                         slack                                  7.830    

Slack (MET) :             7.830ns  (required time - arrival time)
  Source:                 bd_rst/CLEARED_BTN_reg/C
                            (rising edge-triggered cell FDRE clocked by sys_clk_pin  {rise@0.000ns fall@5.000ns period=10.000ns})
  Destination:            chrono/tmp_base/count_reg[24]/CLR
                            (recovery check against rising-edge clock sys_clk_pin  {rise@0.000ns fall@5.000ns period=10.000ns})
  Path Group:             **async_default**
  Path Type:              Recovery (Max at Slow Process Corner)
  Requirement:            10.000ns  (sys_clk_pin rise@10.000ns - sys_clk_pin rise@0.000ns)
  Data Path Delay:        1.705ns  (logic 0.456ns (26.740%)  route 1.249ns (73.260%))
  Logic Levels:           0  
  Clock Path Skew:        -0.024ns (DCD - SCD + CPR)
    Destination Clock Delay (DCD):    5.026ns = ( 15.026 - 10.000 ) 
    Source Clock Delay      (SCD):    5.326ns
    Clock Pessimism Removal (CPR):    0.276ns
  Clock Uncertainty:      0.035ns  ((TSJ^2 + TIJ^2)^1/2 + DJ) / 2 + PE
    Total System Jitter     (TSJ):    0.071ns
    Total Input Jitter      (TIJ):    0.000ns
    Discrete Jitter          (DJ):    0.000ns
    Phase Error              (PE):    0.000ns

    Location             Delay type                Incr(ns)  Path(ns)    Netlist Resource(s)
  -------------------------------------------------------------------    -------------------
                         (clock sys_clk_pin rise edge)
                                                      0.000     0.000 r  
    E3                                                0.000     0.000 r  clk (IN)
                         net (fo=0)                   0.000     0.000    clk
    E3                   IBUF (Prop_ibuf_I_O)         1.482     1.482 r  clk_IBUF_inst/O
                         net (fo=1, routed)           2.025     3.506    clk_IBUF
    BUFGCTRL_X0Y16       BUFG (Prop_bufg_I_O)         0.096     3.602 r  clk_IBUF_BUFG_inst/O
                         net (fo=122, routed)         1.723     5.326    bd_rst/clk_IBUF_BUFG
    SLICE_X4Y91          FDRE                                         r  bd_rst/CLEARED_BTN_reg/C
  -------------------------------------------------------------------    -------------------
    SLICE_X4Y91          FDRE (Prop_fdre_C_Q)         0.456     5.782 f  bd_rst/CLEARED_BTN_reg/Q
                         net (fo=68, routed)          1.249     7.031    chrono/tmp_base/cleared_rst
    SLICE_X7Y95          FDCE                                         f  chrono/tmp_base/count_reg[24]/CLR
  -------------------------------------------------------------------    -------------------

                         (clock sys_clk_pin rise edge)
                                                     10.000    10.000 r  
    E3                                                0.000    10.000 r  clk (IN)
                         net (fo=0)                   0.000    10.000    clk
    E3                   IBUF (Prop_ibuf_I_O)         1.411    11.411 r  clk_IBUF_inst/O
                         net (fo=1, routed)           1.920    13.331    clk_IBUF
    BUFGCTRL_X0Y16       BUFG (Prop_bufg_I_O)         0.091    13.422 r  clk_IBUF_BUFG_inst/O
                         net (fo=122, routed)         1.603    15.026    chrono/tmp_base/clk_IBUF_BUFG
    SLICE_X7Y95          FDCE                                         r  chrono/tmp_base/count_reg[24]/C
                         clock pessimism              0.276    15.302    
                         clock uncertainty           -0.035    15.266    
    SLICE_X7Y95          FDCE (Recov_fdce_C_CLR)     -0.405    14.861    chrono/tmp_base/count_reg[24]
  -------------------------------------------------------------------
                         required time                         14.861    
                         arrival time                          -7.031    
  -------------------------------------------------------------------
                         slack                                  7.830    

Slack (MET) :             7.916ns  (required time - arrival time)
  Source:                 bd_rst/CLEARED_BTN_reg/C
                            (rising edge-triggered cell FDRE clocked by sys_clk_pin  {rise@0.000ns fall@5.000ns period=10.000ns})
  Destination:            chrono/tmp_base/count_reg[0]/CLR
                            (recovery check against rising-edge clock sys_clk_pin  {rise@0.000ns fall@5.000ns period=10.000ns})
  Path Group:             **async_default**
  Path Type:              Recovery (Max at Slow Process Corner)
  Requirement:            10.000ns  (sys_clk_pin rise@10.000ns - sys_clk_pin rise@0.000ns)
  Data Path Delay:        1.705ns  (logic 0.456ns (26.740%)  route 1.249ns (73.260%))
  Logic Levels:           0  
  Clock Path Skew:        -0.024ns (DCD - SCD + CPR)
    Destination Clock Delay (DCD):    5.026ns = ( 15.026 - 10.000 ) 
    Source Clock Delay      (SCD):    5.326ns
    Clock Pessimism Removal (CPR):    0.276ns
  Clock Uncertainty:      0.035ns  ((TSJ^2 + TIJ^2)^1/2 + DJ) / 2 + PE
    Total System Jitter     (TSJ):    0.071ns
    Total Input Jitter      (TIJ):    0.000ns
    Discrete Jitter          (DJ):    0.000ns
    Phase Error              (PE):    0.000ns

    Location             Delay type                Incr(ns)  Path(ns)    Netlist Resource(s)
  -------------------------------------------------------------------    -------------------
                         (clock sys_clk_pin rise edge)
                                                      0.000     0.000 r  
    E3                                                0.000     0.000 r  clk (IN)
                         net (fo=0)                   0.000     0.000    clk
    E3                   IBUF (Prop_ibuf_I_O)         1.482     1.482 r  clk_IBUF_inst/O
                         net (fo=1, routed)           2.025     3.506    clk_IBUF
    BUFGCTRL_X0Y16       BUFG (Prop_bufg_I_O)         0.096     3.602 r  clk_IBUF_BUFG_inst/O
                         net (fo=122, routed)         1.723     5.326    bd_rst/clk_IBUF_BUFG
    SLICE_X4Y91          FDRE                                         r  bd_rst/CLEARED_BTN_reg/C
  -------------------------------------------------------------------    -------------------
    SLICE_X4Y91          FDRE (Prop_fdre_C_Q)         0.456     5.782 f  bd_rst/CLEARED_BTN_reg/Q
                         net (fo=68, routed)          1.249     7.031    chrono/tmp_base/cleared_rst
    SLICE_X6Y95          FDCE                                         f  chrono/tmp_base/count_reg[0]/CLR
  -------------------------------------------------------------------    -------------------

                         (clock sys_clk_pin rise edge)
                                                     10.000    10.000 r  
    E3                                                0.000    10.000 r  clk (IN)
                         net (fo=0)                   0.000    10.000    clk
    E3                   IBUF (Prop_ibuf_I_O)         1.411    11.411 r  clk_IBUF_inst/O
                         net (fo=1, routed)           1.920    13.331    clk_IBUF
    BUFGCTRL_X0Y16       BUFG (Prop_bufg_I_O)         0.091    13.422 r  clk_IBUF_BUFG_inst/O
                         net (fo=122, routed)         1.603    15.026    chrono/tmp_base/clk_IBUF_BUFG
    SLICE_X6Y95          FDCE                                         r  chrono/tmp_base/count_reg[0]/C
                         clock pessimism              0.276    15.302    
                         clock uncertainty           -0.035    15.266    
    SLICE_X6Y95          FDCE (Recov_fdce_C_CLR)     -0.319    14.947    chrono/tmp_base/count_reg[0]
  -------------------------------------------------------------------
                         required time                         14.947    
                         arrival time                          -7.031    
  -------------------------------------------------------------------
                         slack                                  7.916    

Slack (MET) :             7.986ns  (required time - arrival time)
  Source:                 bd_rst/CLEARED_BTN_reg/C
                            (rising edge-triggered cell FDRE clocked by sys_clk_pin  {rise@0.000ns fall@5.000ns period=10.000ns})
  Destination:            chrono/tmp_base/count_reg[17]/CLR
                            (recovery check against rising-edge clock sys_clk_pin  {rise@0.000ns fall@5.000ns period=10.000ns})
  Path Group:             **async_default**
  Path Type:              Recovery (Max at Slow Process Corner)
  Requirement:            10.000ns  (sys_clk_pin rise@10.000ns - sys_clk_pin rise@0.000ns)
  Data Path Delay:        1.550ns  (logic 0.456ns (29.426%)  route 1.094ns (70.574%))
  Logic Levels:           0  
  Clock Path Skew:        -0.024ns (DCD - SCD + CPR)
    Destination Clock Delay (DCD):    5.026ns = ( 15.026 - 10.000 ) 
    Source Clock Delay      (SCD):    5.326ns
    Clock Pessimism Removal (CPR):    0.276ns
  Clock Uncertainty:      0.035ns  ((TSJ^2 + TIJ^2)^1/2 + DJ) / 2 + PE
    Total System Jitter     (TSJ):    0.071ns
    Total Input Jitter      (TIJ):    0.000ns
    Discrete Jitter          (DJ):    0.000ns
    Phase Error              (PE):    0.000ns

    Location             Delay type                Incr(ns)  Path(ns)    Netlist Resource(s)
  -------------------------------------------------------------------    -------------------
                         (clock sys_clk_pin rise edge)
                                                      0.000     0.000 r  
    E3                                                0.000     0.000 r  clk (IN)
                         net (fo=0)                   0.000     0.000    clk
    E3                   IBUF (Prop_ibuf_I_O)         1.482     1.482 r  clk_IBUF_inst/O
                         net (fo=1, routed)           2.025     3.506    clk_IBUF
    BUFGCTRL_X0Y16       BUFG (Prop_bufg_I_O)         0.096     3.602 r  clk_IBUF_BUFG_inst/O
                         net (fo=122, routed)         1.723     5.326    bd_rst/clk_IBUF_BUFG
    SLICE_X4Y91          FDRE                                         r  bd_rst/CLEARED_BTN_reg/C
  -------------------------------------------------------------------    -------------------
    SLICE_X4Y91          FDRE (Prop_fdre_C_Q)         0.456     5.782 f  bd_rst/CLEARED_BTN_reg/Q
                         net (fo=68, routed)          1.094     6.875    chrono/tmp_base/cleared_rst
    SLICE_X7Y94          FDCE                                         f  chrono/tmp_base/count_reg[17]/CLR
  -------------------------------------------------------------------    -------------------

                         (clock sys_clk_pin rise edge)
                                                     10.000    10.000 r  
    E3                                                0.000    10.000 r  clk (IN)
                         net (fo=0)                   0.000    10.000    clk
    E3                   IBUF (Prop_ibuf_I_O)         1.411    11.411 r  clk_IBUF_inst/O
                         net (fo=1, routed)           1.920    13.331    clk_IBUF
    BUFGCTRL_X0Y16       BUFG (Prop_bufg_I_O)         0.091    13.422 r  clk_IBUF_BUFG_inst/O
                         net (fo=122, routed)         1.603    15.026    chrono/tmp_base/clk_IBUF_BUFG
    SLICE_X7Y94          FDCE                                         r  chrono/tmp_base/count_reg[17]/C
                         clock pessimism              0.276    15.302    
                         clock uncertainty           -0.035    15.266    
    SLICE_X7Y94          FDCE (Recov_fdce_C_CLR)     -0.405    14.861    chrono/tmp_base/count_reg[17]
  -------------------------------------------------------------------
                         required time                         14.861    
                         arrival time                          -6.875    
  -------------------------------------------------------------------
                         slack                                  7.986    

Slack (MET) :             7.986ns  (required time - arrival time)
  Source:                 bd_rst/CLEARED_BTN_reg/C
                            (rising edge-triggered cell FDRE clocked by sys_clk_pin  {rise@0.000ns fall@5.000ns period=10.000ns})
  Destination:            chrono/tmp_base/count_reg[18]/CLR
                            (recovery check against rising-edge clock sys_clk_pin  {rise@0.000ns fall@5.000ns period=10.000ns})
  Path Group:             **async_default**
  Path Type:              Recovery (Max at Slow Process Corner)
  Requirement:            10.000ns  (sys_clk_pin rise@10.000ns - sys_clk_pin rise@0.000ns)
  Data Path Delay:        1.550ns  (logic 0.456ns (29.426%)  route 1.094ns (70.574%))
  Logic Levels:           0  
  Clock Path Skew:        -0.024ns (DCD - SCD + CPR)
    Destination Clock Delay (DCD):    5.026ns = ( 15.026 - 10.000 ) 
    Source Clock Delay      (SCD):    5.326ns
    Clock Pessimism Removal (CPR):    0.276ns
  Clock Uncertainty:      0.035ns  ((TSJ^2 + TIJ^2)^1/2 + DJ) / 2 + PE
    Total System Jitter     (TSJ):    0.071ns
    Total Input Jitter      (TIJ):    0.000ns
    Discrete Jitter          (DJ):    0.000ns
    Phase Error              (PE):    0.000ns

    Location             Delay type                Incr(ns)  Path(ns)    Netlist Resource(s)
  -------------------------------------------------------------------    -------------------
                         (clock sys_clk_pin rise edge)
                                                      0.000     0.000 r  
    E3                                                0.000     0.000 r  clk (IN)
                         net (fo=0)                   0.000     0.000    clk
    E3                   IBUF (Prop_ibuf_I_O)         1.482     1.482 r  clk_IBUF_inst/O
                         net (fo=1, routed)           2.025     3.506    clk_IBUF
    BUFGCTRL_X0Y16       BUFG (Prop_bufg_I_O)         0.096     3.602 r  clk_IBUF_BUFG_inst/O
                         net (fo=122, routed)         1.723     5.326    bd_rst/clk_IBUF_BUFG
    SLICE_X4Y91          FDRE                                         r  bd_rst/CLEARED_BTN_reg/C
  -------------------------------------------------------------------    -------------------
    SLICE_X4Y91          FDRE (Prop_fdre_C_Q)         0.456     5.782 f  bd_rst/CLEARED_BTN_reg/Q
                         net (fo=68, routed)          1.094     6.875    chrono/tmp_base/cleared_rst
    SLICE_X7Y94          FDCE                                         f  chrono/tmp_base/count_reg[18]/CLR
  -------------------------------------------------------------------    -------------------

                         (clock sys_clk_pin rise edge)
                                                     10.000    10.000 r  
    E3                                                0.000    10.000 r  clk (IN)
                         net (fo=0)                   0.000    10.000    clk
    E3                   IBUF (Prop_ibuf_I_O)         1.411    11.411 r  clk_IBUF_inst/O
                         net (fo=1, routed)           1.920    13.331    clk_IBUF
    BUFGCTRL_X0Y16       BUFG (Prop_bufg_I_O)         0.091    13.422 r  clk_IBUF_BUFG_inst/O
                         net (fo=122, routed)         1.603    15.026    chrono/tmp_base/clk_IBUF_BUFG
    SLICE_X7Y94          FDCE                                         r  chrono/tmp_base/count_reg[18]/C
                         clock pessimism              0.276    15.302    
                         clock uncertainty           -0.035    15.266    
    SLICE_X7Y94          FDCE (Recov_fdce_C_CLR)     -0.405    14.861    chrono/tmp_base/count_reg[18]
  -------------------------------------------------------------------
                         required time                         14.861    
                         arrival time                          -6.875    
  -------------------------------------------------------------------
                         slack                                  7.986    





Min Delay Paths
--------------------------------------------------------------------------------------
Slack (MET) :             0.470ns  (arrival time - required time)
  Source:                 bd_rst/CLEARED_BTN_reg/C
                            (rising edge-triggered cell FDRE clocked by sys_clk_pin  {rise@0.000ns fall@5.000ns period=10.000ns})
  Destination:            chrono/tmp_base/count_reg[1]/CLR
                            (removal check against rising-edge clock sys_clk_pin  {rise@0.000ns fall@5.000ns period=10.000ns})
  Path Group:             **async_default**
  Path Type:              Removal (Min at Fast Process Corner)
  Requirement:            0.000ns  (sys_clk_pin rise@0.000ns - sys_clk_pin rise@0.000ns)
  Data Path Delay:        0.394ns  (logic 0.141ns (35.808%)  route 0.253ns (64.192%))
  Logic Levels:           0  
  Clock Path Skew:        0.016ns (DCD - SCD - CPR)
    Destination Clock Delay (DCD):    2.038ns
    Source Clock Delay      (SCD):    1.521ns
    Clock Pessimism Removal (CPR):    0.500ns

    Location             Delay type                Incr(ns)  Path(ns)    Netlist Resource(s)
  -------------------------------------------------------------------    -------------------
                         (clock sys_clk_pin rise edge)
                                                      0.000     0.000 r  
    E3                                                0.000     0.000 r  clk (IN)
                         net (fo=0)                   0.000     0.000    clk
    E3                   IBUF (Prop_ibuf_I_O)         0.250     0.250 r  clk_IBUF_inst/O
                         net (fo=1, routed)           0.644     0.894    clk_IBUF
    BUFGCTRL_X0Y16       BUFG (Prop_bufg_I_O)         0.026     0.920 r  clk_IBUF_BUFG_inst/O
                         net (fo=122, routed)         0.602     1.521    bd_rst/clk_IBUF_BUFG
    SLICE_X4Y91          FDRE                                         r  bd_rst/CLEARED_BTN_reg/C
  -------------------------------------------------------------------    -------------------
    SLICE_X4Y91          FDRE (Prop_fdre_C_Q)         0.141     1.662 f  bd_rst/CLEARED_BTN_reg/Q
                         net (fo=68, routed)          0.253     1.915    chrono/tmp_base/cleared_rst
    SLICE_X7Y91          FDCE                                         f  chrono/tmp_base/count_reg[1]/CLR
  -------------------------------------------------------------------    -------------------

                         (clock sys_clk_pin rise edge)
                                                      0.000     0.000 r  
    E3                                                0.000     0.000 r  clk (IN)
                         net (fo=0)                   0.000     0.000    clk
    E3                   IBUF (Prop_ibuf_I_O)         0.438     0.438 r  clk_IBUF_inst/O
                         net (fo=1, routed)           0.699     1.136    clk_IBUF
    BUFGCTRL_X0Y16       BUFG (Prop_bufg_I_O)         0.029     1.165 r  clk_IBUF_BUFG_inst/O
                         net (fo=122, routed)         0.873     2.038    chrono/tmp_base/clk_IBUF_BUFG
    SLICE_X7Y91          FDCE                                         r  chrono/tmp_base/count_reg[1]/C
                         clock pessimism             -0.500     1.537    
    SLICE_X7Y91          FDCE (Remov_fdce_C_CLR)     -0.092     1.445    chrono/tmp_base/count_reg[1]
  -------------------------------------------------------------------
                         required time                         -1.445    
                         arrival time                           1.915    
  -------------------------------------------------------------------
                         slack                                  0.470    

Slack (MET) :             0.470ns  (arrival time - required time)
  Source:                 bd_rst/CLEARED_BTN_reg/C
                            (rising edge-triggered cell FDRE clocked by sys_clk_pin  {rise@0.000ns fall@5.000ns period=10.000ns})
  Destination:            chrono/tmp_base/count_reg[2]/CLR
                            (removal check against rising-edge clock sys_clk_pin  {rise@0.000ns fall@5.000ns period=10.000ns})
  Path Group:             **async_default**
  Path Type:              Removal (Min at Fast Process Corner)
  Requirement:            0.000ns  (sys_clk_pin rise@0.000ns - sys_clk_pin rise@0.000ns)
  Data Path Delay:        0.394ns  (logic 0.141ns (35.808%)  route 0.253ns (64.192%))
  Logic Levels:           0  
  Clock Path Skew:        0.016ns (DCD - SCD - CPR)
    Destination Clock Delay (DCD):    2.038ns
    Source Clock Delay      (SCD):    1.521ns
    Clock Pessimism Removal (CPR):    0.500ns

    Location             Delay type                Incr(ns)  Path(ns)    Netlist Resource(s)
  -------------------------------------------------------------------    -------------------
                         (clock sys_clk_pin rise edge)
                                                      0.000     0.000 r  
    E3                                                0.000     0.000 r  clk (IN)
                         net (fo=0)                   0.000     0.000    clk
    E3                   IBUF (Prop_ibuf_I_O)         0.250     0.250 r  clk_IBUF_inst/O
                         net (fo=1, routed)           0.644     0.894    clk_IBUF
    BUFGCTRL_X0Y16       BUFG (Prop_bufg_I_O)         0.026     0.920 r  clk_IBUF_BUFG_inst/O
                         net (fo=122, routed)         0.602     1.521    bd_rst/clk_IBUF_BUFG
    SLICE_X4Y91          FDRE                                         r  bd_rst/CLEARED_BTN_reg/C
  -------------------------------------------------------------------    -------------------
    SLICE_X4Y91          FDRE (Prop_fdre_C_Q)         0.141     1.662 f  bd_rst/CLEARED_BTN_reg/Q
                         net (fo=68, routed)          0.253     1.915    chrono/tmp_base/cleared_rst
    SLICE_X7Y91          FDCE                                         f  chrono/tmp_base/count_reg[2]/CLR
  -------------------------------------------------------------------    -------------------

                         (clock sys_clk_pin rise edge)
                                                      0.000     0.000 r  
    E3                                                0.000     0.000 r  clk (IN)
                         net (fo=0)                   0.000     0.000    clk
    E3                   IBUF (Prop_ibuf_I_O)         0.438     0.438 r  clk_IBUF_inst/O
                         net (fo=1, routed)           0.699     1.136    clk_IBUF
    BUFGCTRL_X0Y16       BUFG (Prop_bufg_I_O)         0.029     1.165 r  clk_IBUF_BUFG_inst/O
                         net (fo=122, routed)         0.873     2.038    chrono/tmp_base/clk_IBUF_BUFG
    SLICE_X7Y91          FDCE                                         r  chrono/tmp_base/count_reg[2]/C
                         clock pessimism             -0.500     1.537    
    SLICE_X7Y91          FDCE (Remov_fdce_C_CLR)     -0.092     1.445    chrono/tmp_base/count_reg[2]
  -------------------------------------------------------------------
                         required time                         -1.445    
                         arrival time                           1.915    
  -------------------------------------------------------------------
                         slack                                  0.470    

Slack (MET) :             0.470ns  (arrival time - required time)
  Source:                 bd_rst/CLEARED_BTN_reg/C
                            (rising edge-triggered cell FDRE clocked by sys_clk_pin  {rise@0.000ns fall@5.000ns period=10.000ns})
  Destination:            chrono/tmp_base/count_reg[3]/CLR
                            (removal check against rising-edge clock sys_clk_pin  {rise@0.000ns fall@5.000ns period=10.000ns})
  Path Group:             **async_default**
  Path Type:              Removal (Min at Fast Process Corner)
  Requirement:            0.000ns  (sys_clk_pin rise@0.000ns - sys_clk_pin rise@0.000ns)
  Data Path Delay:        0.394ns  (logic 0.141ns (35.808%)  route 0.253ns (64.192%))
  Logic Levels:           0  
  Clock Path Skew:        0.016ns (DCD - SCD - CPR)
    Destination Clock Delay (DCD):    2.038ns
    Source Clock Delay      (SCD):    1.521ns
    Clock Pessimism Removal (CPR):    0.500ns

    Location             Delay type                Incr(ns)  Path(ns)    Netlist Resource(s)
  -------------------------------------------------------------------    -------------------
                         (clock sys_clk_pin rise edge)
                                                      0.000     0.000 r  
    E3                                                0.000     0.000 r  clk (IN)
                         net (fo=0)                   0.000     0.000    clk
    E3                   IBUF (Prop_ibuf_I_O)         0.250     0.250 r  clk_IBUF_inst/O
                         net (fo=1, routed)           0.644     0.894    clk_IBUF
    BUFGCTRL_X0Y16       BUFG (Prop_bufg_I_O)         0.026     0.920 r  clk_IBUF_BUFG_inst/O
                         net (fo=122, routed)         0.602     1.521    bd_rst/clk_IBUF_BUFG
    SLICE_X4Y91          FDRE                                         r  bd_rst/CLEARED_BTN_reg/C
  -------------------------------------------------------------------    -------------------
    SLICE_X4Y91          FDRE (Prop_fdre_C_Q)         0.141     1.662 f  bd_rst/CLEARED_BTN_reg/Q
                         net (fo=68, routed)          0.253     1.915    chrono/tmp_base/cleared_rst
    SLICE_X7Y91          FDCE                                         f  chrono/tmp_base/count_reg[3]/CLR
  -------------------------------------------------------------------    -------------------

                         (clock sys_clk_pin rise edge)
                                                      0.000     0.000 r  
    E3                                                0.000     0.000 r  clk (IN)
                         net (fo=0)                   0.000     0.000    clk
    E3                   IBUF (Prop_ibuf_I_O)         0.438     0.438 r  clk_IBUF_inst/O
                         net (fo=1, routed)           0.699     1.136    clk_IBUF
    BUFGCTRL_X0Y16       BUFG (Prop_bufg_I_O)         0.029     1.165 r  clk_IBUF_BUFG_inst/O
                         net (fo=122, routed)         0.873     2.038    chrono/tmp_base/clk_IBUF_BUFG
    SLICE_X7Y91          FDCE                                         r  chrono/tmp_base/count_reg[3]/C
                         clock pessimism             -0.500     1.537    
    SLICE_X7Y91          FDCE (Remov_fdce_C_CLR)     -0.092     1.445    chrono/tmp_base/count_reg[3]
  -------------------------------------------------------------------
                         required time                         -1.445    
                         arrival time                           1.915    
  -------------------------------------------------------------------
                         slack                                  0.470    

Slack (MET) :             0.470ns  (arrival time - required time)
  Source:                 bd_rst/CLEARED_BTN_reg/C
                            (rising edge-triggered cell FDRE clocked by sys_clk_pin  {rise@0.000ns fall@5.000ns period=10.000ns})
  Destination:            chrono/tmp_base/count_reg[4]/CLR
                            (removal check against rising-edge clock sys_clk_pin  {rise@0.000ns fall@5.000ns period=10.000ns})
  Path Group:             **async_default**
  Path Type:              Removal (Min at Fast Process Corner)
  Requirement:            0.000ns  (sys_clk_pin rise@0.000ns - sys_clk_pin rise@0.000ns)
  Data Path Delay:        0.394ns  (logic 0.141ns (35.808%)  route 0.253ns (64.192%))
  Logic Levels:           0  
  Clock Path Skew:        0.016ns (DCD - SCD - CPR)
    Destination Clock Delay (DCD):    2.038ns
    Source Clock Delay      (SCD):    1.521ns
    Clock Pessimism Removal (CPR):    0.500ns

    Location             Delay type                Incr(ns)  Path(ns)    Netlist Resource(s)
  -------------------------------------------------------------------    -------------------
                         (clock sys_clk_pin rise edge)
                                                      0.000     0.000 r  
    E3                                                0.000     0.000 r  clk (IN)
                         net (fo=0)                   0.000     0.000    clk
    E3                   IBUF (Prop_ibuf_I_O)         0.250     0.250 r  clk_IBUF_inst/O
                         net (fo=1, routed)           0.644     0.894    clk_IBUF
    BUFGCTRL_X0Y16       BUFG (Prop_bufg_I_O)         0.026     0.920 r  clk_IBUF_BUFG_inst/O
                         net (fo=122, routed)         0.602     1.521    bd_rst/clk_IBUF_BUFG
    SLICE_X4Y91          FDRE                                         r  bd_rst/CLEARED_BTN_reg/C
  -------------------------------------------------------------------    -------------------
    SLICE_X4Y91          FDRE (Prop_fdre_C_Q)         0.141     1.662 f  bd_rst/CLEARED_BTN_reg/Q
                         net (fo=68, routed)          0.253     1.915    chrono/tmp_base/cleared_rst
    SLICE_X7Y91          FDCE                                         f  chrono/tmp_base/count_reg[4]/CLR
  -------------------------------------------------------------------    -------------------

                         (clock sys_clk_pin rise edge)
                                                      0.000     0.000 r  
    E3                                                0.000     0.000 r  clk (IN)
                         net (fo=0)                   0.000     0.000    clk
    E3                   IBUF (Prop_ibuf_I_O)         0.438     0.438 r  clk_IBUF_inst/O
                         net (fo=1, routed)           0.699     1.136    clk_IBUF
    BUFGCTRL_X0Y16       BUFG (Prop_bufg_I_O)         0.029     1.165 r  clk_IBUF_BUFG_inst/O
                         net (fo=122, routed)         0.873     2.038    chrono/tmp_base/clk_IBUF_BUFG
    SLICE_X7Y91          FDCE                                         r  chrono/tmp_base/count_reg[4]/C
                         clock pessimism             -0.500     1.537    
    SLICE_X7Y91          FDCE (Remov_fdce_C_CLR)     -0.092     1.445    chrono/tmp_base/count_reg[4]
  -------------------------------------------------------------------
                         required time                         -1.445    
                         arrival time                           1.915    
  -------------------------------------------------------------------
                         slack                                  0.470    

Slack (MET) :             0.470ns  (arrival time - required time)
  Source:                 bd_rst/CLEARED_BTN_reg/C
                            (rising edge-triggered cell FDRE clocked by sys_clk_pin  {rise@0.000ns fall@5.000ns period=10.000ns})
  Destination:            chrono/tmp_base/count_reg[6]/CLR
                            (removal check against rising-edge clock sys_clk_pin  {rise@0.000ns fall@5.000ns period=10.000ns})
  Path Group:             **async_default**
  Path Type:              Removal (Min at Fast Process Corner)
  Requirement:            0.000ns  (sys_clk_pin rise@0.000ns - sys_clk_pin rise@0.000ns)
  Data Path Delay:        0.394ns  (logic 0.141ns (35.808%)  route 0.253ns (64.192%))
  Logic Levels:           0  
  Clock Path Skew:        0.016ns (DCD - SCD - CPR)
    Destination Clock Delay (DCD):    2.038ns
    Source Clock Delay      (SCD):    1.521ns
    Clock Pessimism Removal (CPR):    0.500ns

    Location             Delay type                Incr(ns)  Path(ns)    Netlist Resource(s)
  -------------------------------------------------------------------    -------------------
                         (clock sys_clk_pin rise edge)
                                                      0.000     0.000 r  
    E3                                                0.000     0.000 r  clk (IN)
                         net (fo=0)                   0.000     0.000    clk
    E3                   IBUF (Prop_ibuf_I_O)         0.250     0.250 r  clk_IBUF_inst/O
                         net (fo=1, routed)           0.644     0.894    clk_IBUF
    BUFGCTRL_X0Y16       BUFG (Prop_bufg_I_O)         0.026     0.920 r  clk_IBUF_BUFG_inst/O
                         net (fo=122, routed)         0.602     1.521    bd_rst/clk_IBUF_BUFG
    SLICE_X4Y91          FDRE                                         r  bd_rst/CLEARED_BTN_reg/C
  -------------------------------------------------------------------    -------------------
    SLICE_X4Y91          FDRE (Prop_fdre_C_Q)         0.141     1.662 f  bd_rst/CLEARED_BTN_reg/Q
                         net (fo=68, routed)          0.253     1.915    chrono/tmp_base/cleared_rst
    SLICE_X7Y91          FDCE                                         f  chrono/tmp_base/count_reg[6]/CLR
  -------------------------------------------------------------------    -------------------

                         (clock sys_clk_pin rise edge)
                                                      0.000     0.000 r  
    E3                                                0.000     0.000 r  clk (IN)
                         net (fo=0)                   0.000     0.000    clk
    E3                   IBUF (Prop_ibuf_I_O)         0.438     0.438 r  clk_IBUF_inst/O
                         net (fo=1, routed)           0.699     1.136    clk_IBUF
    BUFGCTRL_X0Y16       BUFG (Prop_bufg_I_O)         0.029     1.165 r  clk_IBUF_BUFG_inst/O
                         net (fo=122, routed)         0.873     2.038    chrono/tmp_base/clk_IBUF_BUFG
    SLICE_X7Y91          FDCE                                         r  chrono/tmp_base/count_reg[6]/C
                         clock pessimism             -0.500     1.537    
    SLICE_X7Y91          FDCE (Remov_fdce_C_CLR)     -0.092     1.445    chrono/tmp_base/count_reg[6]
  -------------------------------------------------------------------
                         required time                         -1.445    
                         arrival time                           1.915    
  -------------------------------------------------------------------
                         slack                                  0.470    

Slack (MET) :             0.470ns  (arrival time - required time)
  Source:                 bd_rst/CLEARED_BTN_reg/C
                            (rising edge-triggered cell FDRE clocked by sys_clk_pin  {rise@0.000ns fall@5.000ns period=10.000ns})
  Destination:            chrono/tmp_base/count_reg[8]/CLR
                            (removal check against rising-edge clock sys_clk_pin  {rise@0.000ns fall@5.000ns period=10.000ns})
  Path Group:             **async_default**
  Path Type:              Removal (Min at Fast Process Corner)
  Requirement:            0.000ns  (sys_clk_pin rise@0.000ns - sys_clk_pin rise@0.000ns)
  Data Path Delay:        0.394ns  (logic 0.141ns (35.808%)  route 0.253ns (64.192%))
  Logic Levels:           0  
  Clock Path Skew:        0.016ns (DCD - SCD - CPR)
    Destination Clock Delay (DCD):    2.038ns
    Source Clock Delay      (SCD):    1.521ns
    Clock Pessimism Removal (CPR):    0.500ns

    Location             Delay type                Incr(ns)  Path(ns)    Netlist Resource(s)
  -------------------------------------------------------------------    -------------------
                         (clock sys_clk_pin rise edge)
                                                      0.000     0.000 r  
    E3                                                0.000     0.000 r  clk (IN)
                         net (fo=0)                   0.000     0.000    clk
    E3                   IBUF (Prop_ibuf_I_O)         0.250     0.250 r  clk_IBUF_inst/O
                         net (fo=1, routed)           0.644     0.894    clk_IBUF
    BUFGCTRL_X0Y16       BUFG (Prop_bufg_I_O)         0.026     0.920 r  clk_IBUF_BUFG_inst/O
                         net (fo=122, routed)         0.602     1.521    bd_rst/clk_IBUF_BUFG
    SLICE_X4Y91          FDRE                                         r  bd_rst/CLEARED_BTN_reg/C
  -------------------------------------------------------------------    -------------------
    SLICE_X4Y91          FDRE (Prop_fdre_C_Q)         0.141     1.662 f  bd_rst/CLEARED_BTN_reg/Q
                         net (fo=68, routed)          0.253     1.915    chrono/tmp_base/cleared_rst
    SLICE_X7Y91          FDCE                                         f  chrono/tmp_base/count_reg[8]/CLR
  -------------------------------------------------------------------    -------------------

                         (clock sys_clk_pin rise edge)
                                                      0.000     0.000 r  
    E3                                                0.000     0.000 r  clk (IN)
                         net (fo=0)                   0.000     0.000    clk
    E3                   IBUF (Prop_ibuf_I_O)         0.438     0.438 r  clk_IBUF_inst/O
                         net (fo=1, routed)           0.699     1.136    clk_IBUF
    BUFGCTRL_X0Y16       BUFG (Prop_bufg_I_O)         0.029     1.165 r  clk_IBUF_BUFG_inst/O
                         net (fo=122, routed)         0.873     2.038    chrono/tmp_base/clk_IBUF_BUFG
    SLICE_X7Y91          FDCE                                         r  chrono/tmp_base/count_reg[8]/C
                         clock pessimism             -0.500     1.537    
    SLICE_X7Y91          FDCE (Remov_fdce_C_CLR)     -0.092     1.445    chrono/tmp_base/count_reg[8]
  -------------------------------------------------------------------
                         required time                         -1.445    
                         arrival time                           1.915    
  -------------------------------------------------------------------
                         slack                                  0.470    

Slack (MET) :             0.533ns  (arrival time - required time)
  Source:                 bd_rst/CLEARED_BTN_reg/C
                            (rising edge-triggered cell FDRE clocked by sys_clk_pin  {rise@0.000ns fall@5.000ns period=10.000ns})
  Destination:            chrono/tmp_base/count_reg[10]/CLR
                            (removal check against rising-edge clock sys_clk_pin  {rise@0.000ns fall@5.000ns period=10.000ns})
  Path Group:             **async_default**
  Path Type:              Removal (Min at Fast Process Corner)
  Requirement:            0.000ns  (sys_clk_pin rise@0.000ns - sys_clk_pin rise@0.000ns)
  Data Path Delay:        0.457ns  (logic 0.141ns (30.850%)  route 0.316ns (69.150%))
  Logic Levels:           0  
  Clock Path Skew:        0.016ns (DCD - SCD - CPR)
    Destination Clock Delay (DCD):    2.038ns
    Source Clock Delay      (SCD):    1.521ns
    Clock Pessimism Removal (CPR):    0.500ns

    Location             Delay type                Incr(ns)  Path(ns)    Netlist Resource(s)
  -------------------------------------------------------------------    -------------------
                         (clock sys_clk_pin rise edge)
                                                      0.000     0.000 r  
    E3                                                0.000     0.000 r  clk (IN)
                         net (fo=0)                   0.000     0.000    clk
    E3                   IBUF (Prop_ibuf_I_O)         0.250     0.250 r  clk_IBUF_inst/O
                         net (fo=1, routed)           0.644     0.894    clk_IBUF
    BUFGCTRL_X0Y16       BUFG (Prop_bufg_I_O)         0.026     0.920 r  clk_IBUF_BUFG_inst/O
                         net (fo=122, routed)         0.602     1.521    bd_rst/clk_IBUF_BUFG
    SLICE_X4Y91          FDRE                                         r  bd_rst/CLEARED_BTN_reg/C
  -------------------------------------------------------------------    -------------------
    SLICE_X4Y91          FDRE (Prop_fdre_C_Q)         0.141     1.662 f  bd_rst/CLEARED_BTN_reg/Q
                         net (fo=68, routed)          0.316     1.978    chrono/tmp_base/cleared_rst
    SLICE_X7Y92          FDCE                                         f  chrono/tmp_base/count_reg[10]/CLR
  -------------------------------------------------------------------    -------------------

                         (clock sys_clk_pin rise edge)
                                                      0.000     0.000 r  
    E3                                                0.000     0.000 r  clk (IN)
                         net (fo=0)                   0.000     0.000    clk
    E3                   IBUF (Prop_ibuf_I_O)         0.438     0.438 r  clk_IBUF_inst/O
                         net (fo=1, routed)           0.699     1.136    clk_IBUF
    BUFGCTRL_X0Y16       BUFG (Prop_bufg_I_O)         0.029     1.165 r  clk_IBUF_BUFG_inst/O
                         net (fo=122, routed)         0.873     2.038    chrono/tmp_base/clk_IBUF_BUFG
    SLICE_X7Y92          FDCE                                         r  chrono/tmp_base/count_reg[10]/C
                         clock pessimism             -0.500     1.537    
    SLICE_X7Y92          FDCE (Remov_fdce_C_CLR)     -0.092     1.445    chrono/tmp_base/count_reg[10]
  -------------------------------------------------------------------
                         required time                         -1.445    
                         arrival time                           1.978    
  -------------------------------------------------------------------
                         slack                                  0.533    

Slack (MET) :             0.533ns  (arrival time - required time)
  Source:                 bd_rst/CLEARED_BTN_reg/C
                            (rising edge-triggered cell FDRE clocked by sys_clk_pin  {rise@0.000ns fall@5.000ns period=10.000ns})
  Destination:            chrono/tmp_base/count_reg[12]/CLR
                            (removal check against rising-edge clock sys_clk_pin  {rise@0.000ns fall@5.000ns period=10.000ns})
  Path Group:             **async_default**
  Path Type:              Removal (Min at Fast Process Corner)
  Requirement:            0.000ns  (sys_clk_pin rise@0.000ns - sys_clk_pin rise@0.000ns)
  Data Path Delay:        0.457ns  (logic 0.141ns (30.850%)  route 0.316ns (69.150%))
  Logic Levels:           0  
  Clock Path Skew:        0.016ns (DCD - SCD - CPR)
    Destination Clock Delay (DCD):    2.038ns
    Source Clock Delay      (SCD):    1.521ns
    Clock Pessimism Removal (CPR):    0.500ns

    Location             Delay type                Incr(ns)  Path(ns)    Netlist Resource(s)
  -------------------------------------------------------------------    -------------------
                         (clock sys_clk_pin rise edge)
                                                      0.000     0.000 r  
    E3                                                0.000     0.000 r  clk (IN)
                         net (fo=0)                   0.000     0.000    clk
    E3                   IBUF (Prop_ibuf_I_O)         0.250     0.250 r  clk_IBUF_inst/O
                         net (fo=1, routed)           0.644     0.894    clk_IBUF
    BUFGCTRL_X0Y16       BUFG (Prop_bufg_I_O)         0.026     0.920 r  clk_IBUF_BUFG_inst/O
                         net (fo=122, routed)         0.602     1.521    bd_rst/clk_IBUF_BUFG
    SLICE_X4Y91          FDRE                                         r  bd_rst/CLEARED_BTN_reg/C
  -------------------------------------------------------------------    -------------------
    SLICE_X4Y91          FDRE (Prop_fdre_C_Q)         0.141     1.662 f  bd_rst/CLEARED_BTN_reg/Q
                         net (fo=68, routed)          0.316     1.978    chrono/tmp_base/cleared_rst
    SLICE_X7Y92          FDCE                                         f  chrono/tmp_base/count_reg[12]/CLR
  -------------------------------------------------------------------    -------------------

                         (clock sys_clk_pin rise edge)
                                                      0.000     0.000 r  
    E3                                                0.000     0.000 r  clk (IN)
                         net (fo=0)                   0.000     0.000    clk
    E3                   IBUF (Prop_ibuf_I_O)         0.438     0.438 r  clk_IBUF_inst/O
                         net (fo=1, routed)           0.699     1.136    clk_IBUF
    BUFGCTRL_X0Y16       BUFG (Prop_bufg_I_O)         0.029     1.165 r  clk_IBUF_BUFG_inst/O
                         net (fo=122, routed)         0.873     2.038    chrono/tmp_base/clk_IBUF_BUFG
    SLICE_X7Y92          FDCE                                         r  chrono/tmp_base/count_reg[12]/C
                         clock pessimism             -0.500     1.537    
    SLICE_X7Y92          FDCE (Remov_fdce_C_CLR)     -0.092     1.445    chrono/tmp_base/count_reg[12]
  -------------------------------------------------------------------
                         required time                         -1.445    
                         arrival time                           1.978    
  -------------------------------------------------------------------
                         slack                                  0.533    

Slack (MET) :             0.533ns  (arrival time - required time)
  Source:                 bd_rst/CLEARED_BTN_reg/C
                            (rising edge-triggered cell FDRE clocked by sys_clk_pin  {rise@0.000ns fall@5.000ns period=10.000ns})
  Destination:            chrono/tmp_base/count_reg[5]/CLR
                            (removal check against rising-edge clock sys_clk_pin  {rise@0.000ns fall@5.000ns period=10.000ns})
  Path Group:             **async_default**
  Path Type:              Removal (Min at Fast Process Corner)
  Requirement:            0.000ns  (sys_clk_pin rise@0.000ns - sys_clk_pin rise@0.000ns)
  Data Path Delay:        0.457ns  (logic 0.141ns (30.850%)  route 0.316ns (69.150%))
  Logic Levels:           0  
  Clock Path Skew:        0.016ns (DCD - SCD - CPR)
    Destination Clock Delay (DCD):    2.038ns
    Source Clock Delay      (SCD):    1.521ns
    Clock Pessimism Removal (CPR):    0.500ns

    Location             Delay type                Incr(ns)  Path(ns)    Netlist Resource(s)
  -------------------------------------------------------------------    -------------------
                         (clock sys_clk_pin rise edge)
                                                      0.000     0.000 r  
    E3                                                0.000     0.000 r  clk (IN)
                         net (fo=0)                   0.000     0.000    clk
    E3                   IBUF (Prop_ibuf_I_O)         0.250     0.250 r  clk_IBUF_inst/O
                         net (fo=1, routed)           0.644     0.894    clk_IBUF
    BUFGCTRL_X0Y16       BUFG (Prop_bufg_I_O)         0.026     0.920 r  clk_IBUF_BUFG_inst/O
                         net (fo=122, routed)         0.602     1.521    bd_rst/clk_IBUF_BUFG
    SLICE_X4Y91          FDRE                                         r  bd_rst/CLEARED_BTN_reg/C
  -------------------------------------------------------------------    -------------------
    SLICE_X4Y91          FDRE (Prop_fdre_C_Q)         0.141     1.662 f  bd_rst/CLEARED_BTN_reg/Q
                         net (fo=68, routed)          0.316     1.978    chrono/tmp_base/cleared_rst
    SLICE_X7Y92          FDCE                                         f  chrono/tmp_base/count_reg[5]/CLR
  -------------------------------------------------------------------    -------------------

                         (clock sys_clk_pin rise edge)
                                                      0.000     0.000 r  
    E3                                                0.000     0.000 r  clk (IN)
                         net (fo=0)                   0.000     0.000    clk
    E3                   IBUF (Prop_ibuf_I_O)         0.438     0.438 r  clk_IBUF_inst/O
                         net (fo=1, routed)           0.699     1.136    clk_IBUF
    BUFGCTRL_X0Y16       BUFG (Prop_bufg_I_O)         0.029     1.165 r  clk_IBUF_BUFG_inst/O
                         net (fo=122, routed)         0.873     2.038    chrono/tmp_base/clk_IBUF_BUFG
    SLICE_X7Y92          FDCE                                         r  chrono/tmp_base/count_reg[5]/C
                         clock pessimism             -0.500     1.537    
    SLICE_X7Y92          FDCE (Remov_fdce_C_CLR)     -0.092     1.445    chrono/tmp_base/count_reg[5]
  -------------------------------------------------------------------
                         required time                         -1.445    
                         arrival time                           1.978    
  -------------------------------------------------------------------
                         slack                                  0.533    

Slack (MET) :             0.533ns  (arrival time - required time)
  Source:                 bd_rst/CLEARED_BTN_reg/C
                            (rising edge-triggered cell FDRE clocked by sys_clk_pin  {rise@0.000ns fall@5.000ns period=10.000ns})
  Destination:            chrono/tmp_base/count_reg[7]/CLR
                            (removal check against rising-edge clock sys_clk_pin  {rise@0.000ns fall@5.000ns period=10.000ns})
  Path Group:             **async_default**
  Path Type:              Removal (Min at Fast Process Corner)
  Requirement:            0.000ns  (sys_clk_pin rise@0.000ns - sys_clk_pin rise@0.000ns)
  Data Path Delay:        0.457ns  (logic 0.141ns (30.850%)  route 0.316ns (69.150%))
  Logic Levels:           0  
  Clock Path Skew:        0.016ns (DCD - SCD - CPR)
    Destination Clock Delay (DCD):    2.038ns
    Source Clock Delay      (SCD):    1.521ns
    Clock Pessimism Removal (CPR):    0.500ns

    Location             Delay type                Incr(ns)  Path(ns)    Netlist Resource(s)
  -------------------------------------------------------------------    -------------------
                         (clock sys_clk_pin rise edge)
                                                      0.000     0.000 r  
    E3                                                0.000     0.000 r  clk (IN)
                         net (fo=0)                   0.000     0.000    clk
    E3                   IBUF (Prop_ibuf_I_O)         0.250     0.250 r  clk_IBUF_inst/O
                         net (fo=1, routed)           0.644     0.894    clk_IBUF
    BUFGCTRL_X0Y16       BUFG (Prop_bufg_I_O)         0.026     0.920 r  clk_IBUF_BUFG_inst/O
                         net (fo=122, routed)         0.602     1.521    bd_rst/clk_IBUF_BUFG
    SLICE_X4Y91          FDRE                                         r  bd_rst/CLEARED_BTN_reg/C
  -------------------------------------------------------------------    -------------------
    SLICE_X4Y91          FDRE (Prop_fdre_C_Q)         0.141     1.662 f  bd_rst/CLEARED_BTN_reg/Q
                         net (fo=68, routed)          0.316     1.978    chrono/tmp_base/cleared_rst
    SLICE_X7Y92          FDCE                                         f  chrono/tmp_base/count_reg[7]/CLR
  -------------------------------------------------------------------    -------------------

                         (clock sys_clk_pin rise edge)
                                                      0.000     0.000 r  
    E3                                                0.000     0.000 r  clk (IN)
                         net (fo=0)                   0.000     0.000    clk
    E3                   IBUF (Prop_ibuf_I_O)         0.438     0.438 r  clk_IBUF_inst/O
                         net (fo=1, routed)           0.699     1.136    clk_IBUF
    BUFGCTRL_X0Y16       BUFG (Prop_bufg_I_O)         0.029     1.165 r  clk_IBUF_BUFG_inst/O
                         net (fo=122, routed)         0.873     2.038    chrono/tmp_base/clk_IBUF_BUFG
    SLICE_X7Y92          FDCE                                         r  chrono/tmp_base/count_reg[7]/C
                         clock pessimism             -0.500     1.537    
    SLICE_X7Y92          FDCE (Remov_fdce_C_CLR)     -0.092     1.445    chrono/tmp_base/count_reg[7]
  -------------------------------------------------------------------
                         required time                         -1.445    
                         arrival time                           1.978    
  -------------------------------------------------------------------
                         slack                                  0.533    





--------------------------------------------------------------------------------------
Path Group:  (none)
From Clock:  
  To Clock:  

Max Delay            17 Endpoints
Min Delay            17 Endpoints
--------------------------------------------------------------------------------------


Max Delay Paths
--------------------------------------------------------------------------------------
Slack:                    inf
  Source:                 start
                            (input port)
  Destination:            chrono/hh_cnt/ff4/curr_counter_reg/D
  Path Group:             (none)
  Path Type:              Max at Slow Process Corner
  Data Path Delay:        7.471ns  (logic 2.252ns (30.146%)  route 5.219ns (69.854%))
  Logic Levels:           5  (IBUF=1 LUT4=1 LUT6=3)

    Location             Delay type                Incr(ns)  Path(ns)    Netlist Resource(s)
  -------------------------------------------------------------------    -------------------
    V10                                               0.000     0.000 r  start (IN)
                         net (fo=0)                   0.000     0.000    start
    V10                  IBUF (Prop_ibuf_I_O)         1.524     1.524 r  start_IBUF_inst/O
                         net (fo=27, routed)          2.366     3.890    chrono/ss_cnt/ff0/start_IBUF
    SLICE_X4Y99          LUT4 (Prop_lut4_I2_O)        0.153     4.043 r  chrono/ss_cnt/ff0/curr_counter_i_2__8/O
                         net (fo=6, routed)           0.862     4.905    chrono/ss_cnt/ff2/curr_counter_reg_4
    SLICE_X5Y98          LUT6 (Prop_lut6_I3_O)        0.327     5.232 r  chrono/ss_cnt/ff2/curr_counter_i_2__6/O
                         net (fo=7, routed)           0.866     6.099    chrono/mm_cnt/ff2/curr_counter_reg_6
    SLICE_X2Y97          LUT6 (Prop_lut6_I3_O)        0.124     6.223 r  chrono/mm_cnt/ff2/curr_counter_i_2__3/O
                         net (fo=3, routed)           1.124     7.347    chrono/hh_cnt/ff2/curr_counter_reg_3
    SLICE_X3Y100         LUT6 (Prop_lut6_I4_O)        0.124     7.471 r  chrono/hh_cnt/ff2/curr_counter_i_1__12/O
                         net (fo=1, routed)           0.000     7.471    chrono/hh_cnt/ff4/curr_counter_reg_2
    SLICE_X3Y100         FDRE                                         r  chrono/hh_cnt/ff4/curr_counter_reg/D
  -------------------------------------------------------------------    -------------------

Slack:                    inf
  Source:                 start
                            (input port)
  Destination:            chrono/mm_cnt/ff4/curr_counter_reg/D
  Path Group:             (none)
  Path Type:              Max at Slow Process Corner
  Data Path Delay:        7.294ns  (logic 2.252ns (30.878%)  route 5.042ns (69.122%))
  Logic Levels:           5  (IBUF=1 LUT4=1 LUT5=1 LUT6=2)

    Location             Delay type                Incr(ns)  Path(ns)    Netlist Resource(s)
  -------------------------------------------------------------------    -------------------
    V10                                               0.000     0.000 r  start (IN)
                         net (fo=0)                   0.000     0.000    start
    V10                  IBUF (Prop_ibuf_I_O)         1.524     1.524 r  start_IBUF_inst/O
                         net (fo=27, routed)          2.366     3.890    chrono/ss_cnt/ff0/start_IBUF
    SLICE_X4Y99          LUT4 (Prop_lut4_I2_O)        0.153     4.043 r  chrono/ss_cnt/ff0/curr_counter_i_2__8/O
                         net (fo=6, routed)           0.862     4.905    chrono/ss_cnt/ff2/curr_counter_reg_4
    SLICE_X5Y98          LUT6 (Prop_lut6_I3_O)        0.327     5.232 r  chrono/ss_cnt/ff2/curr_counter_i_2__6/O
                         net (fo=7, routed)           1.146     6.379    chrono/mm_cnt/ff2/curr_counter_reg_6
    SLICE_X4Y97          LUT6 (Prop_lut6_I4_O)        0.124     6.503 r  chrono/mm_cnt/ff2/curr_counter_i_2__2/O
                         net (fo=1, routed)           0.667     7.170    chrono/mm_cnt/ff5/curr_counter_reg_7
    SLICE_X4Y97          LUT5 (Prop_lut5_I3_O)        0.124     7.294 r  chrono/mm_cnt/ff5/curr_counter_i_1__9/O
                         net (fo=1, routed)           0.000     7.294    chrono/mm_cnt/ff4/curr_counter_reg_2
    SLICE_X4Y97          FDRE                                         r  chrono/mm_cnt/ff4/curr_counter_reg/D
  -------------------------------------------------------------------    -------------------

Slack:                    inf
  Source:                 start
                            (input port)
  Destination:            chrono/hh_cnt/ff3/curr_counter_reg/D
  Path Group:             (none)
  Path Type:              Max at Slow Process Corner
  Data Path Delay:        7.279ns  (logic 2.252ns (30.939%)  route 5.027ns (69.061%))
  Logic Levels:           5  (IBUF=1 LUT4=1 LUT6=3)

    Location             Delay type                Incr(ns)  Path(ns)    Netlist Resource(s)
  -------------------------------------------------------------------    -------------------
    V10                                               0.000     0.000 r  start (IN)
                         net (fo=0)                   0.000     0.000    start
    V10                  IBUF (Prop_ibuf_I_O)         1.524     1.524 r  start_IBUF_inst/O
                         net (fo=27, routed)          2.366     3.890    chrono/ss_cnt/ff0/start_IBUF
    SLICE_X4Y99          LUT4 (Prop_lut4_I2_O)        0.153     4.043 r  chrono/ss_cnt/ff0/curr_counter_i_2__8/O
                         net (fo=6, routed)           0.862     4.905    chrono/ss_cnt/ff2/curr_counter_reg_4
    SLICE_X5Y98          LUT6 (Prop_lut6_I3_O)        0.327     5.232 r  chrono/ss_cnt/ff2/curr_counter_i_2__6/O
                         net (fo=7, routed)           0.866     6.099    chrono/mm_cnt/ff2/curr_counter_reg_6
    SLICE_X2Y97          LUT6 (Prop_lut6_I3_O)        0.124     6.223 r  chrono/mm_cnt/ff2/curr_counter_i_2__3/O
                         net (fo=3, routed)           0.933     7.155    chrono/hh_cnt/ff2/curr_counter_reg_3
    SLICE_X3Y100         LUT6 (Prop_lut6_I4_O)        0.124     7.279 r  chrono/hh_cnt/ff2/curr_counter_i_1__11/O
                         net (fo=1, routed)           0.000     7.279    chrono/hh_cnt/ff3/curr_counter_reg_1
    SLICE_X3Y100         FDRE                                         r  chrono/hh_cnt/ff3/curr_counter_reg/D
  -------------------------------------------------------------------    -------------------

Slack:                    inf
  Source:                 start
                            (input port)
  Destination:            chrono/mm_cnt/ff3/curr_counter_reg/D
  Path Group:             (none)
  Path Type:              Max at Slow Process Corner
  Data Path Delay:        7.053ns  (logic 2.252ns (31.932%)  route 4.801ns (68.068%))
  Logic Levels:           5  (IBUF=1 LUT4=1 LUT6=3)

    Location             Delay type                Incr(ns)  Path(ns)    Netlist Resource(s)
  -------------------------------------------------------------------    -------------------
    V10                                               0.000     0.000 r  start (IN)
                         net (fo=0)                   0.000     0.000    start
    V10                  IBUF (Prop_ibuf_I_O)         1.524     1.524 r  start_IBUF_inst/O
                         net (fo=27, routed)          2.366     3.890    chrono/ss_cnt/ff0/start_IBUF
    SLICE_X4Y99          LUT4 (Prop_lut4_I2_O)        0.153     4.043 r  chrono/ss_cnt/ff0/curr_counter_i_2__8/O
                         net (fo=6, routed)           0.862     4.905    chrono/ss_cnt/ff2/curr_counter_reg_4
    SLICE_X5Y98          LUT6 (Prop_lut6_I3_O)        0.327     5.232 r  chrono/ss_cnt/ff2/curr_counter_i_2__6/O
                         net (fo=7, routed)           1.019     6.252    chrono/mm_cnt/ff5/curr_counter_reg_4
    SLICE_X3Y96          LUT6 (Prop_lut6_I1_O)        0.124     6.376 r  chrono/mm_cnt/ff5/curr_counter_i_2__4/O
                         net (fo=6, routed)           0.553     6.929    chrono/mm_cnt/ff2/curr_counter_reg_8
    SLICE_X2Y96          LUT6 (Prop_lut6_I4_O)        0.124     7.053 r  chrono/mm_cnt/ff2/curr_counter_i_1__8/O
                         net (fo=1, routed)           0.000     7.053    chrono/mm_cnt/ff3/curr_counter_reg_1
    SLICE_X2Y96          FDRE                                         r  chrono/mm_cnt/ff3/curr_counter_reg/D
  -------------------------------------------------------------------    -------------------

Slack:                    inf
  Source:                 start
                            (input port)
  Destination:            chrono/mm_cnt/ff2/curr_counter_reg/D
  Path Group:             (none)
  Path Type:              Max at Slow Process Corner
  Data Path Delay:        7.051ns  (logic 2.252ns (31.941%)  route 4.799ns (68.059%))
  Logic Levels:           5  (IBUF=1 LUT4=1 LUT5=1 LUT6=2)

    Location             Delay type                Incr(ns)  Path(ns)    Netlist Resource(s)
  -------------------------------------------------------------------    -------------------
    V10                                               0.000     0.000 r  start (IN)
                         net (fo=0)                   0.000     0.000    start
    V10                  IBUF (Prop_ibuf_I_O)         1.524     1.524 r  start_IBUF_inst/O
                         net (fo=27, routed)          2.366     3.890    chrono/ss_cnt/ff0/start_IBUF
    SLICE_X4Y99          LUT4 (Prop_lut4_I2_O)        0.153     4.043 r  chrono/ss_cnt/ff0/curr_counter_i_2__8/O
                         net (fo=6, routed)           0.862     4.905    chrono/ss_cnt/ff2/curr_counter_reg_4
    SLICE_X5Y98          LUT6 (Prop_lut6_I3_O)        0.327     5.232 r  chrono/ss_cnt/ff2/curr_counter_i_2__6/O
                         net (fo=7, routed)           1.019     6.252    chrono/mm_cnt/ff5/curr_counter_reg_4
    SLICE_X3Y96          LUT6 (Prop_lut6_I1_O)        0.124     6.376 r  chrono/mm_cnt/ff5/curr_counter_i_2__4/O
                         net (fo=6, routed)           0.551     6.927    chrono/mm_cnt/ff5/curr_counter_reg_0
    SLICE_X2Y96          LUT5 (Prop_lut5_I3_O)        0.124     7.051 r  chrono/mm_cnt/ff5/curr_counter_i_1__7/O
                         net (fo=1, routed)           0.000     7.051    chrono/mm_cnt/ff2/curr_counter_reg_4
    SLICE_X2Y96          FDRE                                         r  chrono/mm_cnt/ff2/curr_counter_reg/D
  -------------------------------------------------------------------    -------------------

Slack:                    inf
  Source:                 start
                            (input port)
  Destination:            chrono/hh_cnt/ff2/curr_counter_reg/D
  Path Group:             (none)
  Path Type:              Max at Slow Process Corner
  Data Path Delay:        7.009ns  (logic 2.252ns (32.131%)  route 4.757ns (67.869%))
  Logic Levels:           5  (IBUF=1 LUT4=2 LUT6=2)

    Location             Delay type                Incr(ns)  Path(ns)    Netlist Resource(s)
  -------------------------------------------------------------------    -------------------
    V10                                               0.000     0.000 r  start (IN)
                         net (fo=0)                   0.000     0.000    start
    V10                  IBUF (Prop_ibuf_I_O)         1.524     1.524 r  start_IBUF_inst/O
                         net (fo=27, routed)          2.366     3.890    chrono/ss_cnt/ff0/start_IBUF
    SLICE_X4Y99          LUT4 (Prop_lut4_I2_O)        0.153     4.043 r  chrono/ss_cnt/ff0/curr_counter_i_2__8/O
                         net (fo=6, routed)           0.862     4.905    chrono/ss_cnt/ff2/curr_counter_reg_4
    SLICE_X5Y98          LUT6 (Prop_lut6_I3_O)        0.327     5.232 r  chrono/ss_cnt/ff2/curr_counter_i_2__6/O
                         net (fo=7, routed)           0.866     6.099    chrono/mm_cnt/ff2/curr_counter_reg_6
    SLICE_X2Y97          LUT6 (Prop_lut6_I3_O)        0.124     6.223 r  chrono/mm_cnt/ff2/curr_counter_i_2__3/O
                         net (fo=3, routed)           0.663     6.885    chrono/hh_cnt/ff2/curr_counter_reg_3
    SLICE_X2Y100         LUT4 (Prop_lut4_I2_O)        0.124     7.009 r  chrono/hh_cnt/ff2/curr_counter_i_1__13/O
                         net (fo=1, routed)           0.000     7.009    chrono/hh_cnt/ff2/curr_counter_i_1__13_n_0
    SLICE_X2Y100         FDRE                                         r  chrono/hh_cnt/ff2/curr_counter_reg/D
  -------------------------------------------------------------------    -------------------

Slack:                    inf
  Source:                 start
                            (input port)
  Destination:            chrono/mm_cnt/ff5/curr_counter_reg/D
  Path Group:             (none)
  Path Type:              Max at Slow Process Corner
  Data Path Delay:        6.976ns  (logic 2.252ns (32.284%)  route 4.724ns (67.716%))
  Logic Levels:           5  (IBUF=1 LUT4=1 LUT5=1 LUT6=2)

    Location             Delay type                Incr(ns)  Path(ns)    Netlist Resource(s)
  -------------------------------------------------------------------    -------------------
    V10                                               0.000     0.000 f  start (IN)
                         net (fo=0)                   0.000     0.000    start
    V10                  IBUF (Prop_ibuf_I_O)         1.524     1.524 f  start_IBUF_inst/O
                         net (fo=27, routed)          2.366     3.890    chrono/ss_cnt/ff0/start_IBUF
    SLICE_X4Y99          LUT4 (Prop_lut4_I2_O)        0.153     4.043 f  chrono/ss_cnt/ff0/curr_counter_i_2__8/O
                         net (fo=6, routed)           0.862     4.905    chrono/ss_cnt/ff2/curr_counter_reg_4
    SLICE_X5Y98          LUT6 (Prop_lut6_I3_O)        0.327     5.232 f  chrono/ss_cnt/ff2/curr_counter_i_2__6/O
                         net (fo=7, routed)           1.019     6.252    chrono/mm_cnt/ff5/curr_counter_reg_4
    SLICE_X3Y96          LUT6 (Prop_lut6_I1_O)        0.124     6.376 f  chrono/mm_cnt/ff5/curr_counter_i_2__4/O
                         net (fo=6, routed)           0.476     6.852    chrono/mm_cnt/ff5/curr_counter_reg_0
    SLICE_X4Y97          LUT5 (Prop_lut5_I2_O)        0.124     6.976 r  chrono/mm_cnt/ff5/curr_counter_i_1__10/O
                         net (fo=1, routed)           0.000     6.976    chrono/mm_cnt/ff5/curr_counter_i_1__10_n_0
    SLICE_X4Y97          FDRE                                         r  chrono/mm_cnt/ff5/curr_counter_reg/D
  -------------------------------------------------------------------    -------------------

Slack:                    inf
  Source:                 start
                            (input port)
  Destination:            chrono/mm_cnt/ff0/curr_counter_reg/D
  Path Group:             (none)
  Path Type:              Max at Slow Process Corner
  Data Path Delay:        6.947ns  (logic 2.252ns (32.419%)  route 4.695ns (67.581%))
  Logic Levels:           5  (IBUF=1 LUT4=1 LUT5=1 LUT6=2)

    Location             Delay type                Incr(ns)  Path(ns)    Netlist Resource(s)
  -------------------------------------------------------------------    -------------------
    V10                                               0.000     0.000 r  start (IN)
                         net (fo=0)                   0.000     0.000    start
    V10                  IBUF (Prop_ibuf_I_O)         1.524     1.524 r  start_IBUF_inst/O
                         net (fo=27, routed)          2.366     3.890    chrono/ss_cnt/ff0/start_IBUF
    SLICE_X4Y99          LUT4 (Prop_lut4_I2_O)        0.153     4.043 r  chrono/ss_cnt/ff0/curr_counter_i_2__8/O
                         net (fo=6, routed)           0.862     4.905    chrono/ss_cnt/ff2/curr_counter_reg_4
    SLICE_X5Y98          LUT6 (Prop_lut6_I3_O)        0.327     5.232 r  chrono/ss_cnt/ff2/curr_counter_i_2__6/O
                         net (fo=7, routed)           1.019     6.252    chrono/mm_cnt/ff5/curr_counter_reg_4
    SLICE_X3Y96          LUT6 (Prop_lut6_I1_O)        0.124     6.376 r  chrono/mm_cnt/ff5/curr_counter_i_2__4/O
                         net (fo=6, routed)           0.447     6.823    chrono/mm_cnt/ff5/curr_counter_reg_0
    SLICE_X3Y97          LUT5 (Prop_lut5_I2_O)        0.124     6.947 r  chrono/mm_cnt/ff5/curr_counter_i_1__5/O
                         net (fo=1, routed)           0.000     6.947    chrono/mm_cnt/ff0/curr_counter_reg_2
    SLICE_X3Y97          FDRE                                         r  chrono/mm_cnt/ff0/curr_counter_reg/D
  -------------------------------------------------------------------    -------------------

Slack:                    inf
  Source:                 start
                            (input port)
  Destination:            chrono/mm_cnt/ff1/curr_counter_reg/D
  Path Group:             (none)
  Path Type:              Max at Slow Process Corner
  Data Path Delay:        6.943ns  (logic 2.252ns (32.437%)  route 4.691ns (67.563%))
  Logic Levels:           5  (IBUF=1 LUT4=1 LUT6=3)

    Location             Delay type                Incr(ns)  Path(ns)    Netlist Resource(s)
  -------------------------------------------------------------------    -------------------
    V10                                               0.000     0.000 r  start (IN)
                         net (fo=0)                   0.000     0.000    start
    V10                  IBUF (Prop_ibuf_I_O)         1.524     1.524 r  start_IBUF_inst/O
                         net (fo=27, routed)          2.366     3.890    chrono/ss_cnt/ff0/start_IBUF
    SLICE_X4Y99          LUT4 (Prop_lut4_I2_O)        0.153     4.043 r  chrono/ss_cnt/ff0/curr_counter_i_2__8/O
                         net (fo=6, routed)           0.862     4.905    chrono/ss_cnt/ff2/curr_counter_reg_4
    SLICE_X5Y98          LUT6 (Prop_lut6_I3_O)        0.327     5.232 r  chrono/ss_cnt/ff2/curr_counter_i_2__6/O
                         net (fo=7, routed)           1.019     6.252    chrono/mm_cnt/ff5/curr_counter_reg_4
    SLICE_X3Y96          LUT6 (Prop_lut6_I1_O)        0.124     6.376 r  chrono/mm_cnt/ff5/curr_counter_i_2__4/O
                         net (fo=6, routed)           0.443     6.819    chrono/mm_cnt/ff0/curr_counter_reg_3
    SLICE_X3Y97          LUT6 (Prop_lut6_I4_O)        0.124     6.943 r  chrono/mm_cnt/ff0/curr_counter_i_1__6/O
                         net (fo=1, routed)           0.000     6.943    chrono/mm_cnt/ff1/curr_counter_reg_1
    SLICE_X3Y97          FDRE                                         r  chrono/mm_cnt/ff1/curr_counter_reg/D
  -------------------------------------------------------------------    -------------------

Slack:                    inf
  Source:                 ss_load
                            (input port)
  Destination:            chrono/ss_cnt/ff3/curr_counter_reg/D
  Path Group:             (none)
  Path Type:              Max at Slow Process Corner
  Data Path Delay:        6.646ns  (logic 1.715ns (25.800%)  route 4.931ns (74.200%))
  Logic Levels:           3  (IBUF=1 LUT6=2)

    Location             Delay type                Incr(ns)  Path(ns)    Netlist Resource(s)
  -------------------------------------------------------------------    -------------------
    H6                                                0.000     0.000 r  ss_load (IN)
                         net (fo=0)                   0.000     0.000    ss_load
    H6                   IBUF (Prop_ibuf_I_O)         1.467     1.467 r  ss_load_IBUF_inst/O
                         net (fo=19, routed)          4.028     5.494    chrono/ss_cnt/ff0/ss_load_IBUF
    SLICE_X4Y98          LUT6 (Prop_lut6_I0_O)        0.124     5.618 r  chrono/ss_cnt/ff0/curr_counter_i_2__7/O
                         net (fo=6, routed)           0.903     6.522    chrono/ss_cnt/ff0/curr_counter_reg_1
    SLICE_X5Y98          LUT6 (Prop_lut6_I4_O)        0.124     6.646 r  chrono/ss_cnt/ff0/curr_counter_i_1__2/O
                         net (fo=1, routed)           0.000     6.646    chrono/ss_cnt/ff3/curr_counter_reg_1
    SLICE_X5Y98          FDRE                                         r  chrono/ss_cnt/ff3/curr_counter_reg/D
  -------------------------------------------------------------------    -------------------





Min Delay Paths
--------------------------------------------------------------------------------------
Slack:                    inf
  Source:                 chrono/hh_cnt/ff2/curr_counter_reg/C
                            (rising edge-triggered cell FDRE)
  Destination:            chrono/hh_cnt/ff3/curr_counter_reg/D
  Path Group:             (none)
  Path Type:              Min at Fast Process Corner
  Data Path Delay:        0.309ns  (logic 0.212ns (68.687%)  route 0.097ns (31.313%))
  Logic Levels:           2  (FDRE=1 LUT6=1)

    Location             Delay type                Incr(ns)  Path(ns)    Netlist Resource(s)
  -------------------------------------------------------------------    -------------------
    SLICE_X2Y100         FDRE                         0.000     0.000 r  chrono/hh_cnt/ff2/curr_counter_reg/C
    SLICE_X2Y100         FDRE (Prop_fdre_C_Q)         0.167     0.167 r  chrono/hh_cnt/ff2/curr_counter_reg/Q
                         net (fo=7, routed)           0.097     0.264    chrono/hh_cnt/ff2/hh_temp[0]
    SLICE_X3Y100         LUT6 (Prop_lut6_I1_O)        0.045     0.309 r  chrono/hh_cnt/ff2/curr_counter_i_1__11/O
                         net (fo=1, routed)           0.000     0.309    chrono/hh_cnt/ff3/curr_counter_reg_1
    SLICE_X3Y100         FDRE                                         r  chrono/hh_cnt/ff3/curr_counter_reg/D
  -------------------------------------------------------------------    -------------------

Slack:                    inf
  Source:                 chrono/hh_cnt/ff2/curr_counter_reg/C
                            (rising edge-triggered cell FDRE)
  Destination:            chrono/hh_cnt/ff4/curr_counter_reg/D
  Path Group:             (none)
  Path Type:              Min at Fast Process Corner
  Data Path Delay:        0.310ns  (logic 0.212ns (68.466%)  route 0.098ns (31.534%))
  Logic Levels:           2  (FDRE=1 LUT6=1)

    Location             Delay type                Incr(ns)  Path(ns)    Netlist Resource(s)
  -------------------------------------------------------------------    -------------------
    SLICE_X2Y100         FDRE                         0.000     0.000 r  chrono/hh_cnt/ff2/curr_counter_reg/C
    SLICE_X2Y100         FDRE (Prop_fdre_C_Q)         0.167     0.167 r  chrono/hh_cnt/ff2/curr_counter_reg/Q
                         net (fo=7, routed)           0.098     0.265    chrono/hh_cnt/ff2/hh_temp[0]
    SLICE_X3Y100         LUT6 (Prop_lut6_I1_O)        0.045     0.310 r  chrono/hh_cnt/ff2/curr_counter_i_1__12/O
                         net (fo=1, routed)           0.000     0.310    chrono/hh_cnt/ff4/curr_counter_reg_2
    SLICE_X3Y100         FDRE                                         r  chrono/hh_cnt/ff4/curr_counter_reg/D
  -------------------------------------------------------------------    -------------------

Slack:                    inf
  Source:                 chrono/ss_cnt/ff5/curr_counter_reg/C
                            (rising edge-triggered cell FDRE)
  Destination:            chrono/ss_cnt/ff5/curr_counter_reg/D
  Path Group:             (none)
  Path Type:              Min at Fast Process Corner
  Data Path Delay:        0.359ns  (logic 0.191ns (53.168%)  route 0.168ns (46.832%))
  Logic Levels:           2  (FDRE=1 LUT5=1)

    Location             Delay type                Incr(ns)  Path(ns)    Netlist Resource(s)
  -------------------------------------------------------------------    -------------------
    SLICE_X5Y97          FDRE                         0.000     0.000 r  chrono/ss_cnt/ff5/curr_counter_reg/C
    SLICE_X5Y97          FDRE (Prop_fdre_C_Q)         0.146     0.146 r  chrono/ss_cnt/ff5/curr_counter_reg/Q
                         net (fo=10, routed)          0.168     0.314    chrono/ss_cnt/ff0/ss_temp[4]
    SLICE_X5Y97          LUT5 (Prop_lut5_I4_O)        0.045     0.359 r  chrono/ss_cnt/ff0/curr_counter_i_1__4/O
                         net (fo=1, routed)           0.000     0.359    chrono/ss_cnt/ff5/curr_counter_reg_0
    SLICE_X5Y97          FDRE                                         r  chrono/ss_cnt/ff5/curr_counter_reg/D
  -------------------------------------------------------------------    -------------------

Slack:                    inf
  Source:                 chrono/ss_cnt/ff2/curr_counter_reg/C
                            (rising edge-triggered cell FDRE)
  Destination:            chrono/ss_cnt/ff2/curr_counter_reg/D
  Path Group:             (none)
  Path Type:              Min at Fast Process Corner
  Data Path Delay:        0.361ns  (logic 0.191ns (52.940%)  route 0.170ns (47.060%))
  Logic Levels:           2  (FDRE=1 LUT5=1)

    Location             Delay type                Incr(ns)  Path(ns)    Netlist Resource(s)
  -------------------------------------------------------------------    -------------------
    SLICE_X5Y98          FDRE                         0.000     0.000 r  chrono/ss_cnt/ff2/curr_counter_reg/C
    SLICE_X5Y98          FDRE (Prop_fdre_C_Q)         0.146     0.146 r  chrono/ss_cnt/ff2/curr_counter_reg/Q
                         net (fo=12, routed)          0.170     0.316    chrono/ss_cnt/ff0/ss_temp[1]
    SLICE_X5Y98          LUT5 (Prop_lut5_I4_O)        0.045     0.361 r  chrono/ss_cnt/ff0/curr_counter_i_1__1/O
                         net (fo=1, routed)           0.000     0.361    chrono/ss_cnt/ff2/curr_counter_reg_3
    SLICE_X5Y98          FDRE                                         r  chrono/ss_cnt/ff2/curr_counter_reg/D
  -------------------------------------------------------------------    -------------------

Slack:                    inf
  Source:                 chrono/mm_cnt/ff1/curr_counter_reg/C
                            (rising edge-triggered cell FDRE)
  Destination:            chrono/mm_cnt/ff1/curr_counter_reg/D
  Path Group:             (none)
  Path Type:              Min at Fast Process Corner
  Data Path Delay:        0.384ns  (logic 0.191ns (49.795%)  route 0.193ns (50.205%))
  Logic Levels:           2  (FDRE=1 LUT6=1)

    Location             Delay type                Incr(ns)  Path(ns)    Netlist Resource(s)
  -------------------------------------------------------------------    -------------------
    SLICE_X3Y97          FDRE                         0.000     0.000 r  chrono/mm_cnt/ff1/curr_counter_reg/C
    SLICE_X3Y97          FDRE (Prop_fdre_C_Q)         0.146     0.146 r  chrono/mm_cnt/ff1/curr_counter_reg/Q
                         net (fo=7, routed)           0.193     0.339    chrono/mm_cnt/ff0/curr_counter_reg_4
    SLICE_X3Y97          LUT6 (Prop_lut6_I5_O)        0.045     0.384 r  chrono/mm_cnt/ff0/curr_counter_i_1__6/O
                         net (fo=1, routed)           0.000     0.384    chrono/mm_cnt/ff1/curr_counter_reg_1
    SLICE_X3Y97          FDRE                                         r  chrono/mm_cnt/ff1/curr_counter_reg/D
  -------------------------------------------------------------------    -------------------

Slack:                    inf
  Source:                 chrono/ss_cnt/ff0/curr_counter_reg/C
                            (rising edge-triggered cell FDRE)
  Destination:            chrono/ss_cnt/ff0/curr_counter_reg/D
  Path Group:             (none)
  Path Type:              Min at Fast Process Corner
  Data Path Delay:        0.388ns  (logic 0.191ns (49.244%)  route 0.197ns (50.756%))
  Logic Levels:           2  (FDRE=1 LUT6=1)

    Location             Delay type                Incr(ns)  Path(ns)    Netlist Resource(s)
  -------------------------------------------------------------------    -------------------
    SLICE_X4Y99          FDRE                         0.000     0.000 r  chrono/ss_cnt/ff0/curr_counter_reg/C
    SLICE_X4Y99          FDRE (Prop_fdre_C_Q)         0.146     0.146 r  chrono/ss_cnt/ff0/curr_counter_reg/Q
                         net (fo=5, routed)           0.197     0.343    chrono/ss_cnt/ff0/curr_counter_reg_0
    SLICE_X4Y99          LUT6 (Prop_lut6_I5_O)        0.045     0.388 r  chrono/ss_cnt/ff0/curr_counter_i_1/O
                         net (fo=1, routed)           0.000     0.388    chrono/ss_cnt/ff0/curr_counter_i_1_n_0
    SLICE_X4Y99          FDRE                                         r  chrono/ss_cnt/ff0/curr_counter_reg/D
  -------------------------------------------------------------------    -------------------

Slack:                    inf
  Source:                 chrono/ss_cnt/ff2/curr_counter_reg/C
                            (rising edge-triggered cell FDRE)
  Destination:            chrono/ss_cnt/ff3/curr_counter_reg/D
  Path Group:             (none)
  Path Type:              Min at Fast Process Corner
  Data Path Delay:        0.397ns  (logic 0.191ns (48.150%)  route 0.206ns (51.850%))
  Logic Levels:           2  (FDRE=1 LUT6=1)

    Location             Delay type                Incr(ns)  Path(ns)    Netlist Resource(s)
  -------------------------------------------------------------------    -------------------
    SLICE_X5Y98          FDRE                         0.000     0.000 r  chrono/ss_cnt/ff2/curr_counter_reg/C
    SLICE_X5Y98          FDRE (Prop_fdre_C_Q)         0.146     0.146 r  chrono/ss_cnt/ff2/curr_counter_reg/Q
                         net (fo=12, routed)          0.206     0.352    chrono/ss_cnt/ff0/ss_temp[1]
    SLICE_X5Y98          LUT6 (Prop_lut6_I2_O)        0.045     0.397 r  chrono/ss_cnt/ff0/curr_counter_i_1__2/O
                         net (fo=1, routed)           0.000     0.397    chrono/ss_cnt/ff3/curr_counter_reg_1
    SLICE_X5Y98          FDRE                                         r  chrono/ss_cnt/ff3/curr_counter_reg/D
  -------------------------------------------------------------------    -------------------

Slack:                    inf
  Source:                 chrono/hh_cnt/ff0/curr_counter_reg/C
                            (rising edge-triggered cell FDRE)
  Destination:            chrono/hh_cnt/ff0/curr_counter_reg/D
  Path Group:             (none)
  Path Type:              Min at Fast Process Corner
  Data Path Delay:        0.398ns  (logic 0.212ns (53.212%)  route 0.186ns (46.788%))
  Logic Levels:           2  (FDRE=1 LUT4=1)

    Location             Delay type                Incr(ns)  Path(ns)    Netlist Resource(s)
  -------------------------------------------------------------------    -------------------
    SLICE_X2Y100         FDRE                         0.000     0.000 r  chrono/hh_cnt/ff0/curr_counter_reg/C
    SLICE_X2Y100         FDRE (Prop_fdre_C_Q)         0.167     0.167 r  chrono/hh_cnt/ff0/curr_counter_reg/Q
                         net (fo=4, routed)           0.186     0.353    chrono/hh_cnt/ff0/curr_counter_reg_0
    SLICE_X2Y100         LUT4 (Prop_lut4_I1_O)        0.045     0.398 r  chrono/hh_cnt/ff0/curr_counter_i_1__15/O
                         net (fo=1, routed)           0.000     0.398    chrono/hh_cnt/ff0/curr_counter_i_1__15_n_0
    SLICE_X2Y100         FDRE                                         r  chrono/hh_cnt/ff0/curr_counter_reg/D
  -------------------------------------------------------------------    -------------------

Slack:                    inf
  Source:                 chrono/hh_cnt/ff0/curr_counter_reg/C
                            (rising edge-triggered cell FDRE)
  Destination:            chrono/hh_cnt/ff1/curr_counter_reg/D
  Path Group:             (none)
  Path Type:              Min at Fast Process Corner
  Data Path Delay:        0.398ns  (logic 0.212ns (53.212%)  route 0.186ns (46.788%))
  Logic Levels:           2  (FDRE=1 LUT5=1)

    Location             Delay type                Incr(ns)  Path(ns)    Netlist Resource(s)
  -------------------------------------------------------------------    -------------------
    SLICE_X2Y100         FDRE                         0.000     0.000 r  chrono/hh_cnt/ff0/curr_counter_reg/C
    SLICE_X2Y100         FDRE (Prop_fdre_C_Q)         0.167     0.167 r  chrono/hh_cnt/ff0/curr_counter_reg/Q
                         net (fo=4, routed)           0.186     0.353    chrono/hh_cnt/ff1/curr_counter_reg_1[0]
    SLICE_X2Y100         LUT5 (Prop_lut5_I2_O)        0.045     0.398 r  chrono/hh_cnt/ff1/curr_counter_i_1__14/O
                         net (fo=1, routed)           0.000     0.398    chrono/hh_cnt/ff1/curr_counter_i_1__14_n_0
    SLICE_X2Y100         FDRE                                         r  chrono/hh_cnt/ff1/curr_counter_reg/D
  -------------------------------------------------------------------    -------------------

Slack:                    inf
  Source:                 chrono/mm_cnt/ff3/curr_counter_reg/C
                            (rising edge-triggered cell FDRE)
  Destination:            chrono/mm_cnt/ff3/curr_counter_reg/D
  Path Group:             (none)
  Path Type:              Min at Fast Process Corner
  Data Path Delay:        0.436ns  (logic 0.212ns (48.666%)  route 0.224ns (51.334%))
  Logic Levels:           2  (FDRE=1 LUT6=1)

    Location             Delay type                Incr(ns)  Path(ns)    Netlist Resource(s)
  -------------------------------------------------------------------    -------------------
    SLICE_X2Y96          FDRE                         0.000     0.000 r  chrono/mm_cnt/ff3/curr_counter_reg/C
    SLICE_X2Y96          FDRE (Prop_fdre_C_Q)         0.167     0.167 r  chrono/mm_cnt/ff3/curr_counter_reg/Q
                         net (fo=11, routed)          0.224     0.391    chrono/mm_cnt/ff2/curr_counter_reg_5[0]
    SLICE_X2Y96          LUT6 (Prop_lut6_I5_O)        0.045     0.436 r  chrono/mm_cnt/ff2/curr_counter_i_1__8/O
                         net (fo=1, routed)           0.000     0.436    chrono/mm_cnt/ff3/curr_counter_reg_1
    SLICE_X2Y96          FDRE                                         r  chrono/mm_cnt/ff3/curr_counter_reg/D
  -------------------------------------------------------------------    -------------------





--------------------------------------------------------------------------------------
Path Group:  (none)
From Clock:  sys_clk_pin
  To Clock:  

Max Delay            50 Endpoints
Min Delay            50 Endpoints
--------------------------------------------------------------------------------------


Max Delay Paths
--------------------------------------------------------------------------------------
Slack:                    inf
  Source:                 display/counter_instance/c_reg[0]/C
                            (rising edge-triggered cell FDRE clocked by sys_clk_pin  {rise@0.000ns fall@5.000ns period=10.000ns})
  Destination:            cathodes_out[0]
                            (output port)
  Path Group:             (none)
  Path Type:              Max at Slow Process Corner
  Data Path Delay:        10.327ns  (logic 4.405ns (42.655%)  route 5.922ns (57.345%))
  Logic Levels:           4  (LUT4=1 LUT5=1 LUT6=1 OBUF=1)
  Clock Uncertainty:      0.025ns  ((TSJ^2 + TIJ^2)^1/2 + DJ) / 2 + PE
    Total System Jitter     (TSJ):    0.050ns
    Total Input Jitter      (TIJ):    0.000ns
    Discrete Jitter          (DJ):    0.000ns
    Phase Error              (PE):    0.000ns

    Location             Delay type                Incr(ns)  Path(ns)    Netlist Resource(s)
  -------------------------------------------------------------------    -------------------
                         (clock sys_clk_pin rise edge)
                                                      0.000     0.000 r  
    E3                                                0.000     0.000 r  clk (IN)
                         net (fo=0)                   0.000     0.000    clk
    E3                   IBUF (Prop_ibuf_I_O)         1.482     1.482 r  clk_IBUF_inst/O
                         net (fo=1, routed)           2.025     3.506    clk_IBUF
    BUFGCTRL_X0Y16       BUFG (Prop_bufg_I_O)         0.096     3.602 r  clk_IBUF_BUFG_inst/O
                         net (fo=122, routed)         1.726     5.329    display/counter_instance/clk_IBUF_BUFG
    SLICE_X0Y97          FDRE                                         r  display/counter_instance/c_reg[0]/C
  -------------------------------------------------------------------    -------------------
    SLICE_X0Y97          FDRE (Prop_fdre_C_Q)         0.456     5.785 r  display/counter_instance/c_reg[0]/Q
                         net (fo=19, routed)          0.883     6.668    display/counter_instance/counter_0[0]
    SLICE_X2Y98          LUT6 (Prop_lut6_I4_O)        0.124     6.792 r  display/counter_instance/cathodes_out_OBUF[6]_inst_i_7/O
                         net (fo=1, routed)           0.413     7.205    display/counter_instance/cathodes_out_OBUF[6]_inst_i_7_n_0
    SLICE_X1Y99          LUT5 (Prop_lut5_I0_O)        0.124     7.329 r  display/counter_instance/cathodes_out_OBUF[6]_inst_i_3/O
                         net (fo=7, routed)           1.330     8.660    display/counter_instance/sel0[2]
    SLICE_X0Y94          LUT4 (Prop_lut4_I1_O)        0.124     8.784 r  display/counter_instance/cathodes_out_OBUF[0]_inst_i_1/O
                         net (fo=1, routed)           3.295    12.079    cathodes_out_OBUF[0]
    T10                  OBUF (Prop_obuf_I_O)         3.577    15.656 r  cathodes_out_OBUF[0]_inst/O
                         net (fo=0)                   0.000    15.656    cathodes_out[0]
    T10                                                               r  cathodes_out[0] (OUT)
  -------------------------------------------------------------------    -------------------

Slack:                    inf
  Source:                 display/counter_instance/c_reg[0]/C
                            (rising edge-triggered cell FDRE clocked by sys_clk_pin  {rise@0.000ns fall@5.000ns period=10.000ns})
  Destination:            cathodes_out[1]
                            (output port)
  Path Group:             (none)
  Path Type:              Max at Slow Process Corner
  Data Path Delay:        10.118ns  (logic 4.383ns (43.324%)  route 5.734ns (56.676%))
  Logic Levels:           4  (LUT4=1 LUT5=1 LUT6=1 OBUF=1)
  Clock Uncertainty:      0.025ns  ((TSJ^2 + TIJ^2)^1/2 + DJ) / 2 + PE
    Total System Jitter     (TSJ):    0.050ns
    Total Input Jitter      (TIJ):    0.000ns
    Discrete Jitter          (DJ):    0.000ns
    Phase Error              (PE):    0.000ns

    Location             Delay type                Incr(ns)  Path(ns)    Netlist Resource(s)
  -------------------------------------------------------------------    -------------------
                         (clock sys_clk_pin rise edge)
                                                      0.000     0.000 r  
    E3                                                0.000     0.000 r  clk (IN)
                         net (fo=0)                   0.000     0.000    clk
    E3                   IBUF (Prop_ibuf_I_O)         1.482     1.482 r  clk_IBUF_inst/O
                         net (fo=1, routed)           2.025     3.506    clk_IBUF
    BUFGCTRL_X0Y16       BUFG (Prop_bufg_I_O)         0.096     3.602 r  clk_IBUF_BUFG_inst/O
                         net (fo=122, routed)         1.726     5.329    display/counter_instance/clk_IBUF_BUFG
    SLICE_X0Y97          FDRE                                         r  display/counter_instance/c_reg[0]/C
  -------------------------------------------------------------------    -------------------
    SLICE_X0Y97          FDRE (Prop_fdre_C_Q)         0.456     5.785 r  display/counter_instance/c_reg[0]/Q
                         net (fo=19, routed)          0.883     6.668    display/counter_instance/counter_0[0]
    SLICE_X2Y98          LUT6 (Prop_lut6_I4_O)        0.124     6.792 r  display/counter_instance/cathodes_out_OBUF[6]_inst_i_7/O
                         net (fo=1, routed)           0.413     7.205    display/counter_instance/cathodes_out_OBUF[6]_inst_i_7_n_0
    SLICE_X1Y99          LUT5 (Prop_lut5_I0_O)        0.124     7.329 r  display/counter_instance/cathodes_out_OBUF[6]_inst_i_3/O
                         net (fo=7, routed)           1.319     8.649    display/counter_instance/sel0[2]
    SLICE_X0Y94          LUT4 (Prop_lut4_I1_O)        0.124     8.773 r  display/counter_instance/cathodes_out_OBUF[1]_inst_i_1/O
                         net (fo=1, routed)           3.119    11.891    cathodes_out_OBUF[1]
    R10                  OBUF (Prop_obuf_I_O)         3.555    15.447 r  cathodes_out_OBUF[1]_inst/O
                         net (fo=0)                   0.000    15.447    cathodes_out[1]
    R10                                                               r  cathodes_out[1] (OUT)
  -------------------------------------------------------------------    -------------------

Slack:                    inf
  Source:                 display/counter_instance/c_reg[0]/C
                            (rising edge-triggered cell FDRE clocked by sys_clk_pin  {rise@0.000ns fall@5.000ns period=10.000ns})
  Destination:            cathodes_out[5]
                            (output port)
  Path Group:             (none)
  Path Type:              Max at Slow Process Corner
  Data Path Delay:        9.697ns  (logic 4.389ns (45.260%)  route 5.308ns (54.740%))
  Logic Levels:           4  (LUT4=1 LUT5=1 LUT6=1 OBUF=1)
  Clock Uncertainty:      0.025ns  ((TSJ^2 + TIJ^2)^1/2 + DJ) / 2 + PE
    Total System Jitter     (TSJ):    0.050ns
    Total Input Jitter      (TIJ):    0.000ns
    Discrete Jitter          (DJ):    0.000ns
    Phase Error              (PE):    0.000ns

    Location             Delay type                Incr(ns)  Path(ns)    Netlist Resource(s)
  -------------------------------------------------------------------    -------------------
                         (clock sys_clk_pin rise edge)
                                                      0.000     0.000 r  
    E3                                                0.000     0.000 r  clk (IN)
                         net (fo=0)                   0.000     0.000    clk
    E3                   IBUF (Prop_ibuf_I_O)         1.482     1.482 r  clk_IBUF_inst/O
                         net (fo=1, routed)           2.025     3.506    clk_IBUF
    BUFGCTRL_X0Y16       BUFG (Prop_bufg_I_O)         0.096     3.602 r  clk_IBUF_BUFG_inst/O
                         net (fo=122, routed)         1.726     5.329    display/counter_instance/clk_IBUF_BUFG
    SLICE_X0Y97          FDRE                                         r  display/counter_instance/c_reg[0]/C
  -------------------------------------------------------------------    -------------------
    SLICE_X0Y97          FDRE (Prop_fdre_C_Q)         0.456     5.785 r  display/counter_instance/c_reg[0]/Q
                         net (fo=19, routed)          0.883     6.668    display/counter_instance/counter_0[0]
    SLICE_X2Y98          LUT6 (Prop_lut6_I4_O)        0.124     6.792 r  display/counter_instance/cathodes_out_OBUF[6]_inst_i_7/O
                         net (fo=1, routed)           0.413     7.205    display/counter_instance/cathodes_out_OBUF[6]_inst_i_7_n_0
    SLICE_X1Y99          LUT5 (Prop_lut5_I0_O)        0.124     7.329 r  display/counter_instance/cathodes_out_OBUF[6]_inst_i_3/O
                         net (fo=7, routed)           1.118     8.448    display/counter_instance/sel0[2]
    SLICE_X0Y94          LUT4 (Prop_lut4_I1_O)        0.124     8.572 r  display/counter_instance/cathodes_out_OBUF[5]_inst_i_1/O
                         net (fo=1, routed)           2.893    11.465    cathodes_out_OBUF[5]
    T11                  OBUF (Prop_obuf_I_O)         3.561    15.025 r  cathodes_out_OBUF[5]_inst/O
                         net (fo=0)                   0.000    15.025    cathodes_out[5]
    T11                                                               r  cathodes_out[5] (OUT)
  -------------------------------------------------------------------    -------------------

Slack:                    inf
  Source:                 display/counter_instance/c_reg[0]/C
                            (rising edge-triggered cell FDRE clocked by sys_clk_pin  {rise@0.000ns fall@5.000ns period=10.000ns})
  Destination:            cathodes_out[4]
                            (output port)
  Path Group:             (none)
  Path Type:              Max at Slow Process Corner
  Data Path Delay:        9.333ns  (logic 4.594ns (49.219%)  route 4.739ns (50.781%))
  Logic Levels:           4  (LUT4=1 LUT5=1 LUT6=1 OBUF=1)
  Clock Uncertainty:      0.025ns  ((TSJ^2 + TIJ^2)^1/2 + DJ) / 2 + PE
    Total System Jitter     (TSJ):    0.050ns
    Total Input Jitter      (TIJ):    0.000ns
    Discrete Jitter          (DJ):    0.000ns
    Phase Error              (PE):    0.000ns

    Location             Delay type                Incr(ns)  Path(ns)    Netlist Resource(s)
  -------------------------------------------------------------------    -------------------
                         (clock sys_clk_pin rise edge)
                                                      0.000     0.000 r  
    E3                                                0.000     0.000 r  clk (IN)
                         net (fo=0)                   0.000     0.000    clk
    E3                   IBUF (Prop_ibuf_I_O)         1.482     1.482 r  clk_IBUF_inst/O
                         net (fo=1, routed)           2.025     3.506    clk_IBUF
    BUFGCTRL_X0Y16       BUFG (Prop_bufg_I_O)         0.096     3.602 r  clk_IBUF_BUFG_inst/O
                         net (fo=122, routed)         1.726     5.329    display/counter_instance/clk_IBUF_BUFG
    SLICE_X0Y97          FDRE                                         r  display/counter_instance/c_reg[0]/C
  -------------------------------------------------------------------    -------------------
    SLICE_X0Y97          FDRE (Prop_fdre_C_Q)         0.456     5.785 r  display/counter_instance/c_reg[0]/Q
                         net (fo=19, routed)          0.883     6.668    display/counter_instance/counter_0[0]
    SLICE_X2Y98          LUT6 (Prop_lut6_I4_O)        0.124     6.792 r  display/counter_instance/cathodes_out_OBUF[6]_inst_i_7/O
                         net (fo=1, routed)           0.413     7.205    display/counter_instance/cathodes_out_OBUF[6]_inst_i_7_n_0
    SLICE_X1Y99          LUT5 (Prop_lut5_I0_O)        0.124     7.329 r  display/counter_instance/cathodes_out_OBUF[6]_inst_i_3/O
                         net (fo=7, routed)           1.123     8.452    display/counter_instance/sel0[2]
    SLICE_X0Y94          LUT4 (Prop_lut4_I2_O)        0.153     8.605 r  display/counter_instance/cathodes_out_OBUF[4]_inst_i_1/O
                         net (fo=1, routed)           2.320    10.925    cathodes_out_OBUF[4]
    P15                  OBUF (Prop_obuf_I_O)         3.737    14.662 r  cathodes_out_OBUF[4]_inst/O
                         net (fo=0)                   0.000    14.662    cathodes_out[4]
    P15                                                               r  cathodes_out[4] (OUT)
  -------------------------------------------------------------------    -------------------

Slack:                    inf
  Source:                 display/counter_instance/c_reg[0]/C
                            (rising edge-triggered cell FDRE clocked by sys_clk_pin  {rise@0.000ns fall@5.000ns period=10.000ns})
  Destination:            cathodes_out[3]
                            (output port)
  Path Group:             (none)
  Path Type:              Max at Slow Process Corner
  Data Path Delay:        9.264ns  (logic 4.378ns (47.260%)  route 4.886ns (52.740%))
  Logic Levels:           4  (LUT4=1 LUT5=1 LUT6=1 OBUF=1)
  Clock Uncertainty:      0.025ns  ((TSJ^2 + TIJ^2)^1/2 + DJ) / 2 + PE
    Total System Jitter     (TSJ):    0.050ns
    Total Input Jitter      (TIJ):    0.000ns
    Discrete Jitter          (DJ):    0.000ns
    Phase Error              (PE):    0.000ns

    Location             Delay type                Incr(ns)  Path(ns)    Netlist Resource(s)
  -------------------------------------------------------------------    -------------------
                         (clock sys_clk_pin rise edge)
                                                      0.000     0.000 r  
    E3                                                0.000     0.000 r  clk (IN)
                         net (fo=0)                   0.000     0.000    clk
    E3                   IBUF (Prop_ibuf_I_O)         1.482     1.482 r  clk_IBUF_inst/O
                         net (fo=1, routed)           2.025     3.506    clk_IBUF
    BUFGCTRL_X0Y16       BUFG (Prop_bufg_I_O)         0.096     3.602 r  clk_IBUF_BUFG_inst/O
                         net (fo=122, routed)         1.726     5.329    display/counter_instance/clk_IBUF_BUFG
    SLICE_X0Y97          FDRE                                         r  display/counter_instance/c_reg[0]/C
  -------------------------------------------------------------------    -------------------
    SLICE_X0Y97          FDRE (Prop_fdre_C_Q)         0.456     5.785 r  display/counter_instance/c_reg[0]/Q
                         net (fo=19, routed)          0.883     6.668    display/counter_instance/counter_0[0]
    SLICE_X2Y98          LUT6 (Prop_lut6_I4_O)        0.124     6.792 r  display/counter_instance/cathodes_out_OBUF[6]_inst_i_7/O
                         net (fo=1, routed)           0.413     7.205    display/counter_instance/cathodes_out_OBUF[6]_inst_i_7_n_0
    SLICE_X1Y99          LUT5 (Prop_lut5_I0_O)        0.124     7.329 r  display/counter_instance/cathodes_out_OBUF[6]_inst_i_3/O
                         net (fo=7, routed)           1.123     8.452    display/counter_instance/sel0[2]
    SLICE_X0Y94          LUT4 (Prop_lut4_I1_O)        0.124     8.576 r  display/counter_instance/cathodes_out_OBUF[3]_inst_i_1/O
                         net (fo=1, routed)           2.467    11.043    cathodes_out_OBUF[3]
    K13                  OBUF (Prop_obuf_I_O)         3.550    14.593 r  cathodes_out_OBUF[3]_inst/O
                         net (fo=0)                   0.000    14.593    cathodes_out[3]
    K13                                                               r  cathodes_out[3] (OUT)
  -------------------------------------------------------------------    -------------------

Slack:                    inf
  Source:                 display/counter_instance/c_reg[0]/C
                            (rising edge-triggered cell FDRE clocked by sys_clk_pin  {rise@0.000ns fall@5.000ns period=10.000ns})
  Destination:            cathodes_out[6]
                            (output port)
  Path Group:             (none)
  Path Type:              Max at Slow Process Corner
  Data Path Delay:        9.047ns  (logic 4.599ns (50.838%)  route 4.448ns (49.162%))
  Logic Levels:           4  (LUT4=1 LUT5=1 LUT6=1 OBUF=1)
  Clock Uncertainty:      0.025ns  ((TSJ^2 + TIJ^2)^1/2 + DJ) / 2 + PE
    Total System Jitter     (TSJ):    0.050ns
    Total Input Jitter      (TIJ):    0.000ns
    Discrete Jitter          (DJ):    0.000ns
    Phase Error              (PE):    0.000ns

    Location             Delay type                Incr(ns)  Path(ns)    Netlist Resource(s)
  -------------------------------------------------------------------    -------------------
                         (clock sys_clk_pin rise edge)
                                                      0.000     0.000 r  
    E3                                                0.000     0.000 r  clk (IN)
                         net (fo=0)                   0.000     0.000    clk
    E3                   IBUF (Prop_ibuf_I_O)         1.482     1.482 r  clk_IBUF_inst/O
                         net (fo=1, routed)           2.025     3.506    clk_IBUF
    BUFGCTRL_X0Y16       BUFG (Prop_bufg_I_O)         0.096     3.602 r  clk_IBUF_BUFG_inst/O
                         net (fo=122, routed)         1.726     5.329    display/counter_instance/clk_IBUF_BUFG
    SLICE_X0Y97          FDRE                                         r  display/counter_instance/c_reg[0]/C
  -------------------------------------------------------------------    -------------------
    SLICE_X0Y97          FDRE (Prop_fdre_C_Q)         0.456     5.785 r  display/counter_instance/c_reg[0]/Q
                         net (fo=19, routed)          0.883     6.668    display/counter_instance/counter_0[0]
    SLICE_X2Y98          LUT6 (Prop_lut6_I4_O)        0.124     6.792 r  display/counter_instance/cathodes_out_OBUF[6]_inst_i_7/O
                         net (fo=1, routed)           0.413     7.205    display/counter_instance/cathodes_out_OBUF[6]_inst_i_7_n_0
    SLICE_X1Y99          LUT5 (Prop_lut5_I0_O)        0.124     7.329 r  display/counter_instance/cathodes_out_OBUF[6]_inst_i_3/O
                         net (fo=7, routed)           1.319     8.649    display/counter_instance/sel0[2]
    SLICE_X0Y94          LUT4 (Prop_lut4_I1_O)        0.150     8.799 r  display/counter_instance/cathodes_out_OBUF[6]_inst_i_1/O
                         net (fo=1, routed)           1.832    10.630    cathodes_out_OBUF[6]
    L18                  OBUF (Prop_obuf_I_O)         3.745    14.376 r  cathodes_out_OBUF[6]_inst/O
                         net (fo=0)                   0.000    14.376    cathodes_out[6]
    L18                                                               r  cathodes_out[6] (OUT)
  -------------------------------------------------------------------    -------------------

Slack:                    inf
  Source:                 display/counter_instance/c_reg[0]/C
                            (rising edge-triggered cell FDRE clocked by sys_clk_pin  {rise@0.000ns fall@5.000ns period=10.000ns})
  Destination:            cathodes_out[2]
                            (output port)
  Path Group:             (none)
  Path Type:              Max at Slow Process Corner
  Data Path Delay:        9.044ns  (logic 4.549ns (50.302%)  route 4.494ns (49.698%))
  Logic Levels:           4  (LUT4=1 LUT5=1 LUT6=1 OBUF=1)
  Clock Uncertainty:      0.025ns  ((TSJ^2 + TIJ^2)^1/2 + DJ) / 2 + PE
    Total System Jitter     (TSJ):    0.050ns
    Total Input Jitter      (TIJ):    0.000ns
    Discrete Jitter          (DJ):    0.000ns
    Phase Error              (PE):    0.000ns

    Location             Delay type                Incr(ns)  Path(ns)    Netlist Resource(s)
  -------------------------------------------------------------------    -------------------
                         (clock sys_clk_pin rise edge)
                                                      0.000     0.000 r  
    E3                                                0.000     0.000 r  clk (IN)
                         net (fo=0)                   0.000     0.000    clk
    E3                   IBUF (Prop_ibuf_I_O)         1.482     1.482 r  clk_IBUF_inst/O
                         net (fo=1, routed)           2.025     3.506    clk_IBUF
    BUFGCTRL_X0Y16       BUFG (Prop_bufg_I_O)         0.096     3.602 r  clk_IBUF_BUFG_inst/O
                         net (fo=122, routed)         1.726     5.329    display/counter_instance/clk_IBUF_BUFG
    SLICE_X0Y97          FDRE                                         r  display/counter_instance/c_reg[0]/C
  -------------------------------------------------------------------    -------------------
    SLICE_X0Y97          FDRE (Prop_fdre_C_Q)         0.456     5.785 r  display/counter_instance/c_reg[0]/Q
                         net (fo=19, routed)          0.883     6.668    display/counter_instance/counter_0[0]
    SLICE_X2Y98          LUT6 (Prop_lut6_I4_O)        0.124     6.792 r  display/counter_instance/cathodes_out_OBUF[6]_inst_i_7/O
                         net (fo=1, routed)           0.413     7.205    display/counter_instance/cathodes_out_OBUF[6]_inst_i_7_n_0
    SLICE_X1Y99          LUT5 (Prop_lut5_I0_O)        0.124     7.329 r  display/counter_instance/cathodes_out_OBUF[6]_inst_i_3/O
                         net (fo=7, routed)           1.330     8.660    display/counter_instance/sel0[2]
    SLICE_X0Y94          LUT4 (Prop_lut4_I3_O)        0.150     8.810 r  display/counter_instance/cathodes_out_OBUF[2]_inst_i_1/O
                         net (fo=1, routed)           1.867    10.677    cathodes_out_OBUF[2]
    K16                  OBUF (Prop_obuf_I_O)         3.695    14.372 r  cathodes_out_OBUF[2]_inst/O
                         net (fo=0)                   0.000    14.372    cathodes_out[2]
    K16                                                               r  cathodes_out[2] (OUT)
  -------------------------------------------------------------------    -------------------

Slack:                    inf
  Source:                 display/counter_instance/c_reg[1]/C
                            (rising edge-triggered cell FDRE clocked by sys_clk_pin  {rise@0.000ns fall@5.000ns period=10.000ns})
  Destination:            anodes_out[6]
                            (output port)
  Path Group:             (none)
  Path Type:              Max at Slow Process Corner
  Data Path Delay:        8.779ns  (logic 4.334ns (49.365%)  route 4.445ns (50.635%))
  Logic Levels:           2  (LUT3=1 OBUF=1)
  Clock Uncertainty:      0.025ns  ((TSJ^2 + TIJ^2)^1/2 + DJ) / 2 + PE
    Total System Jitter     (TSJ):    0.050ns
    Total Input Jitter      (TIJ):    0.000ns
    Discrete Jitter          (DJ):    0.000ns
    Phase Error              (PE):    0.000ns

    Location             Delay type                Incr(ns)  Path(ns)    Netlist Resource(s)
  -------------------------------------------------------------------    -------------------
                         (clock sys_clk_pin rise edge)
                                                      0.000     0.000 r  
    E3                                                0.000     0.000 r  clk (IN)
                         net (fo=0)                   0.000     0.000    clk
    E3                   IBUF (Prop_ibuf_I_O)         1.482     1.482 r  clk_IBUF_inst/O
                         net (fo=1, routed)           2.025     3.506    clk_IBUF
    BUFGCTRL_X0Y16       BUFG (Prop_bufg_I_O)         0.096     3.602 r  clk_IBUF_BUFG_inst/O
                         net (fo=122, routed)         1.726     5.329    display/counter_instance/clk_IBUF_BUFG
    SLICE_X0Y97          FDRE                                         r  display/counter_instance/c_reg[1]/C
  -------------------------------------------------------------------    -------------------
    SLICE_X0Y97          FDRE (Prop_fdre_C_Q)         0.456     5.785 f  display/counter_instance/c_reg[1]/Q
                         net (fo=19, routed)          0.896     6.680    display/counter_instance/counter_0[1]
    SLICE_X0Y96          LUT3 (Prop_lut3_I0_O)        0.152     6.832 r  display/counter_instance/anodes_out_OBUF[6]_inst_i_1/O
                         net (fo=1, routed)           3.549    10.382    anodes_out_OBUF[6]
    K2                   OBUF (Prop_obuf_I_O)         3.726    14.107 r  anodes_out_OBUF[6]_inst/O
                         net (fo=0)                   0.000    14.107    anodes_out[6]
    K2                                                                r  anodes_out[6] (OUT)
  -------------------------------------------------------------------    -------------------

Slack:                    inf
  Source:                 display/counter_instance/c_reg[1]/C
                            (rising edge-triggered cell FDRE clocked by sys_clk_pin  {rise@0.000ns fall@5.000ns period=10.000ns})
  Destination:            anodes_out[2]
                            (output port)
  Path Group:             (none)
  Path Type:              Max at Slow Process Corner
  Data Path Delay:        8.302ns  (logic 4.154ns (50.041%)  route 4.148ns (49.959%))
  Logic Levels:           2  (LUT3=1 OBUF=1)
  Clock Uncertainty:      0.025ns  ((TSJ^2 + TIJ^2)^1/2 + DJ) / 2 + PE
    Total System Jitter     (TSJ):    0.050ns
    Total Input Jitter      (TIJ):    0.000ns
    Discrete Jitter          (DJ):    0.000ns
    Phase Error              (PE):    0.000ns

    Location             Delay type                Incr(ns)  Path(ns)    Netlist Resource(s)
  -------------------------------------------------------------------    -------------------
                         (clock sys_clk_pin rise edge)
                                                      0.000     0.000 r  
    E3                                                0.000     0.000 r  clk (IN)
                         net (fo=0)                   0.000     0.000    clk
    E3                   IBUF (Prop_ibuf_I_O)         1.482     1.482 r  clk_IBUF_inst/O
                         net (fo=1, routed)           2.025     3.506    clk_IBUF
    BUFGCTRL_X0Y16       BUFG (Prop_bufg_I_O)         0.096     3.602 r  clk_IBUF_BUFG_inst/O
                         net (fo=122, routed)         1.726     5.329    display/counter_instance/clk_IBUF_BUFG
    SLICE_X0Y97          FDRE                                         r  display/counter_instance/c_reg[1]/C
  -------------------------------------------------------------------    -------------------
    SLICE_X0Y97          FDRE (Prop_fdre_C_Q)         0.456     5.785 f  display/counter_instance/c_reg[1]/Q
                         net (fo=19, routed)          0.960     6.744    display/counter_instance/counter_0[1]
    SLICE_X0Y97          LUT3 (Prop_lut3_I2_O)        0.124     6.868 r  display/counter_instance/anodes_out_OBUF[2]_inst_i_1/O
                         net (fo=1, routed)           3.188    10.056    anodes_out_OBUF[2]
    T9                   OBUF (Prop_obuf_I_O)         3.574    13.631 r  anodes_out_OBUF[2]_inst/O
                         net (fo=0)                   0.000    13.631    anodes_out[2]
    T9                                                                r  anodes_out[2] (OUT)
  -------------------------------------------------------------------    -------------------

Slack:                    inf
  Source:                 display/counter_instance/c_reg[0]/C
                            (rising edge-triggered cell FDRE clocked by sys_clk_pin  {rise@0.000ns fall@5.000ns period=10.000ns})
  Destination:            anodes_out[7]
                            (output port)
  Path Group:             (none)
  Path Type:              Max at Slow Process Corner
  Data Path Delay:        8.143ns  (logic 4.133ns (50.758%)  route 4.010ns (49.242%))
  Logic Levels:           2  (LUT3=1 OBUF=1)
  Clock Uncertainty:      0.025ns  ((TSJ^2 + TIJ^2)^1/2 + DJ) / 2 + PE
    Total System Jitter     (TSJ):    0.050ns
    Total Input Jitter      (TIJ):    0.000ns
    Discrete Jitter          (DJ):    0.000ns
    Phase Error              (PE):    0.000ns

    Location             Delay type                Incr(ns)  Path(ns)    Netlist Resource(s)
  -------------------------------------------------------------------    -------------------
                         (clock sys_clk_pin rise edge)
                                                      0.000     0.000 r  
    E3                                                0.000     0.000 r  clk (IN)
                         net (fo=0)                   0.000     0.000    clk
    E3                   IBUF (Prop_ibuf_I_O)         1.482     1.482 r  clk_IBUF_inst/O
                         net (fo=1, routed)           2.025     3.506    clk_IBUF
    BUFGCTRL_X0Y16       BUFG (Prop_bufg_I_O)         0.096     3.602 r  clk_IBUF_BUFG_inst/O
                         net (fo=122, routed)         1.726     5.329    display/counter_instance/clk_IBUF_BUFG
    SLICE_X0Y97          FDRE                                         r  display/counter_instance/c_reg[0]/C
  -------------------------------------------------------------------    -------------------
    SLICE_X0Y97          FDRE (Prop_fdre_C_Q)         0.456     5.785 f  display/counter_instance/c_reg[0]/Q
                         net (fo=19, routed)          0.879     6.664    display/counter_instance/counter_0[0]
    SLICE_X0Y96          LUT3 (Prop_lut3_I1_O)        0.124     6.788 r  display/counter_instance/anodes_out_OBUF[7]_inst_i_1/O
                         net (fo=1, routed)           3.131     9.919    anodes_out_OBUF[7]
    U13                  OBUF (Prop_obuf_I_O)         3.553    13.472 r  anodes_out_OBUF[7]_inst/O
                         net (fo=0)                   0.000    13.472    anodes_out[7]
    U13                                                               r  anodes_out[7] (OUT)
  -------------------------------------------------------------------    -------------------





Min Delay Paths
--------------------------------------------------------------------------------------
Slack:                    inf
  Source:                 chrono/tmp_base/clk_out_temp_reg/C
                            (rising edge-triggered cell FDCE clocked by sys_clk_pin  {rise@0.000ns fall@5.000ns period=10.000ns})
  Destination:            chrono/ss_cnt/ff0/curr_counter_reg/D
  Path Group:             (none)
  Path Type:              Min at Fast Process Corner
  Data Path Delay:        0.649ns  (logic 0.186ns (28.668%)  route 0.463ns (71.332%))
  Logic Levels:           1  (LUT6=1)
  Clock Uncertainty:      0.025ns  ((TSJ^2 + TIJ^2)^1/2 + DJ) / 2 + PE
    Total System Jitter     (TSJ):    0.050ns
    Total Input Jitter      (TIJ):    0.000ns
    Discrete Jitter          (DJ):    0.000ns
    Phase Error              (PE):    0.000ns

    Location             Delay type                Incr(ns)  Path(ns)    Netlist Resource(s)
  -------------------------------------------------------------------    -------------------
                         (clock sys_clk_pin rise edge)
                                                      0.000     0.000 r  
    E3                                                0.000     0.000 r  clk (IN)
                         net (fo=0)                   0.000     0.000    clk
    E3                   IBUF (Prop_ibuf_I_O)         0.250     0.250 r  clk_IBUF_inst/O
                         net (fo=1, routed)           0.644     0.894    clk_IBUF
    BUFGCTRL_X0Y16       BUFG (Prop_bufg_I_O)         0.026     0.920 r  clk_IBUF_BUFG_inst/O
                         net (fo=122, routed)         0.603     1.522    chrono/tmp_base/clk_IBUF_BUFG
    SLICE_X7Y96          FDCE                                         r  chrono/tmp_base/clk_out_temp_reg/C
  -------------------------------------------------------------------    -------------------
    SLICE_X7Y96          FDCE (Prop_fdce_C_Q)         0.141     1.663 r  chrono/tmp_base/clk_out_temp_reg/Q
                         net (fo=22, routed)          0.463     2.126    chrono/ss_cnt/ff0/tmp
    SLICE_X4Y99          LUT6 (Prop_lut6_I3_O)        0.045     2.171 r  chrono/ss_cnt/ff0/curr_counter_i_1/O
                         net (fo=1, routed)           0.000     2.171    chrono/ss_cnt/ff0/curr_counter_i_1_n_0
    SLICE_X4Y99          FDRE                                         r  chrono/ss_cnt/ff0/curr_counter_reg/D
  -------------------------------------------------------------------    -------------------

Slack:                    inf
  Source:                 chrono/tmp_base/clk_out_temp_reg/C
                            (rising edge-triggered cell FDCE clocked by sys_clk_pin  {rise@0.000ns fall@5.000ns period=10.000ns})
  Destination:            chrono/ss_cnt/ff1/curr_counter_reg/D
  Path Group:             (none)
  Path Type:              Min at Fast Process Corner
  Data Path Delay:        0.682ns  (logic 0.231ns (33.865%)  route 0.451ns (66.135%))
  Logic Levels:           2  (LUT3=1 LUT5=1)
  Clock Uncertainty:      0.025ns  ((TSJ^2 + TIJ^2)^1/2 + DJ) / 2 + PE
    Total System Jitter     (TSJ):    0.050ns
    Total Input Jitter      (TIJ):    0.000ns
    Discrete Jitter          (DJ):    0.000ns
    Phase Error              (PE):    0.000ns

    Location             Delay type                Incr(ns)  Path(ns)    Netlist Resource(s)
  -------------------------------------------------------------------    -------------------
                         (clock sys_clk_pin rise edge)
                                                      0.000     0.000 r  
    E3                                                0.000     0.000 r  clk (IN)
                         net (fo=0)                   0.000     0.000    clk
    E3                   IBUF (Prop_ibuf_I_O)         0.250     0.250 r  clk_IBUF_inst/O
                         net (fo=1, routed)           0.644     0.894    clk_IBUF
    BUFGCTRL_X0Y16       BUFG (Prop_bufg_I_O)         0.026     0.920 r  clk_IBUF_BUFG_inst/O
                         net (fo=122, routed)         0.603     1.522    chrono/tmp_base/clk_IBUF_BUFG
    SLICE_X7Y96          FDCE                                         r  chrono/tmp_base/clk_out_temp_reg/C
  -------------------------------------------------------------------    -------------------
    SLICE_X7Y96          FDCE (Prop_fdce_C_Q)         0.141     1.663 r  chrono/tmp_base/clk_out_temp_reg/Q
                         net (fo=22, routed)          0.393     2.057    chrono/tmp_base/tmp
    SLICE_X4Y99          LUT3 (Prop_lut3_I1_O)        0.045     2.102 r  chrono/tmp_base/curr_counter_i_2__9/O
                         net (fo=1, routed)           0.058     2.159    chrono/ss_cnt/ff0/curr_counter_reg_7
    SLICE_X4Y99          LUT5 (Prop_lut5_I2_O)        0.045     2.204 r  chrono/ss_cnt/ff0/curr_counter_i_1__0/O
                         net (fo=1, routed)           0.000     2.204    chrono/ss_cnt/ff1/curr_counter_reg_0
    SLICE_X4Y99          FDRE                                         r  chrono/ss_cnt/ff1/curr_counter_reg/D
  -------------------------------------------------------------------    -------------------

Slack:                    inf
  Source:                 bd_rst/CLEARED_BTN_reg/C
                            (rising edge-triggered cell FDRE clocked by sys_clk_pin  {rise@0.000ns fall@5.000ns period=10.000ns})
  Destination:            chrono/mm_cnt/ff0/curr_counter_reg/R
  Path Group:             (none)
  Path Type:              Min at Fast Process Corner
  Data Path Delay:        0.684ns  (logic 0.141ns (20.611%)  route 0.543ns (79.389%))
  Logic Levels:           0  
  Clock Uncertainty:      0.025ns  ((TSJ^2 + TIJ^2)^1/2 + DJ) / 2 + PE
    Total System Jitter     (TSJ):    0.050ns
    Total Input Jitter      (TIJ):    0.000ns
    Discrete Jitter          (DJ):    0.000ns
    Phase Error              (PE):    0.000ns

    Location             Delay type                Incr(ns)  Path(ns)    Netlist Resource(s)
  -------------------------------------------------------------------    -------------------
                         (clock sys_clk_pin rise edge)
                                                      0.000     0.000 r  
    E3                                                0.000     0.000 r  clk (IN)
                         net (fo=0)                   0.000     0.000    clk
    E3                   IBUF (Prop_ibuf_I_O)         0.250     0.250 r  clk_IBUF_inst/O
                         net (fo=1, routed)           0.644     0.894    clk_IBUF
    BUFGCTRL_X0Y16       BUFG (Prop_bufg_I_O)         0.026     0.920 r  clk_IBUF_BUFG_inst/O
                         net (fo=122, routed)         0.602     1.521    bd_rst/clk_IBUF_BUFG
    SLICE_X4Y91          FDRE                                         r  bd_rst/CLEARED_BTN_reg/C
  -------------------------------------------------------------------    -------------------
    SLICE_X4Y91          FDRE (Prop_fdre_C_Q)         0.141     1.662 r  bd_rst/CLEARED_BTN_reg/Q
                         net (fo=68, routed)          0.543     2.205    chrono/mm_cnt/ff0/cleared_rst
    SLICE_X3Y97          FDRE                                         r  chrono/mm_cnt/ff0/curr_counter_reg/R
  -------------------------------------------------------------------    -------------------

Slack:                    inf
  Source:                 bd_rst/CLEARED_BTN_reg/C
                            (rising edge-triggered cell FDRE clocked by sys_clk_pin  {rise@0.000ns fall@5.000ns period=10.000ns})
  Destination:            chrono/mm_cnt/ff1/curr_counter_reg/R
  Path Group:             (none)
  Path Type:              Min at Fast Process Corner
  Data Path Delay:        0.684ns  (logic 0.141ns (20.611%)  route 0.543ns (79.389%))
  Logic Levels:           0  
  Clock Uncertainty:      0.025ns  ((TSJ^2 + TIJ^2)^1/2 + DJ) / 2 + PE
    Total System Jitter     (TSJ):    0.050ns
    Total Input Jitter      (TIJ):    0.000ns
    Discrete Jitter          (DJ):    0.000ns
    Phase Error              (PE):    0.000ns

    Location             Delay type                Incr(ns)  Path(ns)    Netlist Resource(s)
  -------------------------------------------------------------------    -------------------
                         (clock sys_clk_pin rise edge)
                                                      0.000     0.000 r  
    E3                                                0.000     0.000 r  clk (IN)
                         net (fo=0)                   0.000     0.000    clk
    E3                   IBUF (Prop_ibuf_I_O)         0.250     0.250 r  clk_IBUF_inst/O
                         net (fo=1, routed)           0.644     0.894    clk_IBUF
    BUFGCTRL_X0Y16       BUFG (Prop_bufg_I_O)         0.026     0.920 r  clk_IBUF_BUFG_inst/O
                         net (fo=122, routed)         0.602     1.521    bd_rst/clk_IBUF_BUFG
    SLICE_X4Y91          FDRE                                         r  bd_rst/CLEARED_BTN_reg/C
  -------------------------------------------------------------------    -------------------
    SLICE_X4Y91          FDRE (Prop_fdre_C_Q)         0.141     1.662 r  bd_rst/CLEARED_BTN_reg/Q
                         net (fo=68, routed)          0.543     2.205    chrono/mm_cnt/ff1/cleared_rst
    SLICE_X3Y97          FDRE                                         r  chrono/mm_cnt/ff1/curr_counter_reg/R
  -------------------------------------------------------------------    -------------------

Slack:                    inf
  Source:                 bd_rst/CLEARED_BTN_reg/C
                            (rising edge-triggered cell FDRE clocked by sys_clk_pin  {rise@0.000ns fall@5.000ns period=10.000ns})
  Destination:            chrono/ss_cnt/ff4/curr_counter_reg/R
  Path Group:             (none)
  Path Type:              Min at Fast Process Corner
  Data Path Delay:        0.703ns  (logic 0.141ns (20.065%)  route 0.562ns (79.935%))
  Logic Levels:           0  
  Clock Uncertainty:      0.025ns  ((TSJ^2 + TIJ^2)^1/2 + DJ) / 2 + PE
    Total System Jitter     (TSJ):    0.050ns
    Total Input Jitter      (TIJ):    0.000ns
    Discrete Jitter          (DJ):    0.000ns
    Phase Error              (PE):    0.000ns

    Location             Delay type                Incr(ns)  Path(ns)    Netlist Resource(s)
  -------------------------------------------------------------------    -------------------
                         (clock sys_clk_pin rise edge)
                                                      0.000     0.000 r  
    E3                                                0.000     0.000 r  clk (IN)
                         net (fo=0)                   0.000     0.000    clk
    E3                   IBUF (Prop_ibuf_I_O)         0.250     0.250 r  clk_IBUF_inst/O
                         net (fo=1, routed)           0.644     0.894    clk_IBUF
    BUFGCTRL_X0Y16       BUFG (Prop_bufg_I_O)         0.026     0.920 r  clk_IBUF_BUFG_inst/O
                         net (fo=122, routed)         0.602     1.521    bd_rst/clk_IBUF_BUFG
    SLICE_X4Y91          FDRE                                         r  bd_rst/CLEARED_BTN_reg/C
  -------------------------------------------------------------------    -------------------
    SLICE_X4Y91          FDRE (Prop_fdre_C_Q)         0.141     1.662 r  bd_rst/CLEARED_BTN_reg/Q
                         net (fo=68, routed)          0.562     2.224    chrono/ss_cnt/ff4/cleared_rst
    SLICE_X5Y97          FDRE                                         r  chrono/ss_cnt/ff4/curr_counter_reg/R
  -------------------------------------------------------------------    -------------------

Slack:                    inf
  Source:                 bd_rst/CLEARED_BTN_reg/C
                            (rising edge-triggered cell FDRE clocked by sys_clk_pin  {rise@0.000ns fall@5.000ns period=10.000ns})
  Destination:            chrono/ss_cnt/ff5/curr_counter_reg/R
  Path Group:             (none)
  Path Type:              Min at Fast Process Corner
  Data Path Delay:        0.703ns  (logic 0.141ns (20.065%)  route 0.562ns (79.935%))
  Logic Levels:           0  
  Clock Uncertainty:      0.025ns  ((TSJ^2 + TIJ^2)^1/2 + DJ) / 2 + PE
    Total System Jitter     (TSJ):    0.050ns
    Total Input Jitter      (TIJ):    0.000ns
    Discrete Jitter          (DJ):    0.000ns
    Phase Error              (PE):    0.000ns

    Location             Delay type                Incr(ns)  Path(ns)    Netlist Resource(s)
  -------------------------------------------------------------------    -------------------
                         (clock sys_clk_pin rise edge)
                                                      0.000     0.000 r  
    E3                                                0.000     0.000 r  clk (IN)
                         net (fo=0)                   0.000     0.000    clk
    E3                   IBUF (Prop_ibuf_I_O)         0.250     0.250 r  clk_IBUF_inst/O
                         net (fo=1, routed)           0.644     0.894    clk_IBUF
    BUFGCTRL_X0Y16       BUFG (Prop_bufg_I_O)         0.026     0.920 r  clk_IBUF_BUFG_inst/O
                         net (fo=122, routed)         0.602     1.521    bd_rst/clk_IBUF_BUFG
    SLICE_X4Y91          FDRE                                         r  bd_rst/CLEARED_BTN_reg/C
  -------------------------------------------------------------------    -------------------
    SLICE_X4Y91          FDRE (Prop_fdre_C_Q)         0.141     1.662 r  bd_rst/CLEARED_BTN_reg/Q
                         net (fo=68, routed)          0.562     2.224    chrono/ss_cnt/ff5/cleared_rst
    SLICE_X5Y97          FDRE                                         r  chrono/ss_cnt/ff5/curr_counter_reg/R
  -------------------------------------------------------------------    -------------------

Slack:                    inf
  Source:                 bd_rst/CLEARED_BTN_reg/C
                            (rising edge-triggered cell FDRE clocked by sys_clk_pin  {rise@0.000ns fall@5.000ns period=10.000ns})
  Destination:            chrono/mm_cnt/ff4/curr_counter_reg/R
  Path Group:             (none)
  Path Type:              Min at Fast Process Corner
  Data Path Delay:        0.707ns  (logic 0.141ns (19.942%)  route 0.566ns (80.058%))
  Logic Levels:           0  
  Clock Uncertainty:      0.025ns  ((TSJ^2 + TIJ^2)^1/2 + DJ) / 2 + PE
    Total System Jitter     (TSJ):    0.050ns
    Total Input Jitter      (TIJ):    0.000ns
    Discrete Jitter          (DJ):    0.000ns
    Phase Error              (PE):    0.000ns

    Location             Delay type                Incr(ns)  Path(ns)    Netlist Resource(s)
  -------------------------------------------------------------------    -------------------
                         (clock sys_clk_pin rise edge)
                                                      0.000     0.000 r  
    E3                                                0.000     0.000 r  clk (IN)
                         net (fo=0)                   0.000     0.000    clk
    E3                   IBUF (Prop_ibuf_I_O)         0.250     0.250 r  clk_IBUF_inst/O
                         net (fo=1, routed)           0.644     0.894    clk_IBUF
    BUFGCTRL_X0Y16       BUFG (Prop_bufg_I_O)         0.026     0.920 r  clk_IBUF_BUFG_inst/O
                         net (fo=122, routed)         0.602     1.521    bd_rst/clk_IBUF_BUFG
    SLICE_X4Y91          FDRE                                         r  bd_rst/CLEARED_BTN_reg/C
  -------------------------------------------------------------------    -------------------
    SLICE_X4Y91          FDRE (Prop_fdre_C_Q)         0.141     1.662 r  bd_rst/CLEARED_BTN_reg/Q
                         net (fo=68, routed)          0.566     2.228    chrono/mm_cnt/ff4/cleared_rst
    SLICE_X4Y97          FDRE                                         r  chrono/mm_cnt/ff4/curr_counter_reg/R
  -------------------------------------------------------------------    -------------------

Slack:                    inf
  Source:                 bd_rst/CLEARED_BTN_reg/C
                            (rising edge-triggered cell FDRE clocked by sys_clk_pin  {rise@0.000ns fall@5.000ns period=10.000ns})
  Destination:            chrono/mm_cnt/ff5/curr_counter_reg/R
  Path Group:             (none)
  Path Type:              Min at Fast Process Corner
  Data Path Delay:        0.707ns  (logic 0.141ns (19.942%)  route 0.566ns (80.058%))
  Logic Levels:           0  
  Clock Uncertainty:      0.025ns  ((TSJ^2 + TIJ^2)^1/2 + DJ) / 2 + PE
    Total System Jitter     (TSJ):    0.050ns
    Total Input Jitter      (TIJ):    0.000ns
    Discrete Jitter          (DJ):    0.000ns
    Phase Error              (PE):    0.000ns

    Location             Delay type                Incr(ns)  Path(ns)    Netlist Resource(s)
  -------------------------------------------------------------------    -------------------
                         (clock sys_clk_pin rise edge)
                                                      0.000     0.000 r  
    E3                                                0.000     0.000 r  clk (IN)
                         net (fo=0)                   0.000     0.000    clk
    E3                   IBUF (Prop_ibuf_I_O)         0.250     0.250 r  clk_IBUF_inst/O
                         net (fo=1, routed)           0.644     0.894    clk_IBUF
    BUFGCTRL_X0Y16       BUFG (Prop_bufg_I_O)         0.026     0.920 r  clk_IBUF_BUFG_inst/O
                         net (fo=122, routed)         0.602     1.521    bd_rst/clk_IBUF_BUFG
    SLICE_X4Y91          FDRE                                         r  bd_rst/CLEARED_BTN_reg/C
  -------------------------------------------------------------------    -------------------
    SLICE_X4Y91          FDRE (Prop_fdre_C_Q)         0.141     1.662 r  bd_rst/CLEARED_BTN_reg/Q
                         net (fo=68, routed)          0.566     2.228    chrono/mm_cnt/ff5/cleared_rst
    SLICE_X4Y97          FDRE                                         r  chrono/mm_cnt/ff5/curr_counter_reg/R
  -------------------------------------------------------------------    -------------------

Slack:                    inf
  Source:                 bd_rst/CLEARED_BTN_reg/C
                            (rising edge-triggered cell FDRE clocked by sys_clk_pin  {rise@0.000ns fall@5.000ns period=10.000ns})
  Destination:            chrono/mm_cnt/ff2/curr_counter_reg/R
  Path Group:             (none)
  Path Type:              Min at Fast Process Corner
  Data Path Delay:        0.737ns  (logic 0.141ns (19.133%)  route 0.596ns (80.867%))
  Logic Levels:           0  
  Clock Uncertainty:      0.025ns  ((TSJ^2 + TIJ^2)^1/2 + DJ) / 2 + PE
    Total System Jitter     (TSJ):    0.050ns
    Total Input Jitter      (TIJ):    0.000ns
    Discrete Jitter          (DJ):    0.000ns
    Phase Error              (PE):    0.000ns

    Location             Delay type                Incr(ns)  Path(ns)    Netlist Resource(s)
  -------------------------------------------------------------------    -------------------
                         (clock sys_clk_pin rise edge)
                                                      0.000     0.000 r  
    E3                                                0.000     0.000 r  clk (IN)
                         net (fo=0)                   0.000     0.000    clk
    E3                   IBUF (Prop_ibuf_I_O)         0.250     0.250 r  clk_IBUF_inst/O
                         net (fo=1, routed)           0.644     0.894    clk_IBUF
    BUFGCTRL_X0Y16       BUFG (Prop_bufg_I_O)         0.026     0.920 r  clk_IBUF_BUFG_inst/O
                         net (fo=122, routed)         0.602     1.521    bd_rst/clk_IBUF_BUFG
    SLICE_X4Y91          FDRE                                         r  bd_rst/CLEARED_BTN_reg/C
  -------------------------------------------------------------------    -------------------
    SLICE_X4Y91          FDRE (Prop_fdre_C_Q)         0.141     1.662 r  bd_rst/CLEARED_BTN_reg/Q
                         net (fo=68, routed)          0.596     2.258    chrono/mm_cnt/ff2/cleared_rst
    SLICE_X2Y96          FDRE                                         r  chrono/mm_cnt/ff2/curr_counter_reg/R
  -------------------------------------------------------------------    -------------------

Slack:                    inf
  Source:                 bd_rst/CLEARED_BTN_reg/C
                            (rising edge-triggered cell FDRE clocked by sys_clk_pin  {rise@0.000ns fall@5.000ns period=10.000ns})
  Destination:            chrono/mm_cnt/ff3/curr_counter_reg/R
  Path Group:             (none)
  Path Type:              Min at Fast Process Corner
  Data Path Delay:        0.737ns  (logic 0.141ns (19.133%)  route 0.596ns (80.867%))
  Logic Levels:           0  
  Clock Uncertainty:      0.025ns  ((TSJ^2 + TIJ^2)^1/2 + DJ) / 2 + PE
    Total System Jitter     (TSJ):    0.050ns
    Total Input Jitter      (TIJ):    0.000ns
    Discrete Jitter          (DJ):    0.000ns
    Phase Error              (PE):    0.000ns

    Location             Delay type                Incr(ns)  Path(ns)    Netlist Resource(s)
  -------------------------------------------------------------------    -------------------
                         (clock sys_clk_pin rise edge)
                                                      0.000     0.000 r  
    E3                                                0.000     0.000 r  clk (IN)
                         net (fo=0)                   0.000     0.000    clk
    E3                   IBUF (Prop_ibuf_I_O)         0.250     0.250 r  clk_IBUF_inst/O
                         net (fo=1, routed)           0.644     0.894    clk_IBUF
    BUFGCTRL_X0Y16       BUFG (Prop_bufg_I_O)         0.026     0.920 r  clk_IBUF_BUFG_inst/O
                         net (fo=122, routed)         0.602     1.521    bd_rst/clk_IBUF_BUFG
    SLICE_X4Y91          FDRE                                         r  bd_rst/CLEARED_BTN_reg/C
  -------------------------------------------------------------------    -------------------
    SLICE_X4Y91          FDRE (Prop_fdre_C_Q)         0.141     1.662 r  bd_rst/CLEARED_BTN_reg/Q
                         net (fo=68, routed)          0.596     2.258    chrono/mm_cnt/ff3/cleared_rst
    SLICE_X2Y96          FDRE                                         r  chrono/mm_cnt/ff3/curr_counter_reg/R
  -------------------------------------------------------------------    -------------------





--------------------------------------------------------------------------------------
Path Group:  (none)
From Clock:  
  To Clock:  sys_clk_pin

Max Delay            77 Endpoints
Min Delay            77 Endpoints
--------------------------------------------------------------------------------------


Max Delay Paths
--------------------------------------------------------------------------------------
Slack:                    inf
  Source:                 ss_load
                            (input port)
  Destination:            display_in_reg[10]/D
                            (rising edge-triggered cell FDRE clocked by sys_clk_pin  {rise@0.000ns fall@5.000ns period=10.000ns})
  Path Group:             (none)
  Path Type:              Setup (Max at Slow Process Corner)
  Data Path Delay:        7.457ns  (logic 1.715ns (22.993%)  route 5.742ns (77.007%))
  Logic Levels:           3  (IBUF=1 LUT3=1 LUT6=1)
  Clock Path Skew:        5.029ns (DCD - SCD + CPR)
    Destination Clock Delay (DCD):    5.029ns
    Source Clock Delay      (SCD):    0.000ns
    Clock Pessimism Removal (CPR):    0.000ns
  Clock Uncertainty:      0.025ns  ((TSJ^2 + TIJ^2)^1/2 + DJ) / 2 + PE
    Total System Jitter     (TSJ):    0.050ns
    Total Input Jitter      (TIJ):    0.000ns
    Discrete Jitter          (DJ):    0.000ns
    Phase Error              (PE):    0.000ns

    Location             Delay type                Incr(ns)  Path(ns)    Netlist Resource(s)
  -------------------------------------------------------------------    -------------------
    H6                                                0.000     0.000 r  ss_load (IN)
                         net (fo=0)                   0.000     0.000    ss_load
    H6                   IBUF (Prop_ibuf_I_O)         1.467     1.467 r  ss_load_IBUF_inst/O
                         net (fo=19, routed)          4.349     5.815    chrono/hh_cnt/ff2/ss_load_IBUF
    SLICE_X0Y99          LUT3 (Prop_lut3_I0_O)        0.124     5.939 r  chrono/hh_cnt/ff2/display_in[21]_i_2/O
                         net (fo=13, routed)          1.394     7.333    chrono/mm_cnt/ff2/display_in_reg[13]
    SLICE_X2Y98          LUT6 (Prop_lut6_I5_O)        0.124     7.457 r  chrono/mm_cnt/ff2/display_in[10]_i_1/O
                         net (fo=1, routed)           0.000     7.457    chrono_n_10
    SLICE_X2Y98          FDRE                                         r  display_in_reg[10]/D
  -------------------------------------------------------------------    -------------------

                         (clock sys_clk_pin rise edge)
                                                      0.000     0.000 r  
    E3                                                0.000     0.000 r  clk (IN)
                         net (fo=0)                   0.000     0.000    clk
    E3                   IBUF (Prop_ibuf_I_O)         1.411     1.411 r  clk_IBUF_inst/O
                         net (fo=1, routed)           1.920     3.331    clk_IBUF
    BUFGCTRL_X0Y16       BUFG (Prop_bufg_I_O)         0.091     3.422 r  clk_IBUF_BUFG_inst/O
                         net (fo=122, routed)         1.606     5.029    clk_IBUF_BUFG
    SLICE_X2Y98          FDRE                                         r  display_in_reg[10]/C

Slack:                    inf
  Source:                 ss_load
                            (input port)
  Destination:            display_in_reg[13]/D
                            (rising edge-triggered cell FDRE clocked by sys_clk_pin  {rise@0.000ns fall@5.000ns period=10.000ns})
  Path Group:             (none)
  Path Type:              Setup (Max at Slow Process Corner)
  Data Path Delay:        7.232ns  (logic 1.715ns (23.709%)  route 5.517ns (76.291%))
  Logic Levels:           3  (IBUF=1 LUT3=1 LUT6=1)
  Clock Path Skew:        5.029ns (DCD - SCD + CPR)
    Destination Clock Delay (DCD):    5.029ns
    Source Clock Delay      (SCD):    0.000ns
    Clock Pessimism Removal (CPR):    0.000ns
  Clock Uncertainty:      0.025ns  ((TSJ^2 + TIJ^2)^1/2 + DJ) / 2 + PE
    Total System Jitter     (TSJ):    0.050ns
    Total Input Jitter      (TIJ):    0.000ns
    Discrete Jitter          (DJ):    0.000ns
    Phase Error              (PE):    0.000ns

    Location             Delay type                Incr(ns)  Path(ns)    Netlist Resource(s)
  -------------------------------------------------------------------    -------------------
    H6                                                0.000     0.000 r  ss_load (IN)
                         net (fo=0)                   0.000     0.000    ss_load
    H6                   IBUF (Prop_ibuf_I_O)         1.467     1.467 r  ss_load_IBUF_inst/O
                         net (fo=19, routed)          4.349     5.815    chrono/hh_cnt/ff2/ss_load_IBUF
    SLICE_X0Y99          LUT3 (Prop_lut3_I0_O)        0.124     5.939 r  chrono/hh_cnt/ff2/display_in[21]_i_2/O
                         net (fo=13, routed)          1.169     7.108    chrono/mm_cnt/ff2/display_in_reg[13]
    SLICE_X1Y97          LUT6 (Prop_lut6_I4_O)        0.124     7.232 r  chrono/mm_cnt/ff2/display_in[13]_i_1/O
                         net (fo=1, routed)           0.000     7.232    chrono_n_7
    SLICE_X1Y97          FDRE                                         r  display_in_reg[13]/D
  -------------------------------------------------------------------    -------------------

                         (clock sys_clk_pin rise edge)
                                                      0.000     0.000 r  
    E3                                                0.000     0.000 r  clk (IN)
                         net (fo=0)                   0.000     0.000    clk
    E3                   IBUF (Prop_ibuf_I_O)         1.411     1.411 r  clk_IBUF_inst/O
                         net (fo=1, routed)           1.920     3.331    clk_IBUF
    BUFGCTRL_X0Y16       BUFG (Prop_bufg_I_O)         0.091     3.422 r  clk_IBUF_BUFG_inst/O
                         net (fo=122, routed)         1.606     5.029    clk_IBUF_BUFG
    SLICE_X1Y97          FDRE                                         r  display_in_reg[13]/C

Slack:                    inf
  Source:                 ss_load
                            (input port)
  Destination:            display_in_reg[1]/D
                            (rising edge-triggered cell FDRE clocked by sys_clk_pin  {rise@0.000ns fall@5.000ns period=10.000ns})
  Path Group:             (none)
  Path Type:              Setup (Max at Slow Process Corner)
  Data Path Delay:        7.225ns  (logic 1.715ns (23.732%)  route 5.510ns (76.268%))
  Logic Levels:           3  (IBUF=1 LUT3=1 LUT5=1)
  Clock Path Skew:        5.029ns (DCD - SCD + CPR)
    Destination Clock Delay (DCD):    5.029ns
    Source Clock Delay      (SCD):    0.000ns
    Clock Pessimism Removal (CPR):    0.000ns
  Clock Uncertainty:      0.025ns  ((TSJ^2 + TIJ^2)^1/2 + DJ) / 2 + PE
    Total System Jitter     (TSJ):    0.050ns
    Total Input Jitter      (TIJ):    0.000ns
    Discrete Jitter          (DJ):    0.000ns
    Phase Error              (PE):    0.000ns

    Location             Delay type                Incr(ns)  Path(ns)    Netlist Resource(s)
  -------------------------------------------------------------------    -------------------
    H6                                                0.000     0.000 r  ss_load (IN)
                         net (fo=0)                   0.000     0.000    ss_load
    H6                   IBUF (Prop_ibuf_I_O)         1.467     1.467 r  ss_load_IBUF_inst/O
                         net (fo=19, routed)          4.349     5.815    chrono/hh_cnt/ff2/ss_load_IBUF
    SLICE_X0Y99          LUT3 (Prop_lut3_I0_O)        0.124     5.939 r  chrono/hh_cnt/ff2/display_in[21]_i_2/O
                         net (fo=13, routed)          1.161     7.101    chrono/ss_cnt/ff1/display_in_reg[1]_0
    SLICE_X2Y99          LUT5 (Prop_lut5_I3_O)        0.124     7.225 r  chrono/ss_cnt/ff1/display_in[1]_i_1/O
                         net (fo=1, routed)           0.000     7.225    chrono_n_18
    SLICE_X2Y99          FDRE                                         r  display_in_reg[1]/D
  -------------------------------------------------------------------    -------------------

                         (clock sys_clk_pin rise edge)
                                                      0.000     0.000 r  
    E3                                                0.000     0.000 r  clk (IN)
                         net (fo=0)                   0.000     0.000    clk
    E3                   IBUF (Prop_ibuf_I_O)         1.411     1.411 r  clk_IBUF_inst/O
                         net (fo=1, routed)           1.920     3.331    clk_IBUF
    BUFGCTRL_X0Y16       BUFG (Prop_bufg_I_O)         0.091     3.422 r  clk_IBUF_BUFG_inst/O
                         net (fo=122, routed)         1.606     5.029    clk_IBUF_BUFG
    SLICE_X2Y99          FDRE                                         r  display_in_reg[1]/C

Slack:                    inf
  Source:                 ss_load
                            (input port)
  Destination:            display_in_reg[6]/D
                            (rising edge-triggered cell FDRE clocked by sys_clk_pin  {rise@0.000ns fall@5.000ns period=10.000ns})
  Path Group:             (none)
  Path Type:              Setup (Max at Slow Process Corner)
  Data Path Delay:        7.203ns  (logic 1.715ns (23.804%)  route 5.488ns (76.196%))
  Logic Levels:           3  (IBUF=1 LUT3=1 LUT5=1)
  Clock Path Skew:        5.029ns (DCD - SCD + CPR)
    Destination Clock Delay (DCD):    5.029ns
    Source Clock Delay      (SCD):    0.000ns
    Clock Pessimism Removal (CPR):    0.000ns
  Clock Uncertainty:      0.025ns  ((TSJ^2 + TIJ^2)^1/2 + DJ) / 2 + PE
    Total System Jitter     (TSJ):    0.050ns
    Total Input Jitter      (TIJ):    0.000ns
    Discrete Jitter          (DJ):    0.000ns
    Phase Error              (PE):    0.000ns

    Location             Delay type                Incr(ns)  Path(ns)    Netlist Resource(s)
  -------------------------------------------------------------------    -------------------
    H6                                                0.000     0.000 r  ss_load (IN)
                         net (fo=0)                   0.000     0.000    ss_load
    H6                   IBUF (Prop_ibuf_I_O)         1.467     1.467 r  ss_load_IBUF_inst/O
                         net (fo=19, routed)          4.349     5.815    chrono/hh_cnt/ff2/ss_load_IBUF
    SLICE_X0Y99          LUT3 (Prop_lut3_I0_O)        0.124     5.939 r  chrono/hh_cnt/ff2/display_in[21]_i_2/O
                         net (fo=13, routed)          1.140     7.079    chrono/ss_cnt/ff4/display_in_reg[6]
    SLICE_X3Y98          LUT5 (Prop_lut5_I1_O)        0.124     7.203 r  chrono/ss_cnt/ff4/display_in[6]_i_1/O
                         net (fo=1, routed)           0.000     7.203    chrono_n_13
    SLICE_X3Y98          FDRE                                         r  display_in_reg[6]/D
  -------------------------------------------------------------------    -------------------

                         (clock sys_clk_pin rise edge)
                                                      0.000     0.000 r  
    E3                                                0.000     0.000 r  clk (IN)
                         net (fo=0)                   0.000     0.000    clk
    E3                   IBUF (Prop_ibuf_I_O)         1.411     1.411 r  clk_IBUF_inst/O
                         net (fo=1, routed)           1.920     3.331    clk_IBUF
    BUFGCTRL_X0Y16       BUFG (Prop_bufg_I_O)         0.091     3.422 r  clk_IBUF_BUFG_inst/O
                         net (fo=122, routed)         1.606     5.029    clk_IBUF_BUFG
    SLICE_X3Y98          FDRE                                         r  display_in_reg[6]/C

Slack:                    inf
  Source:                 ss_load
                            (input port)
  Destination:            display_in_reg[18]/D
                            (rising edge-triggered cell FDRE clocked by sys_clk_pin  {rise@0.000ns fall@5.000ns period=10.000ns})
  Path Group:             (none)
  Path Type:              Setup (Max at Slow Process Corner)
  Data Path Delay:        7.135ns  (logic 1.715ns (24.031%)  route 5.420ns (75.969%))
  Logic Levels:           3  (IBUF=1 LUT3=1 LUT6=1)
  Clock Path Skew:        5.029ns (DCD - SCD + CPR)
    Destination Clock Delay (DCD):    5.029ns
    Source Clock Delay      (SCD):    0.000ns
    Clock Pessimism Removal (CPR):    0.000ns
  Clock Uncertainty:      0.025ns  ((TSJ^2 + TIJ^2)^1/2 + DJ) / 2 + PE
    Total System Jitter     (TSJ):    0.050ns
    Total Input Jitter      (TIJ):    0.000ns
    Discrete Jitter          (DJ):    0.000ns
    Phase Error              (PE):    0.000ns

    Location             Delay type                Incr(ns)  Path(ns)    Netlist Resource(s)
  -------------------------------------------------------------------    -------------------
    H6                                                0.000     0.000 r  ss_load (IN)
                         net (fo=0)                   0.000     0.000    ss_load
    H6                   IBUF (Prop_ibuf_I_O)         1.467     1.467 r  ss_load_IBUF_inst/O
                         net (fo=19, routed)          4.349     5.815    chrono/hh_cnt/ff2/ss_load_IBUF
    SLICE_X0Y99          LUT3 (Prop_lut3_I0_O)        0.124     5.939 r  chrono/hh_cnt/ff2/display_in[21]_i_2/O
                         net (fo=13, routed)          1.072     7.011    chrono/hh_cnt/ff1/display_in_reg[18]_0
    SLICE_X1Y99          LUT6 (Prop_lut6_I5_O)        0.124     7.135 r  chrono/hh_cnt/ff1/display_in[18]_i_1/O
                         net (fo=1, routed)           0.000     7.135    chrono_n_3
    SLICE_X1Y99          FDRE                                         r  display_in_reg[18]/D
  -------------------------------------------------------------------    -------------------

                         (clock sys_clk_pin rise edge)
                                                      0.000     0.000 r  
    E3                                                0.000     0.000 r  clk (IN)
                         net (fo=0)                   0.000     0.000    clk
    E3                   IBUF (Prop_ibuf_I_O)         1.411     1.411 r  clk_IBUF_inst/O
                         net (fo=1, routed)           1.920     3.331    clk_IBUF
    BUFGCTRL_X0Y16       BUFG (Prop_bufg_I_O)         0.091     3.422 r  clk_IBUF_BUFG_inst/O
                         net (fo=122, routed)         1.606     5.029    clk_IBUF_BUFG
    SLICE_X1Y99          FDRE                                         r  display_in_reg[18]/C

Slack:                    inf
  Source:                 ss_load
                            (input port)
  Destination:            display_in_reg[9]/D
                            (rising edge-triggered cell FDRE clocked by sys_clk_pin  {rise@0.000ns fall@5.000ns period=10.000ns})
  Path Group:             (none)
  Path Type:              Setup (Max at Slow Process Corner)
  Data Path Delay:        7.010ns  (logic 1.715ns (24.460%)  route 5.295ns (75.540%))
  Logic Levels:           3  (IBUF=1 LUT3=1 LUT5=1)
  Clock Path Skew:        5.029ns (DCD - SCD + CPR)
    Destination Clock Delay (DCD):    5.029ns
    Source Clock Delay      (SCD):    0.000ns
    Clock Pessimism Removal (CPR):    0.000ns
  Clock Uncertainty:      0.025ns  ((TSJ^2 + TIJ^2)^1/2 + DJ) / 2 + PE
    Total System Jitter     (TSJ):    0.050ns
    Total Input Jitter      (TIJ):    0.000ns
    Discrete Jitter          (DJ):    0.000ns
    Phase Error              (PE):    0.000ns

    Location             Delay type                Incr(ns)  Path(ns)    Netlist Resource(s)
  -------------------------------------------------------------------    -------------------
    H6                                                0.000     0.000 r  ss_load (IN)
                         net (fo=0)                   0.000     0.000    ss_load
    H6                   IBUF (Prop_ibuf_I_O)         1.467     1.467 r  ss_load_IBUF_inst/O
                         net (fo=19, routed)          4.349     5.815    chrono/hh_cnt/ff2/ss_load_IBUF
    SLICE_X0Y99          LUT3 (Prop_lut3_I0_O)        0.124     5.939 r  chrono/hh_cnt/ff2/display_in[21]_i_2/O
                         net (fo=13, routed)          0.947     6.886    chrono/mm_cnt/ff1/display_in_reg[9]_0
    SLICE_X1Y97          LUT5 (Prop_lut5_I3_O)        0.124     7.010 r  chrono/mm_cnt/ff1/display_in[9]_i_1/O
                         net (fo=1, routed)           0.000     7.010    chrono_n_11
    SLICE_X1Y97          FDRE                                         r  display_in_reg[9]/D
  -------------------------------------------------------------------    -------------------

                         (clock sys_clk_pin rise edge)
                                                      0.000     0.000 r  
    E3                                                0.000     0.000 r  clk (IN)
                         net (fo=0)                   0.000     0.000    clk
    E3                   IBUF (Prop_ibuf_I_O)         1.411     1.411 r  clk_IBUF_inst/O
                         net (fo=1, routed)           1.920     3.331    clk_IBUF
    BUFGCTRL_X0Y16       BUFG (Prop_bufg_I_O)         0.091     3.422 r  clk_IBUF_BUFG_inst/O
                         net (fo=122, routed)         1.606     5.029    clk_IBUF_BUFG
    SLICE_X1Y97          FDRE                                         r  display_in_reg[9]/C

Slack:                    inf
  Source:                 ss_load
                            (input port)
  Destination:            display_in_reg[2]/D
                            (rising edge-triggered cell FDRE clocked by sys_clk_pin  {rise@0.000ns fall@5.000ns period=10.000ns})
  Path Group:             (none)
  Path Type:              Setup (Max at Slow Process Corner)
  Data Path Delay:        7.004ns  (logic 1.715ns (24.480%)  route 5.290ns (75.520%))
  Logic Levels:           3  (IBUF=1 LUT3=1 LUT6=1)
  Clock Path Skew:        5.029ns (DCD - SCD + CPR)
    Destination Clock Delay (DCD):    5.029ns
    Source Clock Delay      (SCD):    0.000ns
    Clock Pessimism Removal (CPR):    0.000ns
  Clock Uncertainty:      0.025ns  ((TSJ^2 + TIJ^2)^1/2 + DJ) / 2 + PE
    Total System Jitter     (TSJ):    0.050ns
    Total Input Jitter      (TIJ):    0.000ns
    Discrete Jitter          (DJ):    0.000ns
    Phase Error              (PE):    0.000ns

    Location             Delay type                Incr(ns)  Path(ns)    Netlist Resource(s)
  -------------------------------------------------------------------    -------------------
    H6                                                0.000     0.000 r  ss_load (IN)
                         net (fo=0)                   0.000     0.000    ss_load
    H6                   IBUF (Prop_ibuf_I_O)         1.467     1.467 r  ss_load_IBUF_inst/O
                         net (fo=19, routed)          4.349     5.815    chrono/hh_cnt/ff2/ss_load_IBUF
    SLICE_X0Y99          LUT3 (Prop_lut3_I0_O)        0.124     5.939 r  chrono/hh_cnt/ff2/display_in[21]_i_2/O
                         net (fo=13, routed)          0.941     6.880    chrono/ss_cnt/ff2/display_in_reg[5]
    SLICE_X3Y98          LUT6 (Prop_lut6_I5_O)        0.124     7.004 r  chrono/ss_cnt/ff2/display_in[2]_i_1/O
                         net (fo=1, routed)           0.000     7.004    chrono_n_17
    SLICE_X3Y98          FDRE                                         r  display_in_reg[2]/D
  -------------------------------------------------------------------    -------------------

                         (clock sys_clk_pin rise edge)
                                                      0.000     0.000 r  
    E3                                                0.000     0.000 r  clk (IN)
                         net (fo=0)                   0.000     0.000    clk
    E3                   IBUF (Prop_ibuf_I_O)         1.411     1.411 r  clk_IBUF_inst/O
                         net (fo=1, routed)           1.920     3.331    clk_IBUF
    BUFGCTRL_X0Y16       BUFG (Prop_bufg_I_O)         0.091     3.422 r  clk_IBUF_BUFG_inst/O
                         net (fo=122, routed)         1.606     5.029    clk_IBUF_BUFG
    SLICE_X3Y98          FDRE                                         r  display_in_reg[2]/C

Slack:                    inf
  Source:                 ss_load
                            (input port)
  Destination:            display_in_reg[14]/D
                            (rising edge-triggered cell FDRE clocked by sys_clk_pin  {rise@0.000ns fall@5.000ns period=10.000ns})
  Path Group:             (none)
  Path Type:              Setup (Max at Slow Process Corner)
  Data Path Delay:        6.912ns  (logic 1.715ns (24.808%)  route 5.197ns (75.192%))
  Logic Levels:           3  (IBUF=1 LUT3=1 LUT5=1)
  Clock Path Skew:        5.029ns (DCD - SCD + CPR)
    Destination Clock Delay (DCD):    5.029ns
    Source Clock Delay      (SCD):    0.000ns
    Clock Pessimism Removal (CPR):    0.000ns
  Clock Uncertainty:      0.025ns  ((TSJ^2 + TIJ^2)^1/2 + DJ) / 2 + PE
    Total System Jitter     (TSJ):    0.050ns
    Total Input Jitter      (TIJ):    0.000ns
    Discrete Jitter          (DJ):    0.000ns
    Phase Error              (PE):    0.000ns

    Location             Delay type                Incr(ns)  Path(ns)    Netlist Resource(s)
  -------------------------------------------------------------------    -------------------
    H6                                                0.000     0.000 r  ss_load (IN)
                         net (fo=0)                   0.000     0.000    ss_load
    H6                   IBUF (Prop_ibuf_I_O)         1.467     1.467 r  ss_load_IBUF_inst/O
                         net (fo=19, routed)          4.349     5.815    chrono/hh_cnt/ff2/ss_load_IBUF
    SLICE_X0Y99          LUT3 (Prop_lut3_I0_O)        0.124     5.939 r  chrono/hh_cnt/ff2/display_in[21]_i_2/O
                         net (fo=13, routed)          0.848     6.788    chrono/mm_cnt/ff4/display_in_reg[14]
    SLICE_X0Y98          LUT5 (Prop_lut5_I1_O)        0.124     6.912 r  chrono/mm_cnt/ff4/display_in[14]_i_1/O
                         net (fo=1, routed)           0.000     6.912    chrono_n_6
    SLICE_X0Y98          FDRE                                         r  display_in_reg[14]/D
  -------------------------------------------------------------------    -------------------

                         (clock sys_clk_pin rise edge)
                                                      0.000     0.000 r  
    E3                                                0.000     0.000 r  clk (IN)
                         net (fo=0)                   0.000     0.000    clk
    E3                   IBUF (Prop_ibuf_I_O)         1.411     1.411 r  clk_IBUF_inst/O
                         net (fo=1, routed)           1.920     3.331    clk_IBUF
    BUFGCTRL_X0Y16       BUFG (Prop_bufg_I_O)         0.091     3.422 r  clk_IBUF_BUFG_inst/O
                         net (fo=122, routed)         1.606     5.029    clk_IBUF_BUFG
    SLICE_X0Y98          FDRE                                         r  display_in_reg[14]/C

Slack:                    inf
  Source:                 ss_load
                            (input port)
  Destination:            display_in_reg[17]/D
                            (rising edge-triggered cell FDRE clocked by sys_clk_pin  {rise@0.000ns fall@5.000ns period=10.000ns})
  Path Group:             (none)
  Path Type:              Setup (Max at Slow Process Corner)
  Data Path Delay:        6.856ns  (logic 1.715ns (25.010%)  route 5.141ns (74.990%))
  Logic Levels:           3  (IBUF=1 LUT3=1 LUT5=1)
  Clock Path Skew:        5.012ns (DCD - SCD + CPR)
    Destination Clock Delay (DCD):    5.012ns
    Source Clock Delay      (SCD):    0.000ns
    Clock Pessimism Removal (CPR):    0.000ns
  Clock Uncertainty:      0.025ns  ((TSJ^2 + TIJ^2)^1/2 + DJ) / 2 + PE
    Total System Jitter     (TSJ):    0.050ns
    Total Input Jitter      (TIJ):    0.000ns
    Discrete Jitter          (DJ):    0.000ns
    Phase Error              (PE):    0.000ns

    Location             Delay type                Incr(ns)  Path(ns)    Netlist Resource(s)
  -------------------------------------------------------------------    -------------------
    H6                                                0.000     0.000 r  ss_load (IN)
                         net (fo=0)                   0.000     0.000    ss_load
    H6                   IBUF (Prop_ibuf_I_O)         1.467     1.467 r  ss_load_IBUF_inst/O
                         net (fo=19, routed)          4.349     5.815    chrono/hh_cnt/ff2/ss_load_IBUF
    SLICE_X0Y99          LUT3 (Prop_lut3_I0_O)        0.124     5.939 r  chrono/hh_cnt/ff2/display_in[21]_i_2/O
                         net (fo=13, routed)          0.792     6.732    chrono/hh_cnt/ff1/display_in_reg[18]_0
    SLICE_X0Y100         LUT5 (Prop_lut5_I3_O)        0.124     6.856 r  chrono/hh_cnt/ff1/display_in[17]_i_1/O
                         net (fo=1, routed)           0.000     6.856    chrono_n_4
    SLICE_X0Y100         FDRE                                         r  display_in_reg[17]/D
  -------------------------------------------------------------------    -------------------

                         (clock sys_clk_pin rise edge)
                                                      0.000     0.000 r  
    E3                                                0.000     0.000 r  clk (IN)
                         net (fo=0)                   0.000     0.000    clk
    E3                   IBUF (Prop_ibuf_I_O)         1.411     1.411 r  clk_IBUF_inst/O
                         net (fo=1, routed)           1.920     3.331    clk_IBUF
    BUFGCTRL_X0Y16       BUFG (Prop_bufg_I_O)         0.091     3.422 r  clk_IBUF_BUFG_inst/O
                         net (fo=122, routed)         1.590     5.012    clk_IBUF_BUFG
    SLICE_X0Y100         FDRE                                         r  display_in_reg[17]/C

Slack:                    inf
  Source:                 ss_load
                            (input port)
  Destination:            display_in_reg[20]/D
                            (rising edge-triggered cell FDRE clocked by sys_clk_pin  {rise@0.000ns fall@5.000ns period=10.000ns})
  Path Group:             (none)
  Path Type:              Setup (Max at Slow Process Corner)
  Data Path Delay:        6.849ns  (logic 1.715ns (25.035%)  route 5.134ns (74.965%))
  Logic Levels:           3  (IBUF=1 LUT3=1 LUT6=1)
  Clock Path Skew:        5.012ns (DCD - SCD + CPR)
    Destination Clock Delay (DCD):    5.012ns
    Source Clock Delay      (SCD):    0.000ns
    Clock Pessimism Removal (CPR):    0.000ns
  Clock Uncertainty:      0.025ns  ((TSJ^2 + TIJ^2)^1/2 + DJ) / 2 + PE
    Total System Jitter     (TSJ):    0.050ns
    Total Input Jitter      (TIJ):    0.000ns
    Discrete Jitter          (DJ):    0.000ns
    Phase Error              (PE):    0.000ns

    Location             Delay type                Incr(ns)  Path(ns)    Netlist Resource(s)
  -------------------------------------------------------------------    -------------------
    H6                                                0.000     0.000 r  ss_load (IN)
                         net (fo=0)                   0.000     0.000    ss_load
    H6                   IBUF (Prop_ibuf_I_O)         1.467     1.467 r  ss_load_IBUF_inst/O
                         net (fo=19, routed)          4.349     5.815    chrono/hh_cnt/ff2/ss_load_IBUF
    SLICE_X0Y99          LUT3 (Prop_lut3_I0_O)        0.124     5.939 r  chrono/hh_cnt/ff2/display_in[21]_i_2/O
                         net (fo=13, routed)          0.786     6.725    chrono/hh_cnt/ff4/display_in_reg[20]_0
    SLICE_X0Y100         LUT6 (Prop_lut6_I4_O)        0.124     6.849 r  chrono/hh_cnt/ff4/display_in[20]_i_1/O
                         net (fo=1, routed)           0.000     6.849    chrono_n_1
    SLICE_X0Y100         FDRE                                         r  display_in_reg[20]/D
  -------------------------------------------------------------------    -------------------

                         (clock sys_clk_pin rise edge)
                                                      0.000     0.000 r  
    E3                                                0.000     0.000 r  clk (IN)
                         net (fo=0)                   0.000     0.000    clk
    E3                   IBUF (Prop_ibuf_I_O)         1.411     1.411 r  clk_IBUF_inst/O
                         net (fo=1, routed)           1.920     3.331    clk_IBUF
    BUFGCTRL_X0Y16       BUFG (Prop_bufg_I_O)         0.091     3.422 r  clk_IBUF_BUFG_inst/O
                         net (fo=122, routed)         1.590     5.012    clk_IBUF_BUFG
    SLICE_X0Y100         FDRE                                         r  display_in_reg[20]/C





Min Delay Paths
--------------------------------------------------------------------------------------
Slack:                    inf
  Source:                 chrono/ss_cnt/ff0/curr_counter_reg/C
                            (rising edge-triggered cell FDRE)
  Destination:            display_in_reg[0]/D
                            (rising edge-triggered cell FDRE clocked by sys_clk_pin  {rise@0.000ns fall@5.000ns period=10.000ns})
  Path Group:             (none)
  Path Type:              Hold (Min at Fast Process Corner)
  Data Path Delay:        0.340ns  (logic 0.191ns (56.110%)  route 0.149ns (43.890%))
  Logic Levels:           2  (FDRE=1 LUT5=1)
  Clock Uncertainty:      0.025ns  ((TSJ^2 + TIJ^2)^1/2 + DJ) / 2 + PE
    Total System Jitter     (TSJ):    0.050ns
    Total Input Jitter      (TIJ):    0.000ns
    Discrete Jitter          (DJ):    0.000ns
    Phase Error              (PE):    0.000ns

    Location             Delay type                Incr(ns)  Path(ns)    Netlist Resource(s)
  -------------------------------------------------------------------    -------------------
    SLICE_X4Y99          FDRE                         0.000     0.000 r  chrono/ss_cnt/ff0/curr_counter_reg/C
    SLICE_X4Y99          FDRE (Prop_fdre_C_Q)         0.146     0.146 r  chrono/ss_cnt/ff0/curr_counter_reg/Q
                         net (fo=5, routed)           0.149     0.295    chrono/ss_cnt/ff0/curr_counter_reg_0
    SLICE_X4Y98          LUT5 (Prop_lut5_I4_O)        0.045     0.340 r  chrono/ss_cnt/ff0/display_in[0]_i_1/O
                         net (fo=1, routed)           0.000     0.340    chrono_n_19
    SLICE_X4Y98          FDRE                                         r  display_in_reg[0]/D
  -------------------------------------------------------------------    -------------------

                         (clock sys_clk_pin rise edge)
                                                      0.000     0.000 r  
    E3                                                0.000     0.000 r  clk (IN)
                         net (fo=0)                   0.000     0.000    clk
    E3                   IBUF (Prop_ibuf_I_O)         0.438     0.438 r  clk_IBUF_inst/O
                         net (fo=1, routed)           0.699     1.136    clk_IBUF
    BUFGCTRL_X0Y16       BUFG (Prop_bufg_I_O)         0.029     1.165 r  clk_IBUF_BUFG_inst/O
                         net (fo=122, routed)         0.875     2.040    clk_IBUF_BUFG
    SLICE_X4Y98          FDRE                                         r  display_in_reg[0]/C

Slack:                    inf
  Source:                 chrono/ss_cnt/ff4/curr_counter_reg/C
                            (rising edge-triggered cell FDRE)
  Destination:            display_in_reg[6]/D
                            (rising edge-triggered cell FDRE clocked by sys_clk_pin  {rise@0.000ns fall@5.000ns period=10.000ns})
  Path Group:             (none)
  Path Type:              Hold (Min at Fast Process Corner)
  Data Path Delay:        0.345ns  (logic 0.191ns (55.284%)  route 0.154ns (44.716%))
  Logic Levels:           2  (FDRE=1 LUT5=1)
  Clock Uncertainty:      0.025ns  ((TSJ^2 + TIJ^2)^1/2 + DJ) / 2 + PE
    Total System Jitter     (TSJ):    0.050ns
    Total Input Jitter      (TIJ):    0.000ns
    Discrete Jitter          (DJ):    0.000ns
    Phase Error              (PE):    0.000ns

    Location             Delay type                Incr(ns)  Path(ns)    Netlist Resource(s)
  -------------------------------------------------------------------    -------------------
    SLICE_X5Y97          FDRE                         0.000     0.000 r  chrono/ss_cnt/ff4/curr_counter_reg/C
    SLICE_X5Y97          FDRE (Prop_fdre_C_Q)         0.146     0.146 r  chrono/ss_cnt/ff4/curr_counter_reg/Q
                         net (fo=10, routed)          0.154     0.300    chrono/ss_cnt/ff4/curr_counter_reg_0[0]
    SLICE_X3Y98          LUT5 (Prop_lut5_I2_O)        0.045     0.345 r  chrono/ss_cnt/ff4/display_in[6]_i_1/O
                         net (fo=1, routed)           0.000     0.345    chrono_n_13
    SLICE_X3Y98          FDRE                                         r  display_in_reg[6]/D
  -------------------------------------------------------------------    -------------------

                         (clock sys_clk_pin rise edge)
                                                      0.000     0.000 r  
    E3                                                0.000     0.000 r  clk (IN)
                         net (fo=0)                   0.000     0.000    clk
    E3                   IBUF (Prop_ibuf_I_O)         0.438     0.438 r  clk_IBUF_inst/O
                         net (fo=1, routed)           0.699     1.136    clk_IBUF
    BUFGCTRL_X0Y16       BUFG (Prop_bufg_I_O)         0.029     1.165 r  clk_IBUF_BUFG_inst/O
                         net (fo=122, routed)         0.878     2.043    clk_IBUF_BUFG
    SLICE_X3Y98          FDRE                                         r  display_in_reg[6]/C

Slack:                    inf
  Source:                 chrono/hh_cnt/ff4/curr_counter_reg/C
                            (rising edge-triggered cell FDRE)
  Destination:            display_in_reg[18]/D
                            (rising edge-triggered cell FDRE clocked by sys_clk_pin  {rise@0.000ns fall@5.000ns period=10.000ns})
  Path Group:             (none)
  Path Type:              Hold (Min at Fast Process Corner)
  Data Path Delay:        0.361ns  (logic 0.191ns (52.876%)  route 0.170ns (47.124%))
  Logic Levels:           2  (FDRE=1 LUT6=1)
  Clock Uncertainty:      0.025ns  ((TSJ^2 + TIJ^2)^1/2 + DJ) / 2 + PE
    Total System Jitter     (TSJ):    0.050ns
    Total Input Jitter      (TIJ):    0.000ns
    Discrete Jitter          (DJ):    0.000ns
    Phase Error              (PE):    0.000ns

    Location             Delay type                Incr(ns)  Path(ns)    Netlist Resource(s)
  -------------------------------------------------------------------    -------------------
    SLICE_X3Y100         FDRE                         0.000     0.000 r  chrono/hh_cnt/ff4/curr_counter_reg/C
    SLICE_X3Y100         FDRE (Prop_fdre_C_Q)         0.146     0.146 r  chrono/hh_cnt/ff4/curr_counter_reg/Q
                         net (fo=6, routed)           0.170     0.316    chrono/hh_cnt/ff1/hh_temp[2]
    SLICE_X1Y99          LUT6 (Prop_lut6_I1_O)        0.045     0.361 r  chrono/hh_cnt/ff1/display_in[18]_i_1/O
                         net (fo=1, routed)           0.000     0.361    chrono_n_3
    SLICE_X1Y99          FDRE                                         r  display_in_reg[18]/D
  -------------------------------------------------------------------    -------------------

                         (clock sys_clk_pin rise edge)
                                                      0.000     0.000 r  
    E3                                                0.000     0.000 r  clk (IN)
                         net (fo=0)                   0.000     0.000    clk
    E3                   IBUF (Prop_ibuf_I_O)         0.438     0.438 r  clk_IBUF_inst/O
                         net (fo=1, routed)           0.699     1.136    clk_IBUF
    BUFGCTRL_X0Y16       BUFG (Prop_bufg_I_O)         0.029     1.165 r  clk_IBUF_BUFG_inst/O
                         net (fo=122, routed)         0.878     2.043    clk_IBUF_BUFG
    SLICE_X1Y99          FDRE                                         r  display_in_reg[18]/C

Slack:                    inf
  Source:                 chrono/hh_cnt/ff2/curr_counter_reg/C
                            (rising edge-triggered cell FDRE)
  Destination:            display_in_reg[19]/D
                            (rising edge-triggered cell FDRE clocked by sys_clk_pin  {rise@0.000ns fall@5.000ns period=10.000ns})
  Path Group:             (none)
  Path Type:              Hold (Min at Fast Process Corner)
  Data Path Delay:        0.361ns  (logic 0.212ns (58.672%)  route 0.149ns (41.328%))
  Logic Levels:           2  (FDRE=1 LUT6=1)
  Clock Uncertainty:      0.025ns  ((TSJ^2 + TIJ^2)^1/2 + DJ) / 2 + PE
    Total System Jitter     (TSJ):    0.050ns
    Total Input Jitter      (TIJ):    0.000ns
    Discrete Jitter          (DJ):    0.000ns
    Phase Error              (PE):    0.000ns

    Location             Delay type                Incr(ns)  Path(ns)    Netlist Resource(s)
  -------------------------------------------------------------------    -------------------
    SLICE_X2Y100         FDRE                         0.000     0.000 r  chrono/hh_cnt/ff2/curr_counter_reg/C
    SLICE_X2Y100         FDRE (Prop_fdre_C_Q)         0.167     0.167 r  chrono/hh_cnt/ff2/curr_counter_reg/Q
                         net (fo=7, routed)           0.149     0.316    chrono/hh_cnt/ff2/hh_temp[0]
    SLICE_X1Y99          LUT6 (Prop_lut6_I0_O)        0.045     0.361 r  chrono/hh_cnt/ff2/display_in[19]_i_1/O
                         net (fo=1, routed)           0.000     0.361    chrono_n_2
    SLICE_X1Y99          FDRE                                         r  display_in_reg[19]/D
  -------------------------------------------------------------------    -------------------

                         (clock sys_clk_pin rise edge)
                                                      0.000     0.000 r  
    E3                                                0.000     0.000 r  clk (IN)
                         net (fo=0)                   0.000     0.000    clk
    E3                   IBUF (Prop_ibuf_I_O)         0.438     0.438 r  clk_IBUF_inst/O
                         net (fo=1, routed)           0.699     1.136    clk_IBUF
    BUFGCTRL_X0Y16       BUFG (Prop_bufg_I_O)         0.029     1.165 r  clk_IBUF_BUFG_inst/O
                         net (fo=122, routed)         0.878     2.043    clk_IBUF_BUFG
    SLICE_X1Y99          FDRE                                         r  display_in_reg[19]/C

Slack:                    inf
  Source:                 chrono/mm_cnt/ff1/curr_counter_reg/C
                            (rising edge-triggered cell FDRE)
  Destination:            display_in_reg[10]/D
                            (rising edge-triggered cell FDRE clocked by sys_clk_pin  {rise@0.000ns fall@5.000ns period=10.000ns})
  Path Group:             (none)
  Path Type:              Hold (Min at Fast Process Corner)
  Data Path Delay:        0.376ns  (logic 0.191ns (50.827%)  route 0.185ns (49.173%))
  Logic Levels:           2  (FDRE=1 LUT6=1)
  Clock Uncertainty:      0.025ns  ((TSJ^2 + TIJ^2)^1/2 + DJ) / 2 + PE
    Total System Jitter     (TSJ):    0.050ns
    Total Input Jitter      (TIJ):    0.000ns
    Discrete Jitter          (DJ):    0.000ns
    Phase Error              (PE):    0.000ns

    Location             Delay type                Incr(ns)  Path(ns)    Netlist Resource(s)
  -------------------------------------------------------------------    -------------------
    SLICE_X3Y97          FDRE                         0.000     0.000 r  chrono/mm_cnt/ff1/curr_counter_reg/C
    SLICE_X3Y97          FDRE (Prop_fdre_C_Q)         0.146     0.146 r  chrono/mm_cnt/ff1/curr_counter_reg/Q
                         net (fo=7, routed)           0.185     0.331    chrono/mm_cnt/ff2/display_in_reg[10]
    SLICE_X2Y98          LUT6 (Prop_lut6_I2_O)        0.045     0.376 r  chrono/mm_cnt/ff2/display_in[10]_i_1/O
                         net (fo=1, routed)           0.000     0.376    chrono_n_10
    SLICE_X2Y98          FDRE                                         r  display_in_reg[10]/D
  -------------------------------------------------------------------    -------------------

                         (clock sys_clk_pin rise edge)
                                                      0.000     0.000 r  
    E3                                                0.000     0.000 r  clk (IN)
                         net (fo=0)                   0.000     0.000    clk
    E3                   IBUF (Prop_ibuf_I_O)         0.438     0.438 r  clk_IBUF_inst/O
                         net (fo=1, routed)           0.699     1.136    clk_IBUF
    BUFGCTRL_X0Y16       BUFG (Prop_bufg_I_O)         0.029     1.165 r  clk_IBUF_BUFG_inst/O
                         net (fo=122, routed)         0.878     2.043    clk_IBUF_BUFG
    SLICE_X2Y98          FDRE                                         r  display_in_reg[10]/C

Slack:                    inf
  Source:                 chrono/mm_cnt/ff0/curr_counter_reg/C
                            (rising edge-triggered cell FDRE)
  Destination:            display_in_reg[8]/D
                            (rising edge-triggered cell FDRE clocked by sys_clk_pin  {rise@0.000ns fall@5.000ns period=10.000ns})
  Path Group:             (none)
  Path Type:              Hold (Min at Fast Process Corner)
  Data Path Delay:        0.417ns  (logic 0.191ns (45.850%)  route 0.226ns (54.150%))
  Logic Levels:           2  (FDRE=1 LUT5=1)
  Clock Uncertainty:      0.025ns  ((TSJ^2 + TIJ^2)^1/2 + DJ) / 2 + PE
    Total System Jitter     (TSJ):    0.050ns
    Total Input Jitter      (TIJ):    0.000ns
    Discrete Jitter          (DJ):    0.000ns
    Phase Error              (PE):    0.000ns

    Location             Delay type                Incr(ns)  Path(ns)    Netlist Resource(s)
  -------------------------------------------------------------------    -------------------
    SLICE_X3Y97          FDRE                         0.000     0.000 r  chrono/mm_cnt/ff0/curr_counter_reg/C
    SLICE_X3Y97          FDRE (Prop_fdre_C_Q)         0.146     0.146 r  chrono/mm_cnt/ff0/curr_counter_reg/Q
                         net (fo=4, routed)           0.226     0.372    chrono/mm_cnt/ff0/curr_counter_reg_0
    SLICE_X3Y98          LUT5 (Prop_lut5_I4_O)        0.045     0.417 r  chrono/mm_cnt/ff0/display_in[8]_i_1/O
                         net (fo=1, routed)           0.000     0.417    chrono_n_12
    SLICE_X3Y98          FDRE                                         r  display_in_reg[8]/D
  -------------------------------------------------------------------    -------------------

                         (clock sys_clk_pin rise edge)
                                                      0.000     0.000 r  
    E3                                                0.000     0.000 r  clk (IN)
                         net (fo=0)                   0.000     0.000    clk
    E3                   IBUF (Prop_ibuf_I_O)         0.438     0.438 r  clk_IBUF_inst/O
                         net (fo=1, routed)           0.699     1.136    clk_IBUF
    BUFGCTRL_X0Y16       BUFG (Prop_bufg_I_O)         0.029     1.165 r  clk_IBUF_BUFG_inst/O
                         net (fo=122, routed)         0.878     2.043    clk_IBUF_BUFG
    SLICE_X3Y98          FDRE                                         r  display_in_reg[8]/C

Slack:                    inf
  Source:                 chrono/mm_cnt/ff1/curr_counter_reg/C
                            (rising edge-triggered cell FDRE)
  Destination:            display_in_reg[9]/D
                            (rising edge-triggered cell FDRE clocked by sys_clk_pin  {rise@0.000ns fall@5.000ns period=10.000ns})
  Path Group:             (none)
  Path Type:              Hold (Min at Fast Process Corner)
  Data Path Delay:        0.427ns  (logic 0.191ns (44.772%)  route 0.236ns (55.228%))
  Logic Levels:           2  (FDRE=1 LUT5=1)
  Clock Uncertainty:      0.025ns  ((TSJ^2 + TIJ^2)^1/2 + DJ) / 2 + PE
    Total System Jitter     (TSJ):    0.050ns
    Total Input Jitter      (TIJ):    0.000ns
    Discrete Jitter          (DJ):    0.000ns
    Phase Error              (PE):    0.000ns

    Location             Delay type                Incr(ns)  Path(ns)    Netlist Resource(s)
  -------------------------------------------------------------------    -------------------
    SLICE_X3Y97          FDRE                         0.000     0.000 r  chrono/mm_cnt/ff1/curr_counter_reg/C
    SLICE_X3Y97          FDRE (Prop_fdre_C_Q)         0.146     0.146 r  chrono/mm_cnt/ff1/curr_counter_reg/Q
                         net (fo=7, routed)           0.236     0.382    chrono/mm_cnt/ff1/curr_counter_reg_0
    SLICE_X1Y97          LUT5 (Prop_lut5_I2_O)        0.045     0.427 r  chrono/mm_cnt/ff1/display_in[9]_i_1/O
                         net (fo=1, routed)           0.000     0.427    chrono_n_11
    SLICE_X1Y97          FDRE                                         r  display_in_reg[9]/D
  -------------------------------------------------------------------    -------------------

                         (clock sys_clk_pin rise edge)
                                                      0.000     0.000 r  
    E3                                                0.000     0.000 r  clk (IN)
                         net (fo=0)                   0.000     0.000    clk
    E3                   IBUF (Prop_ibuf_I_O)         0.438     0.438 r  clk_IBUF_inst/O
                         net (fo=1, routed)           0.699     1.136    clk_IBUF
    BUFGCTRL_X0Y16       BUFG (Prop_bufg_I_O)         0.029     1.165 r  clk_IBUF_BUFG_inst/O
                         net (fo=122, routed)         0.878     2.043    clk_IBUF_BUFG
    SLICE_X1Y97          FDRE                                         r  display_in_reg[9]/C

Slack:                    inf
  Source:                 chrono/mm_cnt/ff3/curr_counter_reg/C
                            (rising edge-triggered cell FDRE)
  Destination:            display_in_reg[14]/D
                            (rising edge-triggered cell FDRE clocked by sys_clk_pin  {rise@0.000ns fall@5.000ns period=10.000ns})
  Path Group:             (none)
  Path Type:              Hold (Min at Fast Process Corner)
  Data Path Delay:        0.491ns  (logic 0.212ns (43.220%)  route 0.279ns (56.780%))
  Logic Levels:           2  (FDRE=1 LUT5=1)
  Clock Uncertainty:      0.025ns  ((TSJ^2 + TIJ^2)^1/2 + DJ) / 2 + PE
    Total System Jitter     (TSJ):    0.050ns
    Total Input Jitter      (TIJ):    0.000ns
    Discrete Jitter          (DJ):    0.000ns
    Phase Error              (PE):    0.000ns

    Location             Delay type                Incr(ns)  Path(ns)    Netlist Resource(s)
  -------------------------------------------------------------------    -------------------
    SLICE_X2Y96          FDRE                         0.000     0.000 r  chrono/mm_cnt/ff3/curr_counter_reg/C
    SLICE_X2Y96          FDRE (Prop_fdre_C_Q)         0.167     0.167 r  chrono/mm_cnt/ff3/curr_counter_reg/Q
                         net (fo=11, routed)          0.279     0.446    chrono/mm_cnt/ff4/mm_temp[1]
    SLICE_X0Y98          LUT5 (Prop_lut5_I3_O)        0.045     0.491 r  chrono/mm_cnt/ff4/display_in[14]_i_1/O
                         net (fo=1, routed)           0.000     0.491    chrono_n_6
    SLICE_X0Y98          FDRE                                         r  display_in_reg[14]/D
  -------------------------------------------------------------------    -------------------

                         (clock sys_clk_pin rise edge)
                                                      0.000     0.000 r  
    E3                                                0.000     0.000 r  clk (IN)
                         net (fo=0)                   0.000     0.000    clk
    E3                   IBUF (Prop_ibuf_I_O)         0.438     0.438 r  clk_IBUF_inst/O
                         net (fo=1, routed)           0.699     1.136    clk_IBUF
    BUFGCTRL_X0Y16       BUFG (Prop_bufg_I_O)         0.029     1.165 r  clk_IBUF_BUFG_inst/O
                         net (fo=122, routed)         0.878     2.043    clk_IBUF_BUFG
    SLICE_X0Y98          FDRE                                         r  display_in_reg[14]/C

Slack:                    inf
  Source:                 chrono/ss_cnt/ff1/curr_counter_reg/C
                            (rising edge-triggered cell FDRE)
  Destination:            display_in_reg[1]/D
                            (rising edge-triggered cell FDRE clocked by sys_clk_pin  {rise@0.000ns fall@5.000ns period=10.000ns})
  Path Group:             (none)
  Path Type:              Hold (Min at Fast Process Corner)
  Data Path Delay:        0.506ns  (logic 0.191ns (37.750%)  route 0.315ns (62.250%))
  Logic Levels:           2  (FDRE=1 LUT5=1)
  Clock Uncertainty:      0.025ns  ((TSJ^2 + TIJ^2)^1/2 + DJ) / 2 + PE
    Total System Jitter     (TSJ):    0.050ns
    Total Input Jitter      (TIJ):    0.000ns
    Discrete Jitter          (DJ):    0.000ns
    Phase Error              (PE):    0.000ns

    Location             Delay type                Incr(ns)  Path(ns)    Netlist Resource(s)
  -------------------------------------------------------------------    -------------------
    SLICE_X4Y99          FDRE                         0.000     0.000 r  chrono/ss_cnt/ff1/curr_counter_reg/C
    SLICE_X4Y99          FDRE (Prop_fdre_C_Q)         0.146     0.146 r  chrono/ss_cnt/ff1/curr_counter_reg/Q
                         net (fo=8, routed)           0.315     0.461    chrono/ss_cnt/ff1/ss_temp[0]
    SLICE_X2Y99          LUT5 (Prop_lut5_I2_O)        0.045     0.506 r  chrono/ss_cnt/ff1/display_in[1]_i_1/O
                         net (fo=1, routed)           0.000     0.506    chrono_n_18
    SLICE_X2Y99          FDRE                                         r  display_in_reg[1]/D
  -------------------------------------------------------------------    -------------------

                         (clock sys_clk_pin rise edge)
                                                      0.000     0.000 r  
    E3                                                0.000     0.000 r  clk (IN)
                         net (fo=0)                   0.000     0.000    clk
    E3                   IBUF (Prop_ibuf_I_O)         0.438     0.438 r  clk_IBUF_inst/O
                         net (fo=1, routed)           0.699     1.136    clk_IBUF
    BUFGCTRL_X0Y16       BUFG (Prop_bufg_I_O)         0.029     1.165 r  clk_IBUF_BUFG_inst/O
                         net (fo=122, routed)         0.878     2.043    clk_IBUF_BUFG
    SLICE_X2Y99          FDRE                                         r  display_in_reg[1]/C

Slack:                    inf
  Source:                 chrono/hh_cnt/ff0/curr_counter_reg/C
                            (rising edge-triggered cell FDRE)
  Destination:            display_in_reg[16]/D
                            (rising edge-triggered cell FDRE clocked by sys_clk_pin  {rise@0.000ns fall@5.000ns period=10.000ns})
  Path Group:             (none)
  Path Type:              Hold (Min at Fast Process Corner)
  Data Path Delay:        0.525ns  (logic 0.212ns (40.393%)  route 0.313ns (59.607%))
  Logic Levels:           2  (FDRE=1 LUT5=1)
  Clock Uncertainty:      0.025ns  ((TSJ^2 + TIJ^2)^1/2 + DJ) / 2 + PE
    Total System Jitter     (TSJ):    0.050ns
    Total Input Jitter      (TIJ):    0.000ns
    Discrete Jitter          (DJ):    0.000ns
    Phase Error              (PE):    0.000ns

    Location             Delay type                Incr(ns)  Path(ns)    Netlist Resource(s)
  -------------------------------------------------------------------    -------------------
    SLICE_X2Y100         FDRE                         0.000     0.000 r  chrono/hh_cnt/ff0/curr_counter_reg/C
    SLICE_X2Y100         FDRE (Prop_fdre_C_Q)         0.167     0.167 r  chrono/hh_cnt/ff0/curr_counter_reg/Q
                         net (fo=4, routed)           0.313     0.480    chrono/hh_cnt/ff0/curr_counter_reg_0
    SLICE_X2Y99          LUT5 (Prop_lut5_I4_O)        0.045     0.525 r  chrono/hh_cnt/ff0/display_in[16]_i_1/O
                         net (fo=1, routed)           0.000     0.525    chrono_n_5
    SLICE_X2Y99          FDRE                                         r  display_in_reg[16]/D
  -------------------------------------------------------------------    -------------------

                         (clock sys_clk_pin rise edge)
                                                      0.000     0.000 r  
    E3                                                0.000     0.000 r  clk (IN)
                         net (fo=0)                   0.000     0.000    clk
    E3                   IBUF (Prop_ibuf_I_O)         0.438     0.438 r  clk_IBUF_inst/O
                         net (fo=1, routed)           0.699     1.136    clk_IBUF
    BUFGCTRL_X0Y16       BUFG (Prop_bufg_I_O)         0.029     1.165 r  clk_IBUF_BUFG_inst/O
                         net (fo=122, routed)         0.878     2.043    clk_IBUF_BUFG
    SLICE_X2Y99          FDRE                                         r  display_in_reg[16]/C





