#-----------------------------------------------------------
# Vivado v2023.1 (64-bit)
# SW Build 3865809 on Sun May  7 15:05:29 MDT 2023
# IP Build 3864474 on Sun May  7 20:36:21 MDT 2023
# SharedData Build 3865790 on Sun May 07 13:33:03 MDT 2023
# Start of session at: Sun Dec 22 13:54:58 2024
# Process ID: 18068
# Current directory: D:/Scuola/Anno 2024-2025/Architettura dei Sistemi Digitali/Elaborato/exe-5.1
# Command line: vivado.exe -gui_launcher_event rodinguilauncherevent1792 D:\Scuola\Anno 2024-2025\Architettura dei Sistemi Digitali\Elaborato\exe-5.1\exe-5.1.xpr
# Log file: D:/Scuola/Anno 2024-2025/Architettura dei Sistemi Digitali/Elaborato/exe-5.1/vivado.log
# Journal file: D:/Scuola/Anno 2024-2025/Architettura dei Sistemi Digitali/Elaborato/exe-5.1\vivado.jou
# Running On: DESKTOP-4MKFJFT, OS: Windows, CPU Frequency: 3600 MHz, CPU Physical cores: 8, Host memory: 17093 MB
#-----------------------------------------------------------
start_gui
open_project {D:/Scuola/Anno 2024-2025/Architettura dei Sistemi Digitali/Elaborato/exe-5.1/exe-5.1.xpr}
WARNING: [Board 49-26] cannot add Board Part digilentinc.com:arty-z7-10:part0:1.1 available at D:/Programmi/Vivado2023.1/Vivado/2023.1/data/boards/board_files/arty-z7-10/A.0/board.xml as part xc7z010clg400-1 specified in board_part file is either invalid or not available
WARNING: [Board 49-26] cannot add Board Part digilentinc.com:arty-z7-20:part0:1.1 available at D:/Programmi/Vivado2023.1/Vivado/2023.1/data/boards/board_files/arty-z7-20/A.0/board.xml as part xc7z020clg400-1 specified in board_part file is either invalid or not available
WARNING: [Board 49-26] cannot add Board Part digilentinc.com:cora-z7-07s:part0:1.1 available at D:/Programmi/Vivado2023.1/Vivado/2023.1/data/boards/board_files/cora-z7-07s/B.0/board.xml as part xc7z007sclg400-1 specified in board_part file is either invalid or not available
WARNING: [Board 49-26] cannot add Board Part digilentinc.com:cora-z7-10:part0:1.1 available at D:/Programmi/Vivado2023.1/Vivado/2023.1/data/boards/board_files/cora-z7-10/B.0/board.xml as part xc7z010clg400-1 specified in board_part file is either invalid or not available
WARNING: [Board 49-26] cannot add Board Part digilentinc.com:eclypse-z7:part0:1.0 available at D:/Programmi/Vivado2023.1/Vivado/2023.1/data/boards/board_files/eclypse-z7/A.0/board.xml as part xc7z020clg484-1 specified in board_part file is either invalid or not available
WARNING: [Board 49-26] cannot add Board Part digilentinc.com:eclypse-z7:part0:1.1 available at D:/Programmi/Vivado2023.1/Vivado/2023.1/data/boards/board_files/eclypse-z7/B.0/board.xml as part xc7z020clg484-1 specified in board_part file is either invalid or not available
WARNING: [Board 49-26] cannot add Board Part digilentinc.com:genesys2:part0:1.1 available at D:/Programmi/Vivado2023.1/Vivado/2023.1/data/boards/board_files/genesys2/H/board.xml as part xc7k325tffg900-2 specified in board_part file is either invalid or not available
WARNING: [Board 49-26] cannot add Board Part digilentinc.com:gzu_3eg:part0:1.0 available at D:/Programmi/Vivado2023.1/Vivado/2023.1/data/boards/board_files/genesys-zu-3eg/B.0/board.xml as part xczu3eg-sfvc784-1-e specified in board_part file is either invalid or not available
WARNING: [Board 49-26] cannot add Board Part digilentinc.com:gzu_3eg:part0:1.1 available at D:/Programmi/Vivado2023.1/Vivado/2023.1/data/boards/board_files/genesys-zu-3eg/D.0/board.xml as part xczu3eg-sfvc784-1-e specified in board_part file is either invalid or not available
WARNING: [Board 49-26] cannot add Board Part digilentinc.com:gzu_5ev:part0:1.1 available at D:/Programmi/Vivado2023.1/Vivado/2023.1/data/boards/board_files/genesys-zu-5ev/C.0/board.xml as part xczu5ev-sfvc784-1-e specified in board_part file is either invalid or not available
WARNING: [Board 49-26] cannot add Board Part digilentinc.com:sword:part0:1.0 available at D:/Programmi/Vivado2023.1/Vivado/2023.1/data/boards/board_files/sword/C.0/board.xml as part xc7k325tffg900-2 specified in board_part file is either invalid or not available
WARNING: [Board 49-26] cannot add Board Part digilentinc.com:zedboard:part0:1.1 available at D:/Programmi/Vivado2023.1/Vivado/2023.1/data/boards/board_files/zedboard/1.3/board.xml as part xc7z020clg484-1 specified in board_part file is either invalid or not available
WARNING: [Board 49-26] cannot add Board Part digilentinc.com:zybo-z7-10:part0:1.2 available at D:/Programmi/Vivado2023.1/Vivado/2023.1/data/boards/board_files/zybo-z7-10/A.0/board.xml as part xc7z010clg400-1 specified in board_part file is either invalid or not available
WARNING: [Board 49-26] cannot add Board Part digilentinc.com:zybo-z7-20:part0:1.2 available at D:/Programmi/Vivado2023.1/Vivado/2023.1/data/boards/board_files/zybo-z7-20/A.0/board.xml as part xc7z020clg400-1 specified in board_part file is either invalid or not available
WARNING: [Board 49-26] cannot add Board Part digilentinc.com:zybo:part0:1.0 available at D:/Programmi/Vivado2023.1/Vivado/2023.1/data/boards/board_files/zybo/B.3/board.xml as part xc7z010clg400-1 specified in board_part file is either invalid or not available
WARNING: [Board 49-26] cannot add Board Part digilentinc.com:zybo:part0:2.0 available at D:/Programmi/Vivado2023.1/Vivado/2023.1/data/boards/board_files/zybo/B.4/board.xml as part xc7z010clg400-1 specified in board_part file is either invalid or not available
WARNING: [Board 49-26] cannot add Board Part xilinx.com:k26c:part0:1.2 available at D:/Programmi/Vivado2023.1/Vivado/2023.1/data/xhub/boards/XilinxBoardStore/boards/Xilinx/k26c/1.2/board.xml as part xck26-sfvc784-2lv-c specified in board_part file is either invalid or not available
WARNING: [Board 49-26] cannot add Board Part xilinx.com:k26c:part0:1.3 available at D:/Programmi/Vivado2023.1/Vivado/2023.1/data/xhub/boards/XilinxBoardStore/boards/Xilinx/k26c/1.3/board.xml as part xck26-sfvc784-2lv-c specified in board_part file is either invalid or not available
WARNING: [Board 49-26] cannot add Board Part xilinx.com:k26c:part0:1.4 available at D:/Programmi/Vivado2023.1/Vivado/2023.1/data/xhub/boards/XilinxBoardStore/boards/Xilinx/k26c/1.4/board.xml as part xck26-sfvc784-2lv-c specified in board_part file is either invalid or not available
WARNING: [Board 49-26] cannot add Board Part xilinx.com:k26i:part0:1.2 available at D:/Programmi/Vivado2023.1/Vivado/2023.1/data/xhub/boards/XilinxBoardStore/boards/Xilinx/k26i/1.2/board.xml as part xck26-sfvc784-2lvi-i specified in board_part file is either invalid or not available
WARNING: [Board 49-26] cannot add Board Part xilinx.com:k26i:part0:1.3 available at D:/Programmi/Vivado2023.1/Vivado/2023.1/data/xhub/boards/XilinxBoardStore/boards/Xilinx/k26i/1.3/board.xml as part xck26-sfvc784-2lvi-i specified in board_part file is either invalid or not available
WARNING: [Board 49-26] cannot add Board Part xilinx.com:k26i:part0:1.4 available at D:/Programmi/Vivado2023.1/Vivado/2023.1/data/xhub/boards/XilinxBoardStore/boards/Xilinx/k26i/1.4/board.xml as part xck26-sfvc784-2lvi-i specified in board_part file is either invalid or not available
WARNING: [Board 49-26] cannot add Board Part xilinx.com:kc705:part0:1.6 available at D:/Programmi/Vivado2023.1/Vivado/2023.1/data/xhub/boards/XilinxBoardStore/boards/Xilinx/kc705/1.6/board.xml as part xc7k325tffg900-2 specified in board_part file is either invalid or not available
WARNING: [Board 49-26] cannot add Board Part xilinx.com:kcu105:part0:1.6 available at D:/Programmi/Vivado2023.1/Vivado/2023.1/data/xhub/boards/XilinxBoardStore/boards/Xilinx/kcu105/1.6/board.xml as part xcku040-ffva1156-2-e specified in board_part file is either invalid or not available
WARNING: [Board 49-26] cannot add Board Part xilinx.com:kcu105:part0:1.7 available at D:/Programmi/Vivado2023.1/Vivado/2023.1/data/xhub/boards/XilinxBoardStore/boards/Xilinx/kcu105/1.7/board.xml as part xcku040-ffva1156-2-e specified in board_part file is either invalid or not available
WARNING: [Board 49-26] cannot add Board Part xilinx.com:kcu116:part0:1.4 available at D:/Programmi/Vivado2023.1/Vivado/2023.1/data/xhub/boards/XilinxBoardStore/boards/Xilinx/kcu116/1.4/board.xml as part xcku5p-ffvb676-2-e specified in board_part file is either invalid or not available
WARNING: [Board 49-26] cannot add Board Part xilinx.com:kcu116:part0:1.5 available at D:/Programmi/Vivado2023.1/Vivado/2023.1/data/xhub/boards/XilinxBoardStore/boards/Xilinx/kcu116/1.5/board.xml as part xcku5p-ffvb676-2-e specified in board_part file is either invalid or not available
WARNING: [Board 49-26] cannot add Board Part xilinx.com:kcu1500:part0:1.2 available at D:/Programmi/Vivado2023.1/Vivado/2023.1/data/xhub/boards/XilinxBoardStore/boards/Xilinx/kcu1500/1.2/board.xml as part xcku115-flvb2104-2-e specified in board_part file is either invalid or not available
WARNING: [Board 49-26] cannot add Board Part xilinx.com:kr260_som:part0:1.0 available at D:/Programmi/Vivado2023.1/Vivado/2023.1/data/xhub/boards/XilinxBoardStore/boards/Xilinx/kr260_som/1.0/board.xml as part xck26-sfvc784-2lv-c specified in board_part file is either invalid or not available
WARNING: [Board 49-26] cannot add Board Part xilinx.com:kr260_som:part0:1.1 available at D:/Programmi/Vivado2023.1/Vivado/2023.1/data/xhub/boards/XilinxBoardStore/boards/Xilinx/kr260_som/1.1/board.xml as part xck26-sfvc784-2lv-c specified in board_part file is either invalid or not available
WARNING: [Board 49-26] cannot add Board Part xilinx.com:kv260_som:part0:1.2 available at D:/Programmi/Vivado2023.1/Vivado/2023.1/data/xhub/boards/XilinxBoardStore/boards/Xilinx/kv260_som/1.2/board.xml as part xck26-sfvc784-2lv-c specified in board_part file is either invalid or not available
WARNING: [Board 49-26] cannot add Board Part xilinx.com:kv260_som:part0:1.3 available at D:/Programmi/Vivado2023.1/Vivado/2023.1/data/xhub/boards/XilinxBoardStore/boards/Xilinx/kv260_som/1.3/board.xml as part xck26-sfvc784-2lv-c specified in board_part file is either invalid or not available
WARNING: [Board 49-26] cannot add Board Part xilinx.com:kv260_som:part0:1.4 available at D:/Programmi/Vivado2023.1/Vivado/2023.1/data/xhub/boards/XilinxBoardStore/boards/Xilinx/kv260_som/1.4/board.xml as part xck26-sfvc784-2lv-c specified in board_part file is either invalid or not available
WARNING: [Board 49-26] cannot add Board Part xilinx.com:vc707:part0:1.4 available at D:/Programmi/Vivado2023.1/Vivado/2023.1/data/xhub/boards/XilinxBoardStore/boards/Xilinx/vc707/1.4/board.xml as part xc7vx485tffg1761-2 specified in board_part file is either invalid or not available
WARNING: [Board 49-26] cannot add Board Part xilinx.com:vc709:part0:1.8 available at D:/Programmi/Vivado2023.1/Vivado/2023.1/data/xhub/boards/XilinxBoardStore/boards/Xilinx/vc709/1.8/board.xml as part xc7vx690tffg1761-2 specified in board_part file is either invalid or not available
WARNING: [Board 49-26] cannot add Board Part xilinx.com:vck190:part0:2.2 available at D:/Programmi/Vivado2023.1/Vivado/2023.1/data/xhub/boards/XilinxBoardStore/boards/Xilinx/vck190/production/2.2/board.xml as part xcvc1902-vsva2197-2mp-e-s specified in board_part file is either invalid or not available
WARNING: [Board 49-26] cannot add Board Part xilinx.com:vck190:part0:3.0 available at D:/Programmi/Vivado2023.1/Vivado/2023.1/data/xhub/boards/XilinxBoardStore/boards/Xilinx/vck190/production/3.0/board.xml as part xcvc1902-vsva2197-2mp-e-s specified in board_part file is either invalid or not available
WARNING: [Board 49-26] cannot add Board Part xilinx.com:vck190:part0:3.1 available at D:/Programmi/Vivado2023.1/Vivado/2023.1/data/xhub/boards/XilinxBoardStore/boards/Xilinx/vck190/production/3.1/board.xml as part xcvc1902-vsva2197-2mp-e-s specified in board_part file is either invalid or not available
WARNING: [Board 49-26] cannot add Board Part xilinx.com:vck190:part0:3.2 available at D:/Programmi/Vivado2023.1/Vivado/2023.1/data/xhub/boards/XilinxBoardStore/boards/Xilinx/vck190/production/3.2/board.xml as part xcvc1902-vsva2197-2mp-e-s specified in board_part file is either invalid or not available
WARNING: [Board 49-26] cannot add Board Part xilinx.com:vck190_newl:part0:1.0 available at D:/Programmi/Vivado2023.1/Vivado/2023.1/data/xhub/boards/XilinxBoardStore/boards/Xilinx/vck190_newl/production/1.0/board.xml as part xcvc1902-vsva2197-2mp-e-s specified in board_part file is either invalid or not available
WARNING: [Board 49-26] cannot add Board Part xilinx.com:vck190_newl:part0:1.1 available at D:/Programmi/Vivado2023.1/Vivado/2023.1/data/xhub/boards/XilinxBoardStore/boards/Xilinx/vck190_newl/production/1.1/board.xml as part xcvc1902-vsva2197-2mp-e-s specified in board_part file is either invalid or not available
WARNING: [Board 49-26] cannot add Board Part xilinx.com:vcu108:part0:1.6 available at D:/Programmi/Vivado2023.1/Vivado/2023.1/data/xhub/boards/XilinxBoardStore/boards/Xilinx/vcu108/1.6/board.xml as part xcvu095-ffva2104-2-e specified in board_part file is either invalid or not available
WARNING: [Board 49-26] cannot add Board Part xilinx.com:vcu108:part0:1.7 available at D:/Programmi/Vivado2023.1/Vivado/2023.1/data/xhub/boards/XilinxBoardStore/boards/Xilinx/vcu108/1.7/board.xml as part xcvu095-ffva2104-2-e specified in board_part file is either invalid or not available
WARNING: [Board 49-26] cannot add Board Part xilinx.com:vcu110:part0:1.4 available at D:/Programmi/Vivado2023.1/Vivado/2023.1/data/xhub/boards/XilinxBoardStore/boards/Xilinx/vcu110/1.4/board.xml as part xcvu190-flgc2104-2-e specified in board_part file is either invalid or not available
WARNING: [Board 49-26] cannot add Board Part xilinx.com:vcu118:part0:2.0 available at D:/Programmi/Vivado2023.1/Vivado/2023.1/data/xhub/boards/XilinxBoardStore/boards/Xilinx/vcu118/2.0/board.xml as part xcvu9p-flga2104-2l-e specified in board_part file is either invalid or not available
WARNING: [Board 49-26] cannot add Board Part xilinx.com:vcu118:part0:2.3 available at D:/Programmi/Vivado2023.1/Vivado/2023.1/data/xhub/boards/XilinxBoardStore/boards/Xilinx/vcu118/2.3/board.xml as part xcvu9p-flga2104-2l-e specified in board_part file is either invalid or not available
WARNING: [Board 49-26] cannot add Board Part xilinx.com:vcu118:part0:2.4 available at D:/Programmi/Vivado2023.1/Vivado/2023.1/data/xhub/boards/XilinxBoardStore/boards/Xilinx/vcu118/2.4/board.xml as part xcvu9p-flga2104-2l-e specified in board_part file is either invalid or not available
WARNING: [Board 49-26] cannot add Board Part xilinx.com:vcu128:part0:1.0 available at D:/Programmi/Vivado2023.1/Vivado/2023.1/data/xhub/boards/XilinxBoardStore/boards/Xilinx/vcu128/production/1.0/board.xml as part xcvu37p-fsvh2892-2l-e specified in board_part file is either invalid or not available
WARNING: [Board 49-26] cannot add Board Part xilinx.com:vcu129:part0:1.0 available at D:/Programmi/Vivado2023.1/Vivado/2023.1/data/xhub/boards/XilinxBoardStore/boards/Xilinx/vcu129/production/1.0/board.xml as part xcvu29p-fsga2577-2l-e specified in board_part file is either invalid or not available
WARNING: [Board 49-26] cannot add Board Part xilinx.com:vcu1525:part0:1.3 available at D:/Programmi/Vivado2023.1/Vivado/2023.1/data/xhub/boards/XilinxBoardStore/boards/Xilinx/vcu1525/1.3/board.xml as part xcvu9p-fsgd2104-2l-e specified in board_part file is either invalid or not available
WARNING: [Board 49-26] cannot add Board Part xilinx.com:vek280_es:part0:1.0 available at D:/Programmi/Vivado2023.1/Vivado/2023.1/data/xhub/boards/XilinxBoardStore/boards/Xilinx/vek280/es/rev_a/1.0/board.xml as part xcve2802-vsvh1760-2lp-e-s-es1 specified in board_part file is either invalid or not available
WARNING: [Board 49-26] cannot add Board Part xilinx.com:vek280_es:part0:1.1 available at D:/Programmi/Vivado2023.1/Vivado/2023.1/data/xhub/boards/XilinxBoardStore/boards/Xilinx/vek280/es/rev_a/1.1/board.xml as part xcve2802-vsvh1760-2lp-e-s-es1 specified in board_part file is either invalid or not available
WARNING: [Board 49-26] cannot add Board Part xilinx.com:vek280_es_revb:part0:1.0 available at D:/Programmi/Vivado2023.1/Vivado/2023.1/data/xhub/boards/XilinxBoardStore/boards/Xilinx/vek280/es/rev_b/1.0/board.xml as part xcve2802-vsvh1760-2mp-e-s-es1 specified in board_part file is either invalid or not available
WARNING: [Board 49-26] cannot add Board Part xilinx.com:vek280_es_revb:part0:1.1 available at D:/Programmi/Vivado2023.1/Vivado/2023.1/data/xhub/boards/XilinxBoardStore/boards/Xilinx/vek280/es/rev_b/1.1/board.xml as part xcve2802-vsvh1760-2mp-e-s-es1 specified in board_part file is either invalid or not available
WARNING: [Board 49-26] cannot add Board Part xilinx.com:vermeo_t1_mpsoc:part0:1.0 available at D:/Programmi/Vivado2023.1/Vivado/2023.1/data/xhub/boards/XilinxBoardStore/boards/Xilinx/vermeo_t1_mpsoc/1.0/board.xml as part xczu19eg-ffvd1760-2l-e specified in board_part file is either invalid or not available
WARNING: [Board 49-26] cannot add Board Part xilinx.com:vermeo_t1_rfsoc:part0:1.0 available at D:/Programmi/Vivado2023.1/Vivado/2023.1/data/xhub/boards/XilinxBoardStore/boards/Xilinx/vermeo_t1_rfsoc/1.0/board.xml as part xczu21dr-ffvd1156-2l-e specified in board_part file is either invalid or not available
WARNING: [Board 49-26] cannot add Board Part xilinx.com:vhk158:part0:1.0 available at D:/Programmi/Vivado2023.1/Vivado/2023.1/data/xhub/boards/XilinxBoardStore/boards/Xilinx/vhk158/production/1.0/board.xml as part xcvh1582-vsva3697-2mp-e-s specified in board_part file is either invalid or not available
WARNING: [Board 49-26] cannot add Board Part xilinx.com:vhk158_es:part0:1.0 available at D:/Programmi/Vivado2023.1/Vivado/2023.1/data/xhub/boards/XilinxBoardStore/boards/Xilinx/vhk158/es/1.0/board.xml as part xcvh1582-vsva3697-2mp-e-s-es1 specified in board_part file is either invalid or not available
WARNING: [Board 49-26] cannot add Board Part xilinx.com:vhk158_es:part0:1.1 available at D:/Programmi/Vivado2023.1/Vivado/2023.1/data/xhub/boards/XilinxBoardStore/boards/Xilinx/vhk158/es/1.1/board.xml as part xcvh1582-vsva3697-2mp-e-s-es1 specified in board_part file is either invalid or not available
WARNING: [Board 49-26] cannot add Board Part xilinx.com:vmk180:part0:2.2 available at D:/Programmi/Vivado2023.1/Vivado/2023.1/data/xhub/boards/XilinxBoardStore/boards/Xilinx/vmk180/production/2.2/board.xml as part xcvm1802-vsva2197-2mp-e-s specified in board_part file is either invalid or not available
WARNING: [Board 49-26] cannot add Board Part xilinx.com:vmk180:part0:3.0 available at D:/Programmi/Vivado2023.1/Vivado/2023.1/data/xhub/boards/XilinxBoardStore/boards/Xilinx/vmk180/production/3.0/board.xml as part xcvm1802-vsva2197-2mp-e-s specified in board_part file is either invalid or not available
WARNING: [Board 49-26] cannot add Board Part xilinx.com:vmk180:part0:3.1 available at D:/Programmi/Vivado2023.1/Vivado/2023.1/data/xhub/boards/XilinxBoardStore/boards/Xilinx/vmk180/production/3.1/board.xml as part xcvm1802-vsva2197-2mp-e-s specified in board_part file is either invalid or not available
WARNING: [Board 49-26] cannot add Board Part xilinx.com:vmk180:part0:3.2 available at D:/Programmi/Vivado2023.1/Vivado/2023.1/data/xhub/boards/XilinxBoardStore/boards/Xilinx/vmk180/production/3.2/board.xml as part xcvm1802-vsva2197-2mp-e-s specified in board_part file is either invalid or not available
WARNING: [Board 49-26] cannot add Board Part xilinx.com:vmk180_newl:part0:1.0 available at D:/Programmi/Vivado2023.1/Vivado/2023.1/data/xhub/boards/XilinxBoardStore/boards/Xilinx/vmk180_newl/production/1.0/board.xml as part xcvm1802-vsva2197-2mp-e-s specified in board_part file is either invalid or not available
WARNING: [Board 49-26] cannot add Board Part xilinx.com:vmk180_newl:part0:1.1 available at D:/Programmi/Vivado2023.1/Vivado/2023.1/data/xhub/boards/XilinxBoardStore/boards/Xilinx/vmk180_newl/production/1.1/board.xml as part xcvm1802-vsva2197-2mp-e-s specified in board_part file is either invalid or not available
WARNING: [Board 49-26] cannot add Board Part xilinx.com:vpk120:part0:1.0 available at D:/Programmi/Vivado2023.1/Vivado/2023.1/data/xhub/boards/XilinxBoardStore/boards/Xilinx/vpk120/production/1.0/board.xml as part xcvp1202-vsva2785-2mp-e-s specified in board_part file is either invalid or not available
WARNING: [Board 49-26] cannot add Board Part xilinx.com:vpk120:part0:1.1 available at D:/Programmi/Vivado2023.1/Vivado/2023.1/data/xhub/boards/XilinxBoardStore/boards/Xilinx/vpk120/production/1.1/board.xml as part xcvp1202-vsva2785-2mp-e-s specified in board_part file is either invalid or not available
WARNING: [Board 49-26] cannot add Board Part xilinx.com:vpk120_es:part0:1.2 available at D:/Programmi/Vivado2023.1/Vivado/2023.1/data/xhub/boards/XilinxBoardStore/boards/Xilinx/vpk120/es/1.2/board.xml as part xcvp1202-vsva2785-2mp-e-s-es1 specified in board_part file is either invalid or not available
WARNING: [Board 49-26] cannot add Board Part xilinx.com:vpk120_es:part0:1.3 available at D:/Programmi/Vivado2023.1/Vivado/2023.1/data/xhub/boards/XilinxBoardStore/boards/Xilinx/vpk120/es/1.3/board.xml as part xcvp1202-vsva2785-2mp-e-s-es1 specified in board_part file is either invalid or not available
WARNING: [Board 49-26] cannot add Board Part xilinx.com:vpk120_es_revb:part0:1.0 available at D:/Programmi/Vivado2023.1/Vivado/2023.1/data/xhub/boards/XilinxBoardStore/boards/Xilinx/vpk120_revb/es/1.0/board.xml as part xcvp1202-vsva2785-2mp-e-s-es1 specified in board_part file is either invalid or not available
WARNING: [Board 49-26] cannot add Board Part xilinx.com:vpk120_es_revb:part0:1.1 available at D:/Programmi/Vivado2023.1/Vivado/2023.1/data/xhub/boards/XilinxBoardStore/boards/Xilinx/vpk120_revb/es/1.1/board.xml as part xcvp1202-vsva2785-2mp-e-s-es1 specified in board_part file is either invalid or not available
WARNING: [Board 49-26] cannot add Board Part xilinx.com:vpk180:part0:1.0 available at D:/Programmi/Vivado2023.1/Vivado/2023.1/data/xhub/boards/XilinxBoardStore/boards/Xilinx/vpk180/production/1.0/board.xml as part xcvp1802-lsvc4072-2mp-e-s specified in board_part file is either invalid or not available
WARNING: [Board 49-26] cannot add Board Part xilinx.com:vpk180:part0:1.1 available at D:/Programmi/Vivado2023.1/Vivado/2023.1/data/xhub/boards/XilinxBoardStore/boards/Xilinx/vpk180/production/1.1/board.xml as part xcvp1802-lsvc4072-2mp-e-s specified in board_part file is either invalid or not available
WARNING: [Board 49-26] cannot add Board Part xilinx.com:vpk180_es:part0:1.0 available at D:/Programmi/Vivado2023.1/Vivado/2023.1/data/xhub/boards/XilinxBoardStore/boards/Xilinx/vpk180/es/1.0/board.xml as part xcvp1802-lsvc4072-2mp-e-s-es1 specified in board_part file is either invalid or not available
WARNING: [Board 49-26] cannot add Board Part xilinx.com:vpk180_es:part0:1.1 available at D:/Programmi/Vivado2023.1/Vivado/2023.1/data/xhub/boards/XilinxBoardStore/boards/Xilinx/vpk180/es/1.1/board.xml as part xcvp1802-lsvc4072-2mp-e-s-es1 specified in board_part file is either invalid or not available
WARNING: [Board 49-26] cannot add Board Part xilinx.com:zc702:part0:1.4 available at D:/Programmi/Vivado2023.1/Vivado/2023.1/data/xhub/boards/XilinxBoardStore/boards/Xilinx/zc702/1.4/board.xml as part xc7z020clg484-1 specified in board_part file is either invalid or not available
WARNING: [Board 49-26] cannot add Board Part xilinx.com:zc706:part0:1.4 available at D:/Programmi/Vivado2023.1/Vivado/2023.1/data/xhub/boards/XilinxBoardStore/boards/Xilinx/zc706/1.4/board.xml as part xc7z045ffg900-2 specified in board_part file is either invalid or not available
WARNING: [Board 49-26] cannot add Board Part xilinx.com:zcu102:part0:3.3 available at D:/Programmi/Vivado2023.1/Vivado/2023.1/data/xhub/boards/XilinxBoardStore/boards/Xilinx/zcu102/3.3/board.xml as part xczu9eg-ffvb1156-2-e specified in board_part file is either invalid or not available
WARNING: [Board 49-26] cannot add Board Part xilinx.com:zcu102:part0:3.4 available at D:/Programmi/Vivado2023.1/Vivado/2023.1/data/xhub/boards/XilinxBoardStore/boards/Xilinx/zcu102/3.4/board.xml as part xczu9eg-ffvb1156-2-e specified in board_part file is either invalid or not available
WARNING: [Board 49-26] cannot add Board Part xilinx.com:zcu104:part0:1.1 available at D:/Programmi/Vivado2023.1/Vivado/2023.1/data/xhub/boards/XilinxBoardStore/boards/Xilinx/zcu104/1.1/board.xml as part xczu7ev-ffvc1156-2-e specified in board_part file is either invalid or not available
WARNING: [Board 49-26] cannot add Board Part xilinx.com:zcu106:part0:2.4 available at D:/Programmi/Vivado2023.1/Vivado/2023.1/data/xhub/boards/XilinxBoardStore/boards/Xilinx/zcu106/2.4/board.xml as part xczu7ev-ffvc1156-2-e specified in board_part file is either invalid or not available
WARNING: [Board 49-26] cannot add Board Part xilinx.com:zcu106:part0:2.5 available at D:/Programmi/Vivado2023.1/Vivado/2023.1/data/xhub/boards/XilinxBoardStore/boards/Xilinx/zcu106/2.5/board.xml as part xczu7ev-ffvc1156-2-e specified in board_part file is either invalid or not available
WARNING: [Board 49-26] cannot add Board Part xilinx.com:zcu106:part0:2.6 available at D:/Programmi/Vivado2023.1/Vivado/2023.1/data/xhub/boards/XilinxBoardStore/boards/Xilinx/zcu106/2.6/board.xml as part xczu7ev-ffvc1156-2-e specified in board_part file is either invalid or not available
WARNING: [Board 49-26] cannot add Board Part xilinx.com:zcu111:part0:1.2 available at D:/Programmi/Vivado2023.1/Vivado/2023.1/data/xhub/boards/XilinxBoardStore/boards/Xilinx/zcu111/1.2/board.xml as part xczu28dr-ffvg1517-2-e specified in board_part file is either invalid or not available
WARNING: [Board 49-26] cannot add Board Part xilinx.com:zcu111:part0:1.3 available at D:/Programmi/Vivado2023.1/Vivado/2023.1/data/xhub/boards/XilinxBoardStore/boards/Xilinx/zcu111/1.3/board.xml as part xczu28dr-ffvg1517-2-e specified in board_part file is either invalid or not available
WARNING: [Board 49-26] cannot add Board Part xilinx.com:zcu111:part0:1.4 available at D:/Programmi/Vivado2023.1/Vivado/2023.1/data/xhub/boards/XilinxBoardStore/boards/Xilinx/zcu111/1.4/board.xml as part xczu28dr-ffvg1517-2-e specified in board_part file is either invalid or not available
WARNING: [Board 49-26] cannot add Board Part xilinx.com:zcu1275:part0:1.0 available at D:/Programmi/Vivado2023.1/Vivado/2023.1/data/xhub/boards/XilinxBoardStore/boards/Xilinx/zcu1275/1.0/board.xml as part xczu29dr-ffvf1760-2-e specified in board_part file is either invalid or not available
WARNING: [Board 49-26] cannot add Board Part xilinx.com:zcu1285:part0:1.0 available at D:/Programmi/Vivado2023.1/Vivado/2023.1/data/xhub/boards/XilinxBoardStore/boards/Xilinx/zcu1285/1.0/board.xml as part xczu39dr-ffvf1760-2-i specified in board_part file is either invalid or not available
WARNING: [Board 49-26] cannot add Board Part xilinx.com:zcu208:part0:2.0 available at D:/Programmi/Vivado2023.1/Vivado/2023.1/data/xhub/boards/XilinxBoardStore/boards/Xilinx/zcu208/production/2.0/board.xml as part xczu48dr-fsvg1517-2-e specified in board_part file is either invalid or not available
WARNING: [Board 49-26] cannot add Board Part xilinx.com:zcu208ld:part0:2.0 available at D:/Programmi/Vivado2023.1/Vivado/2023.1/data/xhub/boards/XilinxBoardStore/boards/Xilinx/zcu208ld/production/2.0/board.xml as part xczu58dr-fsvg1517-2-i specified in board_part file is either invalid or not available
WARNING: [Board 49-26] cannot add Board Part xilinx.com:zcu216:part0:2.0 available at D:/Programmi/Vivado2023.1/Vivado/2023.1/data/xhub/boards/XilinxBoardStore/boards/Xilinx/zcu216/production/2.0/board.xml as part xczu49dr-ffvf1760-2-e specified in board_part file is either invalid or not available
WARNING: [Board 49-26] cannot add Board Part xilinx.com:zcu216ld:part0:2.0 available at D:/Programmi/Vivado2023.1/Vivado/2023.1/data/xhub/boards/XilinxBoardStore/boards/Xilinx/zcu216ld/production/2.0/board.xml as part xczu59dr-ffvf1760-2-i specified in board_part file is either invalid or not available
WARNING: [Board 49-26] cannot add Board Part xilinx.com:zcu670:part0:2.0 available at D:/Programmi/Vivado2023.1/Vivado/2023.1/data/xhub/boards/XilinxBoardStore/boards/Xilinx/zcu670/2.0/board.xml as part xczu67dr-fsve1156-2-i specified in board_part file is either invalid or not available
WARNING: [Board 49-26] cannot add Board Part xilinx.com:zcu670ld:part0:1.0 available at D:/Programmi/Vivado2023.1/Vivado/2023.1/data/xhub/boards/XilinxBoardStore/boards/Xilinx/zcu670ld/1.0/board.xml as part xczu57dr-fsve1156-2-i specified in board_part file is either invalid or not available
INFO: [filemgmt 56-3] Default IP Output Path : Could not find the directory 'D:/Scuola/Anno 2024-2025/Architettura dei Sistemi Digitali/Elaborato/exe-5.1/exe-5.1.gen/sources_1'.
Scanning sources...
Finished scanning sources
INFO: [IP_Flow 19-234] Refreshing IP repositories
INFO: [IP_Flow 19-1704] No user IP repositories specified
INFO: [IP_Flow 19-2313] Loaded Vivado IP repository 'D:/Programmi/Vivado2023.1/Vivado/2023.1/data/ip'.
open_project: Time (s): cpu = 00:00:12 ; elapsed = 00:00:11 . Memory (MB): peak = 1490.816 ; gain = 418.008
update_compile_order -fileset sources_1
update_compile_order -fileset sources_1
update_compile_order -fileset sources_1
synth_design -top chronometer -part xc7a100tcsg324-1 -lint 
Command: synth_design -top chronometer -part xc7a100tcsg324-1 -lint
Starting synth_design
Attempting to get a license for feature 'Synthesis' and/or device 'xc7a100t'
INFO: [Common 17-349] Got license for feature 'Synthesis' and/or device 'xc7a100t'
INFO: [Device 21-403] Loading part xc7a100tcsg324-1
INFO: [Common 17-41] Interrupt caught. Command should exit soon.
INFO: [Common 17-83] Releasing license: Synthesis
4 Infos, 0 Warnings, 0 Critical Warnings and 0 Errors encountered.
synth_design completed successfully
synth_design: Time (s): cpu = 00:00:02 ; elapsed = 00:00:10 . Memory (MB): peak = 1909.918 ; gain = 386.664
INFO: [Common 17-344] 'synth_design' was cancelled
launch_simulation
Command: launch_simulation 
INFO: [Vivado 12-12493] Simulation top is 'tb_chronometer'
WARNING: [Vivado 12-13340] Unable to auto find GCC executables from simulator install path! (path not set)
INFO: [Vivado 12-5682] Launching behavioral simulation in 'D:/Scuola/Anno 2024-2025/Architettura dei Sistemi Digitali/Elaborato/exe-5.1/exe-5.1.sim/sim_1/behav/xsim'
INFO: [SIM-utils-51] Simulation object is 'sim_1'
INFO: [SIM-utils-72] Using boost library from 'D:/Programmi/Vivado2023.1/Vivado/2023.1/tps/boost_1_72_0'
INFO: [SIM-utils-54] Inspecting design source files for 'tb_chronometer' in fileset 'sim_1'...
INFO: [USF-XSim-97] Finding global include files...
INFO: [USF-XSim-98] Fetching design files from 'sim_1'...
INFO: [USF-XSim-2] XSim::Compile design
INFO: [USF-XSim-61] Executing 'COMPILE and ANALYZE' step in 'D:/Scuola/Anno 2024-2025/Architettura dei Sistemi Digitali/Elaborato/exe-5.1/exe-5.1.sim/sim_1/behav/xsim'
"xvhdl --incr --relax -prj tb_chronometer_vhdl.prj"
ECHO disattivato.
ECHO disattivato.
INFO: [VRFC 10-163] Analyzing VHDL file "D:/Scuola/Anno 2024-2025/Architettura dei Sistemi Digitali/Elaborato/exe-5.1/exe-5.1.srcs/sources_1/new/chronometer.vhd" into library xil_defaultlib
INFO: [VRFC 10-3107] analyzing entity 'chronometer'
INFO: [VRFC 10-163] Analyzing VHDL file "D:/Scuola/Anno 2024-2025/Architettura dei Sistemi Digitali/Elaborato/exe-5.1/exe-5.1.srcs/sim_1/new/testbench_chronometer.vhd" into library xil_defaultlib
INFO: [VRFC 10-3107] analyzing entity 'tb_chronometer'
INFO: [USF-XSim-69] 'compile' step finished in '2' seconds
INFO: [USF-XSim-3] XSim::Elaborate design
INFO: [USF-XSim-61] Executing 'ELABORATE' step in 'D:/Scuola/Anno 2024-2025/Architettura dei Sistemi Digitali/Elaborato/exe-5.1/exe-5.1.sim/sim_1/behav/xsim'
"xelab --incr --debug typical --relax --mt 2 -L xil_defaultlib -L secureip --snapshot tb_chronometer_behav xil_defaultlib.tb_chronometer -log elaborate.log"
ECHO disattivato.
ECHO disattivato.
Vivado Simulator v2023.1
Copyright 1986-2022 Xilinx, Inc. All Rights Reserved.
Copyright 2022-2023 Advanced Micro Devices, Inc. All Rights Reserved.
Running: D:/Programmi/Vivado2023.1/Vivado/2023.1/bin/unwrapped/win64.o/xelab.exe --incr --debug typical --relax --mt 2 -L xil_defaultlib -L secureip --snapshot tb_chronometer_behav xil_defaultlib.tb_chronometer -log elaborate.log 
Using 2 slave threads.
Starting static elaboration
Completed static elaboration
Starting simulation data flow analysis
Completed simulation data flow analysis
Time Resolution for simulation is 1ps
Compiling package std.standard
Compiling package std.textio
Compiling package ieee.std_logic_1164
Compiling package ieee.numeric_std
Compiling architecture behavioral of entity xil_defaultlib.load_counter [\load_counter(n=60,m=6)\]
Compiling architecture behavioral of entity xil_defaultlib.load_counter [\load_counter(n=24,m=5)\]
Compiling architecture structural of entity xil_defaultlib.chronometer [chronometer_default]
Compiling architecture structural of entity xil_defaultlib.tb_chronometer
Built simulation snapshot tb_chronometer_behav
INFO: [USF-XSim-69] 'elaborate' step finished in '3' seconds
INFO: [USF-XSim-4] XSim::Simulate design
INFO: [USF-XSim-61] Executing 'SIMULATE' step in 'D:/Scuola/Anno 2024-2025/Architettura dei Sistemi Digitali/Elaborato/exe-5.1/exe-5.1.sim/sim_1/behav/xsim'
INFO: [USF-XSim-98] *** Running xsim
   with args "tb_chronometer_behav -key {Behavioral:sim_1:Functional:tb_chronometer} -tclbatch {tb_chronometer.tcl} -log {simulate.log}"
INFO: [USF-XSim-8] Loading simulator feature
Time resolution is 1 ps
source tb_chronometer.tcl
# set curr_wave [current_wave_config]
# if { [string length $curr_wave] == 0 } {
#   if { [llength [get_objects]] > 0} {
#     add_wave /
#     set_property needs_save false [current_wave_config]
#   } else {
#      send_msg_id Add_Wave-1 WARNING "No top level signals found. Simulator will start without a wave window. If you want to open a wave window go to 'File->New Waveform Configuration' or type 'create_wave_config' in the TCL console."
#   }
# }
# run 1000 ns
INFO: [USF-XSim-96] XSim completed. Design snapshot 'tb_chronometer_behav' loaded.
INFO: [USF-XSim-97] XSim simulation ran for 1000 ns
launch_simulation: Time (s): cpu = 00:00:01 ; elapsed = 00:00:08 . Memory (MB): peak = 1944.297 ; gain = 34.379
update_compile_order -fileset sources_1
close_sim
INFO: [Simtcl 6-16] Simulation closed
launch_simulation
Command: launch_simulation 
INFO: [Vivado 12-12493] Simulation top is 'tb_chronometer'
WARNING: [Vivado 12-13340] Unable to auto find GCC executables from simulator install path! (path not set)
INFO: [Vivado 12-5682] Launching behavioral simulation in 'D:/Scuola/Anno 2024-2025/Architettura dei Sistemi Digitali/Elaborato/exe-5.1/exe-5.1.sim/sim_1/behav/xsim'
INFO: [SIM-utils-51] Simulation object is 'sim_1'
INFO: [SIM-utils-72] Using boost library from 'D:/Programmi/Vivado2023.1/Vivado/2023.1/tps/boost_1_72_0'
INFO: [SIM-utils-54] Inspecting design source files for 'tb_chronometer' in fileset 'sim_1'...
INFO: [USF-XSim-97] Finding global include files...
INFO: [USF-XSim-98] Fetching design files from 'sim_1'...
INFO: [USF-XSim-2] XSim::Compile design
INFO: [USF-XSim-61] Executing 'COMPILE and ANALYZE' step in 'D:/Scuola/Anno 2024-2025/Architettura dei Sistemi Digitali/Elaborato/exe-5.1/exe-5.1.sim/sim_1/behav/xsim'
"xvhdl --incr --relax -prj tb_chronometer_vhdl.prj"
ECHO disattivato.
ECHO disattivato.
INFO: [VRFC 10-163] Analyzing VHDL file "D:/Scuola/Anno 2024-2025/Architettura dei Sistemi Digitali/Elaborato/exe-5.1/exe-5.1.srcs/sim_1/new/testbench_chronometer.vhd" into library xil_defaultlib
INFO: [VRFC 10-3107] analyzing entity 'tb_chronometer'
INFO: [USF-XSim-69] 'compile' step finished in '1' seconds
INFO: [USF-XSim-3] XSim::Elaborate design
INFO: [USF-XSim-61] Executing 'ELABORATE' step in 'D:/Scuola/Anno 2024-2025/Architettura dei Sistemi Digitali/Elaborato/exe-5.1/exe-5.1.sim/sim_1/behav/xsim'
"xelab --incr --debug typical --relax --mt 2 -L xil_defaultlib -L secureip --snapshot tb_chronometer_behav xil_defaultlib.tb_chronometer -log elaborate.log"
ECHO disattivato.
ECHO disattivato.
Vivado Simulator v2023.1
Copyright 1986-2022 Xilinx, Inc. All Rights Reserved.
Copyright 2022-2023 Advanced Micro Devices, Inc. All Rights Reserved.
Running: D:/Programmi/Vivado2023.1/Vivado/2023.1/bin/unwrapped/win64.o/xelab.exe --incr --debug typical --relax --mt 2 -L xil_defaultlib -L secureip --snapshot tb_chronometer_behav xil_defaultlib.tb_chronometer -log elaborate.log 
Using 2 slave threads.
Starting static elaboration
Completed static elaboration
Starting simulation data flow analysis
Completed simulation data flow analysis
Time Resolution for simulation is 1ps
Compiling package std.standard
Compiling package std.textio
Compiling package ieee.std_logic_1164
Compiling package ieee.numeric_std
Compiling architecture behavioral of entity xil_defaultlib.load_counter [\load_counter(n=60,m=6)\]
Compiling architecture behavioral of entity xil_defaultlib.load_counter [\load_counter(n=24,m=5)\]
Compiling architecture structural of entity xil_defaultlib.chronometer [chronometer_default]
Compiling architecture structural of entity xil_defaultlib.tb_chronometer
Built simulation snapshot tb_chronometer_behav
INFO: [USF-XSim-69] 'elaborate' step finished in '2' seconds
INFO: [USF-XSim-4] XSim::Simulate design
INFO: [USF-XSim-61] Executing 'SIMULATE' step in 'D:/Scuola/Anno 2024-2025/Architettura dei Sistemi Digitali/Elaborato/exe-5.1/exe-5.1.sim/sim_1/behav/xsim'
INFO: [USF-XSim-98] *** Running xsim
   with args "tb_chronometer_behav -key {Behavioral:sim_1:Functional:tb_chronometer} -tclbatch {tb_chronometer.tcl} -log {simulate.log}"
INFO: [USF-XSim-8] Loading simulator feature
Time resolution is 1 ps
source tb_chronometer.tcl
# set curr_wave [current_wave_config]
# if { [string length $curr_wave] == 0 } {
#   if { [llength [get_objects]] > 0} {
#     add_wave /
#     set_property needs_save false [current_wave_config]
#   } else {
#      send_msg_id Add_Wave-1 WARNING "No top level signals found. Simulator will start without a wave window. If you want to open a wave window go to 'File->New Waveform Configuration' or type 'create_wave_config' in the TCL console."
#   }
# }
# run 1000 ns
INFO: [USF-XSim-96] XSim completed. Design snapshot 'tb_chronometer_behav' loaded.
INFO: [USF-XSim-97] XSim simulation ran for 1000 ns
launch_simulation: Time (s): cpu = 00:00:00 ; elapsed = 00:00:07 . Memory (MB): peak = 3015.609 ; gain = 0.000
close_sim
INFO: [Simtcl 6-16] Simulation closed
launch_simulation
Command: launch_simulation 
INFO: [Vivado 12-12493] Simulation top is 'tb_chronometer'
WARNING: [Vivado 12-13340] Unable to auto find GCC executables from simulator install path! (path not set)
INFO: [Vivado 12-5682] Launching behavioral simulation in 'D:/Scuola/Anno 2024-2025/Architettura dei Sistemi Digitali/Elaborato/exe-5.1/exe-5.1.sim/sim_1/behav/xsim'
INFO: [SIM-utils-51] Simulation object is 'sim_1'
INFO: [SIM-utils-72] Using boost library from 'D:/Programmi/Vivado2023.1/Vivado/2023.1/tps/boost_1_72_0'
INFO: [SIM-utils-54] Inspecting design source files for 'tb_chronometer' in fileset 'sim_1'...
INFO: [USF-XSim-97] Finding global include files...
INFO: [USF-XSim-98] Fetching design files from 'sim_1'...
INFO: [USF-XSim-2] XSim::Compile design
INFO: [USF-XSim-61] Executing 'COMPILE and ANALYZE' step in 'D:/Scuola/Anno 2024-2025/Architettura dei Sistemi Digitali/Elaborato/exe-5.1/exe-5.1.sim/sim_1/behav/xsim'
"xvhdl --incr --relax -prj tb_chronometer_vhdl.prj"
ECHO disattivato.
ECHO disattivato.
INFO: [USF-XSim-69] 'compile' step finished in '2' seconds
INFO: [USF-XSim-3] XSim::Elaborate design
INFO: [USF-XSim-61] Executing 'ELABORATE' step in 'D:/Scuola/Anno 2024-2025/Architettura dei Sistemi Digitali/Elaborato/exe-5.1/exe-5.1.sim/sim_1/behav/xsim'
"xelab --incr --debug typical --relax --mt 2 -L xil_defaultlib -L secureip --snapshot tb_chronometer_behav xil_defaultlib.tb_chronometer -log elaborate.log"
ECHO disattivato.
ECHO disattivato.
Vivado Simulator v2023.1
Copyright 1986-2022 Xilinx, Inc. All Rights Reserved.
Copyright 2022-2023 Advanced Micro Devices, Inc. All Rights Reserved.
Running: D:/Programmi/Vivado2023.1/Vivado/2023.1/bin/unwrapped/win64.o/xelab.exe --incr --debug typical --relax --mt 2 -L xil_defaultlib -L secureip --snapshot tb_chronometer_behav xil_defaultlib.tb_chronometer -log elaborate.log 
Using 2 slave threads.
Starting static elaboration
Completed static elaboration
INFO: [XSIM 43-4323] No Change in HDL. Linking previously generated obj files to create kernel
INFO: [USF-XSim-69] 'elaborate' step finished in '2' seconds
INFO: [USF-XSim-4] XSim::Simulate design
INFO: [USF-XSim-61] Executing 'SIMULATE' step in 'D:/Scuola/Anno 2024-2025/Architettura dei Sistemi Digitali/Elaborato/exe-5.1/exe-5.1.sim/sim_1/behav/xsim'
INFO: [USF-XSim-98] *** Running xsim
   with args "tb_chronometer_behav -key {Behavioral:sim_1:Functional:tb_chronometer} -tclbatch {tb_chronometer.tcl} -log {simulate.log}"
INFO: [USF-XSim-8] Loading simulator feature
Time resolution is 1 ps
source tb_chronometer.tcl
# set curr_wave [current_wave_config]
# if { [string length $curr_wave] == 0 } {
#   if { [llength [get_objects]] > 0} {
#     add_wave /
#     set_property needs_save false [current_wave_config]
#   } else {
#      send_msg_id Add_Wave-1 WARNING "No top level signals found. Simulator will start without a wave window. If you want to open a wave window go to 'File->New Waveform Configuration' or type 'create_wave_config' in the TCL console."
#   }
# }
# run 1000 ns
INFO: [USF-XSim-96] XSim completed. Design snapshot 'tb_chronometer_behav' loaded.
INFO: [USF-XSim-97] XSim simulation ran for 1000 ns
launch_simulation: Time (s): cpu = 00:00:01 ; elapsed = 00:00:07 . Memory (MB): peak = 3015.609 ; gain = 0.000
current_wave_config {Untitled 3}
Untitled 3
add_wave {{/tb_chronometer/chronom/ss_cnt/counter}} 
current_wave_config {Untitled 3}
Untitled 3
add_wave {{/tb_chronometer/chronom/mm_cnt/counter}} 
current_wave_config {Untitled 3}
Untitled 3
add_wave {{/tb_chronometer/chronom/hh_cnt/counter}} 
save_wave_config {D:/Scuola/Anno 2024-2025/Architettura dei Sistemi Digitali/Elaborato/exe-5.1/tb_chronometer_behav.wcfg}
add_files -fileset sim_1 -norecurse {{D:/Scuola/Anno 2024-2025/Architettura dei Sistemi Digitali/Elaborato/exe-5.1/tb_chronometer_behav.wcfg}}
set_property xsim.view {{D:/Scuola/Anno 2024-2025/Architettura dei Sistemi Digitali/Elaborato/exe-5.1/tb_chronometer_behav.wcfg}} [get_filesets sim_1]
close_sim
INFO: [Simtcl 6-16] Simulation closed
launch_simulation
Command: launch_simulation 
INFO: [Vivado 12-12493] Simulation top is 'tb_chronometer'
WARNING: [Vivado 12-13340] Unable to auto find GCC executables from simulator install path! (path not set)
INFO: [Vivado 12-5682] Launching behavioral simulation in 'D:/Scuola/Anno 2024-2025/Architettura dei Sistemi Digitali/Elaborato/exe-5.1/exe-5.1.sim/sim_1/behav/xsim'
INFO: [SIM-utils-51] Simulation object is 'sim_1'
INFO: [SIM-utils-72] Using boost library from 'D:/Programmi/Vivado2023.1/Vivado/2023.1/tps/boost_1_72_0'
INFO: [SIM-utils-54] Inspecting design source files for 'tb_chronometer' in fileset 'sim_1'...
INFO: [USF-XSim-97] Finding global include files...
INFO: [USF-XSim-98] Fetching design files from 'sim_1'...
INFO: [USF-XSim-2] XSim::Compile design
INFO: [USF-XSim-61] Executing 'COMPILE and ANALYZE' step in 'D:/Scuola/Anno 2024-2025/Architettura dei Sistemi Digitali/Elaborato/exe-5.1/exe-5.1.sim/sim_1/behav/xsim'
"xvhdl --incr --relax -prj tb_chronometer_vhdl.prj"
ECHO disattivato.
ECHO disattivato.
INFO: [USF-XSim-69] 'compile' step finished in '2' seconds
INFO: [USF-XSim-3] XSim::Elaborate design
INFO: [USF-XSim-61] Executing 'ELABORATE' step in 'D:/Scuola/Anno 2024-2025/Architettura dei Sistemi Digitali/Elaborato/exe-5.1/exe-5.1.sim/sim_1/behav/xsim'
"xelab --incr --debug typical --relax --mt 2 -L xil_defaultlib -L secureip --snapshot tb_chronometer_behav xil_defaultlib.tb_chronometer -log elaborate.log"
ECHO disattivato.
ECHO disattivato.
Vivado Simulator v2023.1
Copyright 1986-2022 Xilinx, Inc. All Rights Reserved.
Copyright 2022-2023 Advanced Micro Devices, Inc. All Rights Reserved.
Running: D:/Programmi/Vivado2023.1/Vivado/2023.1/bin/unwrapped/win64.o/xelab.exe --incr --debug typical --relax --mt 2 -L xil_defaultlib -L secureip --snapshot tb_chronometer_behav xil_defaultlib.tb_chronometer -log elaborate.log 
Using 2 slave threads.
Starting static elaboration
Completed static elaboration
INFO: [XSIM 43-4323] No Change in HDL. Linking previously generated obj files to create kernel
INFO: [USF-XSim-69] 'elaborate' step finished in '2' seconds
INFO: [USF-XSim-4] XSim::Simulate design
INFO: [USF-XSim-61] Executing 'SIMULATE' step in 'D:/Scuola/Anno 2024-2025/Architettura dei Sistemi Digitali/Elaborato/exe-5.1/exe-5.1.sim/sim_1/behav/xsim'
INFO: [USF-XSim-98] *** Running xsim
   with args "tb_chronometer_behav -key {Behavioral:sim_1:Functional:tb_chronometer} -tclbatch {tb_chronometer.tcl} -view {{D:/Scuola/Anno 2024-2025/Architettura dei Sistemi Digitali/Elaborato/exe-5.1/tb_chronometer_behav.wcfg}} -log {simulate.log}"
INFO: [USF-XSim-8] Loading simulator feature
Time resolution is 1 ps
open_wave_config {D:/Scuola/Anno 2024-2025/Architettura dei Sistemi Digitali/Elaborato/exe-5.1/tb_chronometer_behav.wcfg}
source tb_chronometer.tcl
# set curr_wave [current_wave_config]
# if { [string length $curr_wave] == 0 } {
#   if { [llength [get_objects]] > 0} {
#     add_wave /
#     set_property needs_save false [current_wave_config]
#   } else {
#      send_msg_id Add_Wave-1 WARNING "No top level signals found. Simulator will start without a wave window. If you want to open a wave window go to 'File->New Waveform Configuration' or type 'create_wave_config' in the TCL console."
#   }
# }
# run 1000 ns
INFO: [USF-XSim-96] XSim completed. Design snapshot 'tb_chronometer_behav' loaded.
INFO: [USF-XSim-97] XSim simulation ran for 1000 ns
launch_simulation: Time (s): cpu = 00:00:01 ; elapsed = 00:00:06 . Memory (MB): peak = 3015.609 ; gain = 0.000
current_wave_config {tb_chronometer_behav.wcfg}
tb_chronometer_behav.wcfg
add_wave {{/tb_chronometer/chronom/ss_cnt/count}} 
save_wave_config {D:/Scuola/Anno 2024-2025/Architettura dei Sistemi Digitali/Elaborato/exe-5.1/tb_chronometer_behav.wcfg}
close_sim
INFO: [Simtcl 6-16] Simulation closed
launch_simulation
Command: launch_simulation 
INFO: [Vivado 12-12493] Simulation top is 'tb_chronometer'
WARNING: [Vivado 12-13340] Unable to auto find GCC executables from simulator install path! (path not set)
INFO: [Vivado 12-5682] Launching behavioral simulation in 'D:/Scuola/Anno 2024-2025/Architettura dei Sistemi Digitali/Elaborato/exe-5.1/exe-5.1.sim/sim_1/behav/xsim'
INFO: [SIM-utils-51] Simulation object is 'sim_1'
INFO: [SIM-utils-72] Using boost library from 'D:/Programmi/Vivado2023.1/Vivado/2023.1/tps/boost_1_72_0'
INFO: [SIM-utils-54] Inspecting design source files for 'tb_chronometer' in fileset 'sim_1'...
INFO: [USF-XSim-97] Finding global include files...
INFO: [USF-XSim-98] Fetching design files from 'sim_1'...
INFO: [USF-XSim-2] XSim::Compile design
INFO: [USF-XSim-61] Executing 'COMPILE and ANALYZE' step in 'D:/Scuola/Anno 2024-2025/Architettura dei Sistemi Digitali/Elaborato/exe-5.1/exe-5.1.sim/sim_1/behav/xsim'
"xvhdl --incr --relax -prj tb_chronometer_vhdl.prj"
ECHO disattivato.
ECHO disattivato.
INFO: [USF-XSim-69] 'compile' step finished in '1' seconds
INFO: [USF-XSim-3] XSim::Elaborate design
INFO: [USF-XSim-61] Executing 'ELABORATE' step in 'D:/Scuola/Anno 2024-2025/Architettura dei Sistemi Digitali/Elaborato/exe-5.1/exe-5.1.sim/sim_1/behav/xsim'
"xelab --incr --debug typical --relax --mt 2 -L xil_defaultlib -L secureip --snapshot tb_chronometer_behav xil_defaultlib.tb_chronometer -log elaborate.log"
ECHO disattivato.
ECHO disattivato.
Vivado Simulator v2023.1
Copyright 1986-2022 Xilinx, Inc. All Rights Reserved.
Copyright 2022-2023 Advanced Micro Devices, Inc. All Rights Reserved.
Running: D:/Programmi/Vivado2023.1/Vivado/2023.1/bin/unwrapped/win64.o/xelab.exe --incr --debug typical --relax --mt 2 -L xil_defaultlib -L secureip --snapshot tb_chronometer_behav xil_defaultlib.tb_chronometer -log elaborate.log 
Using 2 slave threads.
Starting static elaboration
Completed static elaboration
INFO: [XSIM 43-4323] No Change in HDL. Linking previously generated obj files to create kernel
INFO: [USF-XSim-69] 'elaborate' step finished in '3' seconds
INFO: [USF-XSim-4] XSim::Simulate design
INFO: [USF-XSim-61] Executing 'SIMULATE' step in 'D:/Scuola/Anno 2024-2025/Architettura dei Sistemi Digitali/Elaborato/exe-5.1/exe-5.1.sim/sim_1/behav/xsim'
INFO: [USF-XSim-98] *** Running xsim
   with args "tb_chronometer_behav -key {Behavioral:sim_1:Functional:tb_chronometer} -tclbatch {tb_chronometer.tcl} -view {{D:/Scuola/Anno 2024-2025/Architettura dei Sistemi Digitali/Elaborato/exe-5.1/tb_chronometer_behav.wcfg}} -log {simulate.log}"
INFO: [USF-XSim-8] Loading simulator feature
Time resolution is 1 ps
open_wave_config {D:/Scuola/Anno 2024-2025/Architettura dei Sistemi Digitali/Elaborato/exe-5.1/tb_chronometer_behav.wcfg}
source tb_chronometer.tcl
# set curr_wave [current_wave_config]
# if { [string length $curr_wave] == 0 } {
#   if { [llength [get_objects]] > 0} {
#     add_wave /
#     set_property needs_save false [current_wave_config]
#   } else {
#      send_msg_id Add_Wave-1 WARNING "No top level signals found. Simulator will start without a wave window. If you want to open a wave window go to 'File->New Waveform Configuration' or type 'create_wave_config' in the TCL console."
#   }
# }
# run 1000 ns
INFO: [USF-XSim-96] XSim completed. Design snapshot 'tb_chronometer_behav' loaded.
INFO: [USF-XSim-97] XSim simulation ran for 1000 ns
launch_simulation: Time (s): cpu = 00:00:00 ; elapsed = 00:00:06 . Memory (MB): peak = 3015.609 ; gain = 0.000
close_sim
INFO: [Simtcl 6-16] Simulation closed
launch_simulation
Command: launch_simulation 
INFO: [Vivado 12-12493] Simulation top is 'tb_chronometer'
WARNING: [Vivado 12-13340] Unable to auto find GCC executables from simulator install path! (path not set)
INFO: [Vivado 12-5682] Launching behavioral simulation in 'D:/Scuola/Anno 2024-2025/Architettura dei Sistemi Digitali/Elaborato/exe-5.1/exe-5.1.sim/sim_1/behav/xsim'
INFO: [SIM-utils-51] Simulation object is 'sim_1'
INFO: [SIM-utils-72] Using boost library from 'D:/Programmi/Vivado2023.1/Vivado/2023.1/tps/boost_1_72_0'
INFO: [SIM-utils-54] Inspecting design source files for 'tb_chronometer' in fileset 'sim_1'...
INFO: [USF-XSim-97] Finding global include files...
INFO: [USF-XSim-98] Fetching design files from 'sim_1'...
INFO: [USF-XSim-2] XSim::Compile design
INFO: [USF-XSim-61] Executing 'COMPILE and ANALYZE' step in 'D:/Scuola/Anno 2024-2025/Architettura dei Sistemi Digitali/Elaborato/exe-5.1/exe-5.1.sim/sim_1/behav/xsim'
"xvhdl --incr --relax -prj tb_chronometer_vhdl.prj"
ECHO disattivato.
ECHO disattivato.
INFO: [VRFC 10-163] Analyzing VHDL file "D:/Scuola/Anno 2024-2025/Architettura dei Sistemi Digitali/Elaborato/exe-5.1/exe-5.1.srcs/sources_1/new/chronometer.vhd" into library xil_defaultlib
INFO: [VRFC 10-3107] analyzing entity 'chronometer'
INFO: [VRFC 10-163] Analyzing VHDL file "D:/Scuola/Anno 2024-2025/Architettura dei Sistemi Digitali/Elaborato/exe-5.1/exe-5.1.srcs/sim_1/new/testbench_chronometer.vhd" into library xil_defaultlib
INFO: [VRFC 10-3107] analyzing entity 'tb_chronometer'
INFO: [USF-XSim-69] 'compile' step finished in '2' seconds
INFO: [USF-XSim-3] XSim::Elaborate design
INFO: [USF-XSim-61] Executing 'ELABORATE' step in 'D:/Scuola/Anno 2024-2025/Architettura dei Sistemi Digitali/Elaborato/exe-5.1/exe-5.1.sim/sim_1/behav/xsim'
"xelab --incr --debug typical --relax --mt 2 -L xil_defaultlib -L secureip --snapshot tb_chronometer_behav xil_defaultlib.tb_chronometer -log elaborate.log"
ECHO disattivato.
ECHO disattivato.
Vivado Simulator v2023.1
Copyright 1986-2022 Xilinx, Inc. All Rights Reserved.
Copyright 2022-2023 Advanced Micro Devices, Inc. All Rights Reserved.
Running: D:/Programmi/Vivado2023.1/Vivado/2023.1/bin/unwrapped/win64.o/xelab.exe --incr --debug typical --relax --mt 2 -L xil_defaultlib -L secureip --snapshot tb_chronometer_behav xil_defaultlib.tb_chronometer -log elaborate.log 
Using 2 slave threads.
Starting static elaboration
Completed static elaboration
Starting simulation data flow analysis
Completed simulation data flow analysis
Time Resolution for simulation is 1ps
Compiling package std.standard
Compiling package std.textio
Compiling package ieee.std_logic_1164
Compiling package ieee.numeric_std
Compiling architecture behavioral of entity xil_defaultlib.load_counter [\load_counter(n=60,m=6)\]
Compiling architecture behavioral of entity xil_defaultlib.load_counter [\load_counter(n=24,m=5)\]
Compiling architecture structural of entity xil_defaultlib.chronometer [chronometer_default]
Compiling architecture structural of entity xil_defaultlib.tb_chronometer
Built simulation snapshot tb_chronometer_behav
INFO: [USF-XSim-69] 'elaborate' step finished in '3' seconds
INFO: [USF-XSim-4] XSim::Simulate design
INFO: [USF-XSim-61] Executing 'SIMULATE' step in 'D:/Scuola/Anno 2024-2025/Architettura dei Sistemi Digitali/Elaborato/exe-5.1/exe-5.1.sim/sim_1/behav/xsim'
INFO: [USF-XSim-98] *** Running xsim
   with args "tb_chronometer_behav -key {Behavioral:sim_1:Functional:tb_chronometer} -tclbatch {tb_chronometer.tcl} -view {{D:/Scuola/Anno 2024-2025/Architettura dei Sistemi Digitali/Elaborato/exe-5.1/tb_chronometer_behav.wcfg}} -log {simulate.log}"
INFO: [USF-XSim-8] Loading simulator feature
Time resolution is 1 ps
open_wave_config {D:/Scuola/Anno 2024-2025/Architettura dei Sistemi Digitali/Elaborato/exe-5.1/tb_chronometer_behav.wcfg}
source tb_chronometer.tcl
# set curr_wave [current_wave_config]
# if { [string length $curr_wave] == 0 } {
#   if { [llength [get_objects]] > 0} {
#     add_wave /
#     set_property needs_save false [current_wave_config]
#   } else {
#      send_msg_id Add_Wave-1 WARNING "No top level signals found. Simulator will start without a wave window. If you want to open a wave window go to 'File->New Waveform Configuration' or type 'create_wave_config' in the TCL console."
#   }
# }
# run 1000 ns
INFO: [USF-XSim-96] XSim completed. Design snapshot 'tb_chronometer_behav' loaded.
INFO: [USF-XSim-97] XSim simulation ran for 1000 ns
launch_simulation: Time (s): cpu = 00:00:00 ; elapsed = 00:00:07 . Memory (MB): peak = 3015.609 ; gain = 0.000
current_wave_config {tb_chronometer_behav.wcfg}
tb_chronometer_behav.wcfg
add_wave {{/tb_chronometer/chronom/ss_cnt/clk}} 
save_wave_config {D:/Scuola/Anno 2024-2025/Architettura dei Sistemi Digitali/Elaborato/exe-5.1/tb_chronometer_behav.wcfg}
close_sim
INFO: [Simtcl 6-16] Simulation closed
launch_simulation
Command: launch_simulation 
INFO: [Vivado 12-12493] Simulation top is 'tb_chronometer'
WARNING: [Vivado 12-13340] Unable to auto find GCC executables from simulator install path! (path not set)
INFO: [Vivado 12-5682] Launching behavioral simulation in 'D:/Scuola/Anno 2024-2025/Architettura dei Sistemi Digitali/Elaborato/exe-5.1/exe-5.1.sim/sim_1/behav/xsim'
INFO: [SIM-utils-51] Simulation object is 'sim_1'
INFO: [SIM-utils-72] Using boost library from 'D:/Programmi/Vivado2023.1/Vivado/2023.1/tps/boost_1_72_0'
INFO: [SIM-utils-54] Inspecting design source files for 'tb_chronometer' in fileset 'sim_1'...
INFO: [USF-XSim-97] Finding global include files...
INFO: [USF-XSim-98] Fetching design files from 'sim_1'...
INFO: [USF-XSim-2] XSim::Compile design
INFO: [USF-XSim-61] Executing 'COMPILE and ANALYZE' step in 'D:/Scuola/Anno 2024-2025/Architettura dei Sistemi Digitali/Elaborato/exe-5.1/exe-5.1.sim/sim_1/behav/xsim'
"xvhdl --incr --relax -prj tb_chronometer_vhdl.prj"
ECHO disattivato.
ECHO disattivato.
INFO: [USF-XSim-69] 'compile' step finished in '2' seconds
INFO: [USF-XSim-3] XSim::Elaborate design
INFO: [USF-XSim-61] Executing 'ELABORATE' step in 'D:/Scuola/Anno 2024-2025/Architettura dei Sistemi Digitali/Elaborato/exe-5.1/exe-5.1.sim/sim_1/behav/xsim'
"xelab --incr --debug typical --relax --mt 2 -L xil_defaultlib -L secureip --snapshot tb_chronometer_behav xil_defaultlib.tb_chronometer -log elaborate.log"
ECHO disattivato.
ECHO disattivato.
Vivado Simulator v2023.1
Copyright 1986-2022 Xilinx, Inc. All Rights Reserved.
Copyright 2022-2023 Advanced Micro Devices, Inc. All Rights Reserved.
Running: D:/Programmi/Vivado2023.1/Vivado/2023.1/bin/unwrapped/win64.o/xelab.exe --incr --debug typical --relax --mt 2 -L xil_defaultlib -L secureip --snapshot tb_chronometer_behav xil_defaultlib.tb_chronometer -log elaborate.log 
Using 2 slave threads.
Starting static elaboration
Completed static elaboration
INFO: [XSIM 43-4323] No Change in HDL. Linking previously generated obj files to create kernel
INFO: [USF-XSim-69] 'elaborate' step finished in '2' seconds
INFO: [USF-XSim-4] XSim::Simulate design
INFO: [USF-XSim-61] Executing 'SIMULATE' step in 'D:/Scuola/Anno 2024-2025/Architettura dei Sistemi Digitali/Elaborato/exe-5.1/exe-5.1.sim/sim_1/behav/xsim'
INFO: [USF-XSim-98] *** Running xsim
   with args "tb_chronometer_behav -key {Behavioral:sim_1:Functional:tb_chronometer} -tclbatch {tb_chronometer.tcl} -view {{D:/Scuola/Anno 2024-2025/Architettura dei Sistemi Digitali/Elaborato/exe-5.1/tb_chronometer_behav.wcfg}} -log {simulate.log}"
INFO: [USF-XSim-8] Loading simulator feature
Time resolution is 1 ps
open_wave_config {D:/Scuola/Anno 2024-2025/Architettura dei Sistemi Digitali/Elaborato/exe-5.1/tb_chronometer_behav.wcfg}
source tb_chronometer.tcl
# set curr_wave [current_wave_config]
# if { [string length $curr_wave] == 0 } {
#   if { [llength [get_objects]] > 0} {
#     add_wave /
#     set_property needs_save false [current_wave_config]
#   } else {
#      send_msg_id Add_Wave-1 WARNING "No top level signals found. Simulator will start without a wave window. If you want to open a wave window go to 'File->New Waveform Configuration' or type 'create_wave_config' in the TCL console."
#   }
# }
# run 1000 ns
INFO: [USF-XSim-96] XSim completed. Design snapshot 'tb_chronometer_behav' loaded.
INFO: [USF-XSim-97] XSim simulation ran for 1000 ns
launch_simulation: Time (s): cpu = 00:00:00 ; elapsed = 00:00:06 . Memory (MB): peak = 3015.609 ; gain = 0.000
close_sim
INFO: [Simtcl 6-16] Simulation closed
launch_simulation
Command: launch_simulation 
INFO: [Vivado 12-12493] Simulation top is 'tb_chronometer'
WARNING: [Vivado 12-13340] Unable to auto find GCC executables from simulator install path! (path not set)
INFO: [Vivado 12-5682] Launching behavioral simulation in 'D:/Scuola/Anno 2024-2025/Architettura dei Sistemi Digitali/Elaborato/exe-5.1/exe-5.1.sim/sim_1/behav/xsim'
INFO: [SIM-utils-51] Simulation object is 'sim_1'
INFO: [SIM-utils-72] Using boost library from 'D:/Programmi/Vivado2023.1/Vivado/2023.1/tps/boost_1_72_0'
INFO: [SIM-utils-54] Inspecting design source files for 'tb_chronometer' in fileset 'sim_1'...
INFO: [USF-XSim-97] Finding global include files...
INFO: [USF-XSim-98] Fetching design files from 'sim_1'...
INFO: [USF-XSim-2] XSim::Compile design
INFO: [USF-XSim-61] Executing 'COMPILE and ANALYZE' step in 'D:/Scuola/Anno 2024-2025/Architettura dei Sistemi Digitali/Elaborato/exe-5.1/exe-5.1.sim/sim_1/behav/xsim'
"xvhdl --incr --relax -prj tb_chronometer_vhdl.prj"
ECHO disattivato.
ECHO disattivato.
INFO: [VRFC 10-163] Analyzing VHDL file "D:/Scuola/Anno 2024-2025/Architettura dei Sistemi Digitali/Elaborato/exe-5.1/exe-5.1.srcs/sources_1/new/chronometer.vhd" into library xil_defaultlib
INFO: [VRFC 10-3107] analyzing entity 'chronometer'
INFO: [VRFC 10-163] Analyzing VHDL file "D:/Scuola/Anno 2024-2025/Architettura dei Sistemi Digitali/Elaborato/exe-5.1/exe-5.1.srcs/sim_1/new/testbench_chronometer.vhd" into library xil_defaultlib
INFO: [VRFC 10-3107] analyzing entity 'tb_chronometer'
INFO: [USF-XSim-69] 'compile' step finished in '2' seconds
INFO: [USF-XSim-3] XSim::Elaborate design
INFO: [USF-XSim-61] Executing 'ELABORATE' step in 'D:/Scuola/Anno 2024-2025/Architettura dei Sistemi Digitali/Elaborato/exe-5.1/exe-5.1.sim/sim_1/behav/xsim'
"xelab --incr --debug typical --relax --mt 2 -L xil_defaultlib -L secureip --snapshot tb_chronometer_behav xil_defaultlib.tb_chronometer -log elaborate.log"
ECHO disattivato.
ECHO disattivato.
Vivado Simulator v2023.1
Copyright 1986-2022 Xilinx, Inc. All Rights Reserved.
Copyright 2022-2023 Advanced Micro Devices, Inc. All Rights Reserved.
Running: D:/Programmi/Vivado2023.1/Vivado/2023.1/bin/unwrapped/win64.o/xelab.exe --incr --debug typical --relax --mt 2 -L xil_defaultlib -L secureip --snapshot tb_chronometer_behav xil_defaultlib.tb_chronometer -log elaborate.log 
Using 2 slave threads.
Starting static elaboration
Completed static elaboration
Starting simulation data flow analysis
Completed simulation data flow analysis
Time Resolution for simulation is 1ps
Compiling package std.standard
Compiling package std.textio
Compiling package ieee.std_logic_1164
Compiling package ieee.numeric_std
Compiling architecture behavioral of entity xil_defaultlib.load_counter [\load_counter(n=60,m=6)\]
Compiling architecture behavioral of entity xil_defaultlib.load_counter [\load_counter(n=24,m=5)\]
Compiling architecture structural of entity xil_defaultlib.chronometer [chronometer_default]
Compiling architecture structural of entity xil_defaultlib.tb_chronometer
Built simulation snapshot tb_chronometer_behav
INFO: [USF-XSim-69] 'elaborate' step finished in '3' seconds
INFO: [USF-XSim-4] XSim::Simulate design
INFO: [USF-XSim-61] Executing 'SIMULATE' step in 'D:/Scuola/Anno 2024-2025/Architettura dei Sistemi Digitali/Elaborato/exe-5.1/exe-5.1.sim/sim_1/behav/xsim'
INFO: [USF-XSim-98] *** Running xsim
   with args "tb_chronometer_behav -key {Behavioral:sim_1:Functional:tb_chronometer} -tclbatch {tb_chronometer.tcl} -view {{D:/Scuola/Anno 2024-2025/Architettura dei Sistemi Digitali/Elaborato/exe-5.1/tb_chronometer_behav.wcfg}} -log {simulate.log}"
INFO: [USF-XSim-8] Loading simulator feature
Time resolution is 1 ps
open_wave_config {D:/Scuola/Anno 2024-2025/Architettura dei Sistemi Digitali/Elaborato/exe-5.1/tb_chronometer_behav.wcfg}
source tb_chronometer.tcl
# set curr_wave [current_wave_config]
# if { [string length $curr_wave] == 0 } {
#   if { [llength [get_objects]] > 0} {
#     add_wave /
#     set_property needs_save false [current_wave_config]
#   } else {
#      send_msg_id Add_Wave-1 WARNING "No top level signals found. Simulator will start without a wave window. If you want to open a wave window go to 'File->New Waveform Configuration' or type 'create_wave_config' in the TCL console."
#   }
# }
# run 1000 ns
INFO: [USF-XSim-96] XSim completed. Design snapshot 'tb_chronometer_behav' loaded.
INFO: [USF-XSim-97] XSim simulation ran for 1000 ns
launch_simulation: Time (s): cpu = 00:00:01 ; elapsed = 00:00:07 . Memory (MB): peak = 3015.609 ; gain = 0.000
close_sim
INFO: [Simtcl 6-16] Simulation closed
launch_simulation
Command: launch_simulation 
INFO: [Vivado 12-12493] Simulation top is 'tb_chronometer'
WARNING: [Vivado 12-13340] Unable to auto find GCC executables from simulator install path! (path not set)
INFO: [Vivado 12-5682] Launching behavioral simulation in 'D:/Scuola/Anno 2024-2025/Architettura dei Sistemi Digitali/Elaborato/exe-5.1/exe-5.1.sim/sim_1/behav/xsim'
INFO: [SIM-utils-51] Simulation object is 'sim_1'
INFO: [SIM-utils-72] Using boost library from 'D:/Programmi/Vivado2023.1/Vivado/2023.1/tps/boost_1_72_0'
INFO: [SIM-utils-54] Inspecting design source files for 'tb_chronometer' in fileset 'sim_1'...
INFO: [USF-XSim-97] Finding global include files...
INFO: [USF-XSim-98] Fetching design files from 'sim_1'...
INFO: [USF-XSim-2] XSim::Compile design
INFO: [USF-XSim-61] Executing 'COMPILE and ANALYZE' step in 'D:/Scuola/Anno 2024-2025/Architettura dei Sistemi Digitali/Elaborato/exe-5.1/exe-5.1.sim/sim_1/behav/xsim'
"xvhdl --incr --relax -prj tb_chronometer_vhdl.prj"
ECHO disattivato.
ECHO disattivato.
INFO: [VRFC 10-163] Analyzing VHDL file "D:/Scuola/Anno 2024-2025/Architettura dei Sistemi Digitali/Elaborato/exe-5.1/exe-5.1.srcs/sources_1/new/chronometer.vhd" into library xil_defaultlib
INFO: [VRFC 10-3107] analyzing entity 'chronometer'
INFO: [VRFC 10-163] Analyzing VHDL file "D:/Scuola/Anno 2024-2025/Architettura dei Sistemi Digitali/Elaborato/exe-5.1/exe-5.1.srcs/sim_1/new/testbench_chronometer.vhd" into library xil_defaultlib
INFO: [VRFC 10-3107] analyzing entity 'tb_chronometer'
INFO: [USF-XSim-69] 'compile' step finished in '2' seconds
INFO: [USF-XSim-3] XSim::Elaborate design
INFO: [USF-XSim-61] Executing 'ELABORATE' step in 'D:/Scuola/Anno 2024-2025/Architettura dei Sistemi Digitali/Elaborato/exe-5.1/exe-5.1.sim/sim_1/behav/xsim'
"xelab --incr --debug typical --relax --mt 2 -L xil_defaultlib -L secureip --snapshot tb_chronometer_behav xil_defaultlib.tb_chronometer -log elaborate.log"
ECHO disattivato.
ECHO disattivato.
Vivado Simulator v2023.1
Copyright 1986-2022 Xilinx, Inc. All Rights Reserved.
Copyright 2022-2023 Advanced Micro Devices, Inc. All Rights Reserved.
Running: D:/Programmi/Vivado2023.1/Vivado/2023.1/bin/unwrapped/win64.o/xelab.exe --incr --debug typical --relax --mt 2 -L xil_defaultlib -L secureip --snapshot tb_chronometer_behav xil_defaultlib.tb_chronometer -log elaborate.log 
Using 2 slave threads.
Starting static elaboration
Completed static elaboration
Starting simulation data flow analysis
Completed simulation data flow analysis
Time Resolution for simulation is 1ps
Compiling package std.standard
Compiling package std.textio
Compiling package ieee.std_logic_1164
Compiling package ieee.numeric_std
Compiling architecture behavioral of entity xil_defaultlib.load_counter [\load_counter(n=60,m=6)\]
Compiling architecture behavioral of entity xil_defaultlib.load_counter [\load_counter(n=24,m=5)\]
Compiling architecture structural of entity xil_defaultlib.chronometer [chronometer_default]
Compiling architecture structural of entity xil_defaultlib.tb_chronometer
Built simulation snapshot tb_chronometer_behav
INFO: [USF-XSim-69] 'elaborate' step finished in '3' seconds
INFO: [USF-XSim-4] XSim::Simulate design
INFO: [USF-XSim-61] Executing 'SIMULATE' step in 'D:/Scuola/Anno 2024-2025/Architettura dei Sistemi Digitali/Elaborato/exe-5.1/exe-5.1.sim/sim_1/behav/xsim'
INFO: [USF-XSim-98] *** Running xsim
   with args "tb_chronometer_behav -key {Behavioral:sim_1:Functional:tb_chronometer} -tclbatch {tb_chronometer.tcl} -view {{D:/Scuola/Anno 2024-2025/Architettura dei Sistemi Digitali/Elaborato/exe-5.1/tb_chronometer_behav.wcfg}} -log {simulate.log}"
INFO: [USF-XSim-8] Loading simulator feature
Time resolution is 1 ps
open_wave_config {D:/Scuola/Anno 2024-2025/Architettura dei Sistemi Digitali/Elaborato/exe-5.1/tb_chronometer_behav.wcfg}
source tb_chronometer.tcl
# set curr_wave [current_wave_config]
# if { [string length $curr_wave] == 0 } {
#   if { [llength [get_objects]] > 0} {
#     add_wave /
#     set_property needs_save false [current_wave_config]
#   } else {
#      send_msg_id Add_Wave-1 WARNING "No top level signals found. Simulator will start without a wave window. If you want to open a wave window go to 'File->New Waveform Configuration' or type 'create_wave_config' in the TCL console."
#   }
# }
# run 1000 ns
INFO: [USF-XSim-96] XSim completed. Design snapshot 'tb_chronometer_behav' loaded.
INFO: [USF-XSim-97] XSim simulation ran for 1000 ns
launch_simulation: Time (s): cpu = 00:00:01 ; elapsed = 00:00:07 . Memory (MB): peak = 3015.609 ; gain = 0.000
close_sim
INFO: [Simtcl 6-16] Simulation closed
launch_simulation
Command: launch_simulation 
INFO: [Vivado 12-12493] Simulation top is 'tb_chronometer'
WARNING: [Vivado 12-13340] Unable to auto find GCC executables from simulator install path! (path not set)
INFO: [Vivado 12-5682] Launching behavioral simulation in 'D:/Scuola/Anno 2024-2025/Architettura dei Sistemi Digitali/Elaborato/exe-5.1/exe-5.1.sim/sim_1/behav/xsim'
INFO: [SIM-utils-51] Simulation object is 'sim_1'
INFO: [SIM-utils-72] Using boost library from 'D:/Programmi/Vivado2023.1/Vivado/2023.1/tps/boost_1_72_0'
INFO: [SIM-utils-54] Inspecting design source files for 'tb_chronometer' in fileset 'sim_1'...
INFO: [USF-XSim-97] Finding global include files...
INFO: [USF-XSim-98] Fetching design files from 'sim_1'...
INFO: [USF-XSim-2] XSim::Compile design
INFO: [USF-XSim-61] Executing 'COMPILE and ANALYZE' step in 'D:/Scuola/Anno 2024-2025/Architettura dei Sistemi Digitali/Elaborato/exe-5.1/exe-5.1.sim/sim_1/behav/xsim'
"xvhdl --incr --relax -prj tb_chronometer_vhdl.prj"
ECHO disattivato.
ECHO disattivato.
INFO: [VRFC 10-163] Analyzing VHDL file "D:/Scuola/Anno 2024-2025/Architettura dei Sistemi Digitali/Elaborato/exe-5.1/exe-5.1.srcs/sources_1/new/chronometer.vhd" into library xil_defaultlib
INFO: [VRFC 10-3107] analyzing entity 'chronometer'
INFO: [VRFC 10-163] Analyzing VHDL file "D:/Scuola/Anno 2024-2025/Architettura dei Sistemi Digitali/Elaborato/exe-5.1/exe-5.1.srcs/sim_1/new/testbench_chronometer.vhd" into library xil_defaultlib
INFO: [VRFC 10-3107] analyzing entity 'tb_chronometer'
INFO: [USF-XSim-69] 'compile' step finished in '2' seconds
INFO: [USF-XSim-3] XSim::Elaborate design
INFO: [USF-XSim-61] Executing 'ELABORATE' step in 'D:/Scuola/Anno 2024-2025/Architettura dei Sistemi Digitali/Elaborato/exe-5.1/exe-5.1.sim/sim_1/behav/xsim'
"xelab --incr --debug typical --relax --mt 2 -L xil_defaultlib -L secureip --snapshot tb_chronometer_behav xil_defaultlib.tb_chronometer -log elaborate.log"
ECHO disattivato.
ECHO disattivato.
Vivado Simulator v2023.1
Copyright 1986-2022 Xilinx, Inc. All Rights Reserved.
Copyright 2022-2023 Advanced Micro Devices, Inc. All Rights Reserved.
Running: D:/Programmi/Vivado2023.1/Vivado/2023.1/bin/unwrapped/win64.o/xelab.exe --incr --debug typical --relax --mt 2 -L xil_defaultlib -L secureip --snapshot tb_chronometer_behav xil_defaultlib.tb_chronometer -log elaborate.log 
Using 2 slave threads.
Starting static elaboration
Completed static elaboration
Starting simulation data flow analysis
Completed simulation data flow analysis
Time Resolution for simulation is 1ps
Compiling package std.standard
Compiling package std.textio
Compiling package ieee.std_logic_1164
Compiling package ieee.numeric_std
Compiling architecture behavioral of entity xil_defaultlib.load_counter [\load_counter(n=60,m=6)\]
Compiling architecture behavioral of entity xil_defaultlib.load_counter [\load_counter(n=24,m=5)\]
Compiling architecture structural of entity xil_defaultlib.chronometer [chronometer_default]
Compiling architecture structural of entity xil_defaultlib.tb_chronometer
Built simulation snapshot tb_chronometer_behav
INFO: [USF-XSim-69] 'elaborate' step finished in '3' seconds
INFO: [USF-XSim-4] XSim::Simulate design
INFO: [USF-XSim-61] Executing 'SIMULATE' step in 'D:/Scuola/Anno 2024-2025/Architettura dei Sistemi Digitali/Elaborato/exe-5.1/exe-5.1.sim/sim_1/behav/xsim'
INFO: [USF-XSim-98] *** Running xsim
   with args "tb_chronometer_behav -key {Behavioral:sim_1:Functional:tb_chronometer} -tclbatch {tb_chronometer.tcl} -view {{D:/Scuola/Anno 2024-2025/Architettura dei Sistemi Digitali/Elaborato/exe-5.1/tb_chronometer_behav.wcfg}} -log {simulate.log}"
INFO: [USF-XSim-8] Loading simulator feature
Time resolution is 1 ps
open_wave_config {D:/Scuola/Anno 2024-2025/Architettura dei Sistemi Digitali/Elaborato/exe-5.1/tb_chronometer_behav.wcfg}
source tb_chronometer.tcl
# set curr_wave [current_wave_config]
# if { [string length $curr_wave] == 0 } {
#   if { [llength [get_objects]] > 0} {
#     add_wave /
#     set_property needs_save false [current_wave_config]
#   } else {
#      send_msg_id Add_Wave-1 WARNING "No top level signals found. Simulator will start without a wave window. If you want to open a wave window go to 'File->New Waveform Configuration' or type 'create_wave_config' in the TCL console."
#   }
# }
# run 1000 ns
INFO: [USF-XSim-96] XSim completed. Design snapshot 'tb_chronometer_behav' loaded.
INFO: [USF-XSim-97] XSim simulation ran for 1000 ns
launch_simulation: Time (s): cpu = 00:00:01 ; elapsed = 00:00:08 . Memory (MB): peak = 3015.609 ; gain = 0.000
close_sim
INFO: [Simtcl 6-16] Simulation closed
launch_simulation
Command: launch_simulation 
INFO: [Vivado 12-12493] Simulation top is 'tb_chronometer'
WARNING: [Vivado 12-13340] Unable to auto find GCC executables from simulator install path! (path not set)
INFO: [Vivado 12-5682] Launching behavioral simulation in 'D:/Scuola/Anno 2024-2025/Architettura dei Sistemi Digitali/Elaborato/exe-5.1/exe-5.1.sim/sim_1/behav/xsim'
INFO: [SIM-utils-51] Simulation object is 'sim_1'
INFO: [SIM-utils-72] Using boost library from 'D:/Programmi/Vivado2023.1/Vivado/2023.1/tps/boost_1_72_0'
INFO: [SIM-utils-54] Inspecting design source files for 'tb_chronometer' in fileset 'sim_1'...
INFO: [USF-XSim-97] Finding global include files...
INFO: [USF-XSim-98] Fetching design files from 'sim_1'...
INFO: [USF-XSim-2] XSim::Compile design
INFO: [USF-XSim-61] Executing 'COMPILE and ANALYZE' step in 'D:/Scuola/Anno 2024-2025/Architettura dei Sistemi Digitali/Elaborato/exe-5.1/exe-5.1.sim/sim_1/behav/xsim'
"xvhdl --incr --relax -prj tb_chronometer_vhdl.prj"
ECHO disattivato.
ECHO disattivato.
INFO: [VRFC 10-163] Analyzing VHDL file "D:/Scuola/Anno 2024-2025/Architettura dei Sistemi Digitali/Elaborato/exe-5.1/exe-5.1.srcs/sources_1/new/chronometer.vhd" into library xil_defaultlib
INFO: [VRFC 10-3107] analyzing entity 'chronometer'
INFO: [VRFC 10-163] Analyzing VHDL file "D:/Scuola/Anno 2024-2025/Architettura dei Sistemi Digitali/Elaborato/exe-5.1/exe-5.1.srcs/sim_1/new/testbench_chronometer.vhd" into library xil_defaultlib
INFO: [VRFC 10-3107] analyzing entity 'tb_chronometer'
INFO: [USF-XSim-69] 'compile' step finished in '2' seconds
INFO: [USF-XSim-3] XSim::Elaborate design
INFO: [USF-XSim-61] Executing 'ELABORATE' step in 'D:/Scuola/Anno 2024-2025/Architettura dei Sistemi Digitali/Elaborato/exe-5.1/exe-5.1.sim/sim_1/behav/xsim'
"xelab --incr --debug typical --relax --mt 2 -L xil_defaultlib -L secureip --snapshot tb_chronometer_behav xil_defaultlib.tb_chronometer -log elaborate.log"
ECHO disattivato.
ECHO disattivato.
Vivado Simulator v2023.1
Copyright 1986-2022 Xilinx, Inc. All Rights Reserved.
Copyright 2022-2023 Advanced Micro Devices, Inc. All Rights Reserved.
Running: D:/Programmi/Vivado2023.1/Vivado/2023.1/bin/unwrapped/win64.o/xelab.exe --incr --debug typical --relax --mt 2 -L xil_defaultlib -L secureip --snapshot tb_chronometer_behav xil_defaultlib.tb_chronometer -log elaborate.log 
Using 2 slave threads.
Starting static elaboration
Completed static elaboration
Starting simulation data flow analysis
Completed simulation data flow analysis
Time Resolution for simulation is 1ps
Compiling package std.standard
Compiling package std.textio
Compiling package ieee.std_logic_1164
Compiling package ieee.numeric_std
Compiling architecture behavioral of entity xil_defaultlib.load_counter [\load_counter(n=60,m=6)\]
Compiling architecture behavioral of entity xil_defaultlib.load_counter [\load_counter(n=24,m=5)\]
Compiling architecture structural of entity xil_defaultlib.chronometer [chronometer_default]
Compiling architecture structural of entity xil_defaultlib.tb_chronometer
Built simulation snapshot tb_chronometer_behav
INFO: [USF-XSim-69] 'elaborate' step finished in '3' seconds
INFO: [USF-XSim-4] XSim::Simulate design
INFO: [USF-XSim-61] Executing 'SIMULATE' step in 'D:/Scuola/Anno 2024-2025/Architettura dei Sistemi Digitali/Elaborato/exe-5.1/exe-5.1.sim/sim_1/behav/xsim'
INFO: [USF-XSim-98] *** Running xsim
   with args "tb_chronometer_behav -key {Behavioral:sim_1:Functional:tb_chronometer} -tclbatch {tb_chronometer.tcl} -view {{D:/Scuola/Anno 2024-2025/Architettura dei Sistemi Digitali/Elaborato/exe-5.1/tb_chronometer_behav.wcfg}} -log {simulate.log}"
INFO: [USF-XSim-8] Loading simulator feature
Time resolution is 1 ps
open_wave_config {D:/Scuola/Anno 2024-2025/Architettura dei Sistemi Digitali/Elaborato/exe-5.1/tb_chronometer_behav.wcfg}
source tb_chronometer.tcl
# set curr_wave [current_wave_config]
# if { [string length $curr_wave] == 0 } {
#   if { [llength [get_objects]] > 0} {
#     add_wave /
#     set_property needs_save false [current_wave_config]
#   } else {
#      send_msg_id Add_Wave-1 WARNING "No top level signals found. Simulator will start without a wave window. If you want to open a wave window go to 'File->New Waveform Configuration' or type 'create_wave_config' in the TCL console."
#   }
# }
# run 1000 ns
INFO: [USF-XSim-96] XSim completed. Design snapshot 'tb_chronometer_behav' loaded.
INFO: [USF-XSim-97] XSim simulation ran for 1000 ns
launch_simulation: Time (s): cpu = 00:00:01 ; elapsed = 00:00:07 . Memory (MB): peak = 3015.609 ; gain = 0.000
close_sim
INFO: [Simtcl 6-16] Simulation closed
launch_simulation
Command: launch_simulation 
INFO: [Vivado 12-12493] Simulation top is 'tb_chronometer'
WARNING: [Vivado 12-13340] Unable to auto find GCC executables from simulator install path! (path not set)
INFO: [Vivado 12-5682] Launching behavioral simulation in 'D:/Scuola/Anno 2024-2025/Architettura dei Sistemi Digitali/Elaborato/exe-5.1/exe-5.1.sim/sim_1/behav/xsim'
INFO: [SIM-utils-51] Simulation object is 'sim_1'
INFO: [SIM-utils-72] Using boost library from 'D:/Programmi/Vivado2023.1/Vivado/2023.1/tps/boost_1_72_0'
INFO: [SIM-utils-54] Inspecting design source files for 'tb_chronometer' in fileset 'sim_1'...
INFO: [USF-XSim-97] Finding global include files...
INFO: [USF-XSim-98] Fetching design files from 'sim_1'...
INFO: [USF-XSim-2] XSim::Compile design
INFO: [USF-XSim-61] Executing 'COMPILE and ANALYZE' step in 'D:/Scuola/Anno 2024-2025/Architettura dei Sistemi Digitali/Elaborato/exe-5.1/exe-5.1.sim/sim_1/behav/xsim'
"xvhdl --incr --relax -prj tb_chronometer_vhdl.prj"
ECHO disattivato.
ECHO disattivato.
INFO: [USF-XSim-69] 'compile' step finished in '2' seconds
INFO: [USF-XSim-3] XSim::Elaborate design
INFO: [USF-XSim-61] Executing 'ELABORATE' step in 'D:/Scuola/Anno 2024-2025/Architettura dei Sistemi Digitali/Elaborato/exe-5.1/exe-5.1.sim/sim_1/behav/xsim'
"xelab --incr --debug typical --relax --mt 2 -L xil_defaultlib -L secureip --snapshot tb_chronometer_behav xil_defaultlib.tb_chronometer -log elaborate.log"
ECHO disattivato.
ECHO disattivato.
Vivado Simulator v2023.1
Copyright 1986-2022 Xilinx, Inc. All Rights Reserved.
Copyright 2022-2023 Advanced Micro Devices, Inc. All Rights Reserved.
Running: D:/Programmi/Vivado2023.1/Vivado/2023.1/bin/unwrapped/win64.o/xelab.exe --incr --debug typical --relax --mt 2 -L xil_defaultlib -L secureip --snapshot tb_chronometer_behav xil_defaultlib.tb_chronometer -log elaborate.log 
Using 2 slave threads.
Starting static elaboration
Completed static elaboration
INFO: [XSIM 43-4323] No Change in HDL. Linking previously generated obj files to create kernel
INFO: [USF-XSim-69] 'elaborate' step finished in '2' seconds
INFO: [USF-XSim-4] XSim::Simulate design
INFO: [USF-XSim-61] Executing 'SIMULATE' step in 'D:/Scuola/Anno 2024-2025/Architettura dei Sistemi Digitali/Elaborato/exe-5.1/exe-5.1.sim/sim_1/behav/xsim'
INFO: [USF-XSim-98] *** Running xsim
   with args "tb_chronometer_behav -key {Behavioral:sim_1:Functional:tb_chronometer} -tclbatch {tb_chronometer.tcl} -view {{D:/Scuola/Anno 2024-2025/Architettura dei Sistemi Digitali/Elaborato/exe-5.1/tb_chronometer_behav.wcfg}} -log {simulate.log}"
INFO: [USF-XSim-8] Loading simulator feature
Time resolution is 1 ps
open_wave_config {D:/Scuola/Anno 2024-2025/Architettura dei Sistemi Digitali/Elaborato/exe-5.1/tb_chronometer_behav.wcfg}
source tb_chronometer.tcl
# set curr_wave [current_wave_config]
# if { [string length $curr_wave] == 0 } {
#   if { [llength [get_objects]] > 0} {
#     add_wave /
#     set_property needs_save false [current_wave_config]
#   } else {
#      send_msg_id Add_Wave-1 WARNING "No top level signals found. Simulator will start without a wave window. If you want to open a wave window go to 'File->New Waveform Configuration' or type 'create_wave_config' in the TCL console."
#   }
# }
# run 1000 ns
INFO: [USF-XSim-96] XSim completed. Design snapshot 'tb_chronometer_behav' loaded.
INFO: [USF-XSim-97] XSim simulation ran for 1000 ns
launch_simulation: Time (s): cpu = 00:00:00 ; elapsed = 00:00:06 . Memory (MB): peak = 3015.609 ; gain = 0.000
current_wave_config {tb_chronometer_behav.wcfg}
tb_chronometer_behav.wcfg
add_wave {{/tb_chronometer/chronom/ss_enable}} 
close_sim
INFO: [Simtcl 6-16] Simulation closed
launch_simulation
Command: launch_simulation 
INFO: [Vivado 12-12493] Simulation top is 'tb_chronometer'
WARNING: [Vivado 12-13340] Unable to auto find GCC executables from simulator install path! (path not set)
INFO: [Vivado 12-5682] Launching behavioral simulation in 'D:/Scuola/Anno 2024-2025/Architettura dei Sistemi Digitali/Elaborato/exe-5.1/exe-5.1.sim/sim_1/behav/xsim'
INFO: [SIM-utils-51] Simulation object is 'sim_1'
INFO: [SIM-utils-72] Using boost library from 'D:/Programmi/Vivado2023.1/Vivado/2023.1/tps/boost_1_72_0'
INFO: [SIM-utils-54] Inspecting design source files for 'tb_chronometer' in fileset 'sim_1'...
INFO: [USF-XSim-97] Finding global include files...
INFO: [USF-XSim-98] Fetching design files from 'sim_1'...
INFO: [USF-XSim-2] XSim::Compile design
INFO: [USF-XSim-61] Executing 'COMPILE and ANALYZE' step in 'D:/Scuola/Anno 2024-2025/Architettura dei Sistemi Digitali/Elaborato/exe-5.1/exe-5.1.sim/sim_1/behav/xsim'
"xvhdl --incr --relax -prj tb_chronometer_vhdl.prj"
ECHO disattivato.
ECHO disattivato.
INFO: [VRFC 10-163] Analyzing VHDL file "D:/Scuola/Anno 2024-2025/Architettura dei Sistemi Digitali/Elaborato/exe-5.1/exe-5.1.srcs/sim_1/new/testbench_chronometer.vhd" into library xil_defaultlib
INFO: [VRFC 10-3107] analyzing entity 'tb_chronometer'
INFO: [USF-XSim-69] 'compile' step finished in '2' seconds
INFO: [USF-XSim-3] XSim::Elaborate design
INFO: [USF-XSim-61] Executing 'ELABORATE' step in 'D:/Scuola/Anno 2024-2025/Architettura dei Sistemi Digitali/Elaborato/exe-5.1/exe-5.1.sim/sim_1/behav/xsim'
"xelab --incr --debug typical --relax --mt 2 -L xil_defaultlib -L secureip --snapshot tb_chronometer_behav xil_defaultlib.tb_chronometer -log elaborate.log"
ECHO disattivato.
ECHO disattivato.
Vivado Simulator v2023.1
Copyright 1986-2022 Xilinx, Inc. All Rights Reserved.
Copyright 2022-2023 Advanced Micro Devices, Inc. All Rights Reserved.
Running: D:/Programmi/Vivado2023.1/Vivado/2023.1/bin/unwrapped/win64.o/xelab.exe --incr --debug typical --relax --mt 2 -L xil_defaultlib -L secureip --snapshot tb_chronometer_behav xil_defaultlib.tb_chronometer -log elaborate.log 
Using 2 slave threads.
Starting static elaboration
Completed static elaboration
Starting simulation data flow analysis
Completed simulation data flow analysis
Time Resolution for simulation is 1ps
Compiling package std.standard
Compiling package std.textio
Compiling package ieee.std_logic_1164
Compiling package ieee.numeric_std
Compiling architecture behavioral of entity xil_defaultlib.load_counter [\load_counter(n=60,m=6)\]
Compiling architecture behavioral of entity xil_defaultlib.load_counter [\load_counter(n=24,m=5)\]
Compiling architecture structural of entity xil_defaultlib.chronometer [chronometer_default]
Compiling architecture structural of entity xil_defaultlib.tb_chronometer
Built simulation snapshot tb_chronometer_behav
INFO: [USF-XSim-69] 'elaborate' step finished in '2' seconds
INFO: [USF-XSim-4] XSim::Simulate design
INFO: [USF-XSim-61] Executing 'SIMULATE' step in 'D:/Scuola/Anno 2024-2025/Architettura dei Sistemi Digitali/Elaborato/exe-5.1/exe-5.1.sim/sim_1/behav/xsim'
INFO: [USF-XSim-98] *** Running xsim
   with args "tb_chronometer_behav -key {Behavioral:sim_1:Functional:tb_chronometer} -tclbatch {tb_chronometer.tcl} -view {{D:/Scuola/Anno 2024-2025/Architettura dei Sistemi Digitali/Elaborato/exe-5.1/tb_chronometer_behav.wcfg}} -log {simulate.log}"
INFO: [USF-XSim-8] Loading simulator feature
Time resolution is 1 ps
open_wave_config {D:/Scuola/Anno 2024-2025/Architettura dei Sistemi Digitali/Elaborato/exe-5.1/tb_chronometer_behav.wcfg}
source tb_chronometer.tcl
# set curr_wave [current_wave_config]
# if { [string length $curr_wave] == 0 } {
#   if { [llength [get_objects]] > 0} {
#     add_wave /
#     set_property needs_save false [current_wave_config]
#   } else {
#      send_msg_id Add_Wave-1 WARNING "No top level signals found. Simulator will start without a wave window. If you want to open a wave window go to 'File->New Waveform Configuration' or type 'create_wave_config' in the TCL console."
#   }
# }
# run 1000 ns
INFO: [USF-XSim-96] XSim completed. Design snapshot 'tb_chronometer_behav' loaded.
INFO: [USF-XSim-97] XSim simulation ran for 1000 ns
launch_simulation: Time (s): cpu = 00:00:00 ; elapsed = 00:00:07 . Memory (MB): peak = 3032.125 ; gain = 0.000
close_sim
INFO: [Simtcl 6-16] Simulation closed
launch_simulation
Command: launch_simulation 
INFO: [Vivado 12-12493] Simulation top is 'tb_chronometer'
WARNING: [Vivado 12-13340] Unable to auto find GCC executables from simulator install path! (path not set)
INFO: [Vivado 12-5682] Launching behavioral simulation in 'D:/Scuola/Anno 2024-2025/Architettura dei Sistemi Digitali/Elaborato/exe-5.1/exe-5.1.sim/sim_1/behav/xsim'
INFO: [SIM-utils-51] Simulation object is 'sim_1'
INFO: [SIM-utils-72] Using boost library from 'D:/Programmi/Vivado2023.1/Vivado/2023.1/tps/boost_1_72_0'
INFO: [SIM-utils-54] Inspecting design source files for 'tb_chronometer' in fileset 'sim_1'...
INFO: [USF-XSim-97] Finding global include files...
INFO: [USF-XSim-98] Fetching design files from 'sim_1'...
INFO: [USF-XSim-2] XSim::Compile design
INFO: [USF-XSim-61] Executing 'COMPILE and ANALYZE' step in 'D:/Scuola/Anno 2024-2025/Architettura dei Sistemi Digitali/Elaborato/exe-5.1/exe-5.1.sim/sim_1/behav/xsim'
"xvhdl --incr --relax -prj tb_chronometer_vhdl.prj"
ECHO disattivato.
ECHO disattivato.
INFO: [VRFC 10-163] Analyzing VHDL file "D:/Scuola/Anno 2024-2025/Architettura dei Sistemi Digitali/Elaborato/exe-5.1/exe-5.1.srcs/sources_1/new/load_counter.vhd" into library xil_defaultlib
INFO: [VRFC 10-3107] analyzing entity 'load_counter'
INFO: [VRFC 10-163] Analyzing VHDL file "D:/Scuola/Anno 2024-2025/Architettura dei Sistemi Digitali/Elaborato/exe-5.1/exe-5.1.srcs/sources_1/new/chronometer.vhd" into library xil_defaultlib
INFO: [VRFC 10-3107] analyzing entity 'chronometer'
INFO: [VRFC 10-163] Analyzing VHDL file "D:/Scuola/Anno 2024-2025/Architettura dei Sistemi Digitali/Elaborato/exe-5.1/exe-5.1.srcs/sim_1/new/testbench_chronometer.vhd" into library xil_defaultlib
INFO: [VRFC 10-3107] analyzing entity 'tb_chronometer'
INFO: [USF-XSim-69] 'compile' step finished in '1' seconds
INFO: [USF-XSim-3] XSim::Elaborate design
INFO: [USF-XSim-61] Executing 'ELABORATE' step in 'D:/Scuola/Anno 2024-2025/Architettura dei Sistemi Digitali/Elaborato/exe-5.1/exe-5.1.sim/sim_1/behav/xsim'
"xelab --incr --debug typical --relax --mt 2 -L xil_defaultlib -L secureip --snapshot tb_chronometer_behav xil_defaultlib.tb_chronometer -log elaborate.log"
ECHO disattivato.
ECHO disattivato.
Vivado Simulator v2023.1
Copyright 1986-2022 Xilinx, Inc. All Rights Reserved.
Copyright 2022-2023 Advanced Micro Devices, Inc. All Rights Reserved.
Running: D:/Programmi/Vivado2023.1/Vivado/2023.1/bin/unwrapped/win64.o/xelab.exe --incr --debug typical --relax --mt 2 -L xil_defaultlib -L secureip --snapshot tb_chronometer_behav xil_defaultlib.tb_chronometer -log elaborate.log 
Using 2 slave threads.
Starting static elaboration
Completed static elaboration
Starting simulation data flow analysis
Completed simulation data flow analysis
Time Resolution for simulation is 1ps
Compiling package std.standard
Compiling package std.textio
Compiling package ieee.std_logic_1164
Compiling package ieee.numeric_std
Compiling architecture behavioral of entity xil_defaultlib.load_counter [\load_counter(n=60,m=6)\]
Compiling architecture behavioral of entity xil_defaultlib.load_counter [\load_counter(n=24,m=5)\]
Compiling architecture structural of entity xil_defaultlib.chronometer [chronometer_default]
Compiling architecture structural of entity xil_defaultlib.tb_chronometer
Built simulation snapshot tb_chronometer_behav
INFO: [USF-XSim-69] 'elaborate' step finished in '3' seconds
INFO: [USF-XSim-4] XSim::Simulate design
INFO: [USF-XSim-61] Executing 'SIMULATE' step in 'D:/Scuola/Anno 2024-2025/Architettura dei Sistemi Digitali/Elaborato/exe-5.1/exe-5.1.sim/sim_1/behav/xsim'
INFO: [USF-XSim-98] *** Running xsim
   with args "tb_chronometer_behav -key {Behavioral:sim_1:Functional:tb_chronometer} -tclbatch {tb_chronometer.tcl} -view {{D:/Scuola/Anno 2024-2025/Architettura dei Sistemi Digitali/Elaborato/exe-5.1/tb_chronometer_behav.wcfg}} -log {simulate.log}"
INFO: [USF-XSim-8] Loading simulator feature
Time resolution is 1 ps
open_wave_config {D:/Scuola/Anno 2024-2025/Architettura dei Sistemi Digitali/Elaborato/exe-5.1/tb_chronometer_behav.wcfg}
source tb_chronometer.tcl
# set curr_wave [current_wave_config]
# if { [string length $curr_wave] == 0 } {
#   if { [llength [get_objects]] > 0} {
#     add_wave /
#     set_property needs_save false [current_wave_config]
#   } else {
#      send_msg_id Add_Wave-1 WARNING "No top level signals found. Simulator will start without a wave window. If you want to open a wave window go to 'File->New Waveform Configuration' or type 'create_wave_config' in the TCL console."
#   }
# }
# run 1000 ns
INFO: [USF-XSim-96] XSim completed. Design snapshot 'tb_chronometer_behav' loaded.
INFO: [USF-XSim-97] XSim simulation ran for 1000 ns
launch_simulation: Time (s): cpu = 00:00:01 ; elapsed = 00:00:07 . Memory (MB): peak = 3056.750 ; gain = 24.625
close_sim
INFO: [Simtcl 6-16] Simulation closed
launch_simulation
Command: launch_simulation 
INFO: [Vivado 12-12493] Simulation top is 'tb_chronometer'
WARNING: [Vivado 12-13340] Unable to auto find GCC executables from simulator install path! (path not set)
INFO: [Vivado 12-5682] Launching behavioral simulation in 'D:/Scuola/Anno 2024-2025/Architettura dei Sistemi Digitali/Elaborato/exe-5.1/exe-5.1.sim/sim_1/behav/xsim'
INFO: [SIM-utils-51] Simulation object is 'sim_1'
INFO: [SIM-utils-72] Using boost library from 'D:/Programmi/Vivado2023.1/Vivado/2023.1/tps/boost_1_72_0'
INFO: [SIM-utils-54] Inspecting design source files for 'tb_chronometer' in fileset 'sim_1'...
INFO: [USF-XSim-97] Finding global include files...
INFO: [USF-XSim-98] Fetching design files from 'sim_1'...
INFO: [USF-XSim-2] XSim::Compile design
INFO: [USF-XSim-61] Executing 'COMPILE and ANALYZE' step in 'D:/Scuola/Anno 2024-2025/Architettura dei Sistemi Digitali/Elaborato/exe-5.1/exe-5.1.sim/sim_1/behav/xsim'
"xvhdl --incr --relax -prj tb_chronometer_vhdl.prj"
ECHO disattivato.
ECHO disattivato.
INFO: [VRFC 10-163] Analyzing VHDL file "D:/Scuola/Anno 2024-2025/Architettura dei Sistemi Digitali/Elaborato/exe-5.1/exe-5.1.srcs/sources_1/new/chronometer.vhd" into library xil_defaultlib
INFO: [VRFC 10-3107] analyzing entity 'chronometer'
INFO: [VRFC 10-163] Analyzing VHDL file "D:/Scuola/Anno 2024-2025/Architettura dei Sistemi Digitali/Elaborato/exe-5.1/exe-5.1.srcs/sim_1/new/testbench_chronometer.vhd" into library xil_defaultlib
INFO: [VRFC 10-3107] analyzing entity 'tb_chronometer'
INFO: [USF-XSim-69] 'compile' step finished in '2' seconds
INFO: [USF-XSim-3] XSim::Elaborate design
INFO: [USF-XSim-61] Executing 'ELABORATE' step in 'D:/Scuola/Anno 2024-2025/Architettura dei Sistemi Digitali/Elaborato/exe-5.1/exe-5.1.sim/sim_1/behav/xsim'
"xelab --incr --debug typical --relax --mt 2 -L xil_defaultlib -L secureip --snapshot tb_chronometer_behav xil_defaultlib.tb_chronometer -log elaborate.log"
ECHO disattivato.
ECHO disattivato.
Vivado Simulator v2023.1
Copyright 1986-2022 Xilinx, Inc. All Rights Reserved.
Copyright 2022-2023 Advanced Micro Devices, Inc. All Rights Reserved.
Running: D:/Programmi/Vivado2023.1/Vivado/2023.1/bin/unwrapped/win64.o/xelab.exe --incr --debug typical --relax --mt 2 -L xil_defaultlib -L secureip --snapshot tb_chronometer_behav xil_defaultlib.tb_chronometer -log elaborate.log 
Using 2 slave threads.
Starting static elaboration
Completed static elaboration
Starting simulation data flow analysis
Completed simulation data flow analysis
Time Resolution for simulation is 1ps
Compiling package std.standard
Compiling package std.textio
Compiling package ieee.std_logic_1164
Compiling package ieee.numeric_std
Compiling architecture behavioral of entity xil_defaultlib.load_counter [\load_counter(n=60,m=6)\]
Compiling architecture behavioral of entity xil_defaultlib.load_counter [\load_counter(n=24,m=5)\]
Compiling architecture structural of entity xil_defaultlib.chronometer [chronometer_default]
Compiling architecture structural of entity xil_defaultlib.tb_chronometer
Built simulation snapshot tb_chronometer_behav
INFO: [USF-XSim-69] 'elaborate' step finished in '2' seconds
INFO: [USF-XSim-4] XSim::Simulate design
INFO: [USF-XSim-61] Executing 'SIMULATE' step in 'D:/Scuola/Anno 2024-2025/Architettura dei Sistemi Digitali/Elaborato/exe-5.1/exe-5.1.sim/sim_1/behav/xsim'
INFO: [USF-XSim-98] *** Running xsim
   with args "tb_chronometer_behav -key {Behavioral:sim_1:Functional:tb_chronometer} -tclbatch {tb_chronometer.tcl} -view {{D:/Scuola/Anno 2024-2025/Architettura dei Sistemi Digitali/Elaborato/exe-5.1/tb_chronometer_behav.wcfg}} -log {simulate.log}"
INFO: [USF-XSim-8] Loading simulator feature
Time resolution is 1 ps
open_wave_config {D:/Scuola/Anno 2024-2025/Architettura dei Sistemi Digitali/Elaborato/exe-5.1/tb_chronometer_behav.wcfg}
source tb_chronometer.tcl
# set curr_wave [current_wave_config]
# if { [string length $curr_wave] == 0 } {
#   if { [llength [get_objects]] > 0} {
#     add_wave /
#     set_property needs_save false [current_wave_config]
#   } else {
#      send_msg_id Add_Wave-1 WARNING "No top level signals found. Simulator will start without a wave window. If you want to open a wave window go to 'File->New Waveform Configuration' or type 'create_wave_config' in the TCL console."
#   }
# }
# run 1000 ns
INFO: [USF-XSim-96] XSim completed. Design snapshot 'tb_chronometer_behav' loaded.
INFO: [USF-XSim-97] XSim simulation ran for 1000 ns
launch_simulation: Time (s): cpu = 00:00:00 ; elapsed = 00:00:07 . Memory (MB): peak = 3056.773 ; gain = 0.000
close_sim
INFO: [Simtcl 6-16] Simulation closed
launch_simulation
Command: launch_simulation 
INFO: [Vivado 12-12493] Simulation top is 'tb_chronometer'
WARNING: [Vivado 12-13340] Unable to auto find GCC executables from simulator install path! (path not set)
INFO: [Vivado 12-5682] Launching behavioral simulation in 'D:/Scuola/Anno 2024-2025/Architettura dei Sistemi Digitali/Elaborato/exe-5.1/exe-5.1.sim/sim_1/behav/xsim'
INFO: [SIM-utils-51] Simulation object is 'sim_1'
INFO: [SIM-utils-72] Using boost library from 'D:/Programmi/Vivado2023.1/Vivado/2023.1/tps/boost_1_72_0'
INFO: [SIM-utils-54] Inspecting design source files for 'tb_chronometer' in fileset 'sim_1'...
INFO: [USF-XSim-97] Finding global include files...
INFO: [USF-XSim-98] Fetching design files from 'sim_1'...
INFO: [USF-XSim-2] XSim::Compile design
INFO: [USF-XSim-61] Executing 'COMPILE and ANALYZE' step in 'D:/Scuola/Anno 2024-2025/Architettura dei Sistemi Digitali/Elaborato/exe-5.1/exe-5.1.sim/sim_1/behav/xsim'
"xvhdl --incr --relax -prj tb_chronometer_vhdl.prj"
ECHO disattivato.
ECHO disattivato.
INFO: [VRFC 10-163] Analyzing VHDL file "D:/Scuola/Anno 2024-2025/Architettura dei Sistemi Digitali/Elaborato/exe-5.1/exe-5.1.srcs/sim_1/new/testbench_chronometer.vhd" into library xil_defaultlib
INFO: [VRFC 10-3107] analyzing entity 'tb_chronometer'
INFO: [USF-XSim-69] 'compile' step finished in '2' seconds
INFO: [USF-XSim-3] XSim::Elaborate design
INFO: [USF-XSim-61] Executing 'ELABORATE' step in 'D:/Scuola/Anno 2024-2025/Architettura dei Sistemi Digitali/Elaborato/exe-5.1/exe-5.1.sim/sim_1/behav/xsim'
"xelab --incr --debug typical --relax --mt 2 -L xil_defaultlib -L secureip --snapshot tb_chronometer_behav xil_defaultlib.tb_chronometer -log elaborate.log"
ECHO disattivato.
ECHO disattivato.
Vivado Simulator v2023.1
Copyright 1986-2022 Xilinx, Inc. All Rights Reserved.
Copyright 2022-2023 Advanced Micro Devices, Inc. All Rights Reserved.
Running: D:/Programmi/Vivado2023.1/Vivado/2023.1/bin/unwrapped/win64.o/xelab.exe --incr --debug typical --relax --mt 2 -L xil_defaultlib -L secureip --snapshot tb_chronometer_behav xil_defaultlib.tb_chronometer -log elaborate.log 
Using 2 slave threads.
Starting static elaboration
Completed static elaboration
Starting simulation data flow analysis
Completed simulation data flow analysis
Time Resolution for simulation is 1ps
Compiling package std.standard
Compiling package std.textio
Compiling package ieee.std_logic_1164
Compiling package ieee.numeric_std
Compiling architecture behavioral of entity xil_defaultlib.load_counter [\load_counter(n=60,m=6)\]
Compiling architecture behavioral of entity xil_defaultlib.load_counter [\load_counter(n=24,m=5)\]
Compiling architecture structural of entity xil_defaultlib.chronometer [chronometer_default]
Compiling architecture structural of entity xil_defaultlib.tb_chronometer
Built simulation snapshot tb_chronometer_behav
INFO: [USF-XSim-69] 'elaborate' step finished in '2' seconds
INFO: [USF-XSim-4] XSim::Simulate design
INFO: [USF-XSim-61] Executing 'SIMULATE' step in 'D:/Scuola/Anno 2024-2025/Architettura dei Sistemi Digitali/Elaborato/exe-5.1/exe-5.1.sim/sim_1/behav/xsim'
INFO: [USF-XSim-98] *** Running xsim
   with args "tb_chronometer_behav -key {Behavioral:sim_1:Functional:tb_chronometer} -tclbatch {tb_chronometer.tcl} -view {{D:/Scuola/Anno 2024-2025/Architettura dei Sistemi Digitali/Elaborato/exe-5.1/tb_chronometer_behav.wcfg}} -log {simulate.log}"
INFO: [USF-XSim-8] Loading simulator feature
Time resolution is 1 ps
open_wave_config {D:/Scuola/Anno 2024-2025/Architettura dei Sistemi Digitali/Elaborato/exe-5.1/tb_chronometer_behav.wcfg}
source tb_chronometer.tcl
# set curr_wave [current_wave_config]
# if { [string length $curr_wave] == 0 } {
#   if { [llength [get_objects]] > 0} {
#     add_wave /
#     set_property needs_save false [current_wave_config]
#   } else {
#      send_msg_id Add_Wave-1 WARNING "No top level signals found. Simulator will start without a wave window. If you want to open a wave window go to 'File->New Waveform Configuration' or type 'create_wave_config' in the TCL console."
#   }
# }
# run 1000 ns
INFO: [USF-XSim-96] XSim completed. Design snapshot 'tb_chronometer_behav' loaded.
INFO: [USF-XSim-97] XSim simulation ran for 1000 ns
launch_simulation: Time (s): cpu = 00:00:01 ; elapsed = 00:00:07 . Memory (MB): peak = 3056.773 ; gain = 0.000
close_sim
INFO: [Simtcl 6-16] Simulation closed
launch_simulation
Command: launch_simulation 
INFO: [Vivado 12-12493] Simulation top is 'tb_chronometer'
WARNING: [Vivado 12-13340] Unable to auto find GCC executables from simulator install path! (path not set)
INFO: [Vivado 12-5682] Launching behavioral simulation in 'D:/Scuola/Anno 2024-2025/Architettura dei Sistemi Digitali/Elaborato/exe-5.1/exe-5.1.sim/sim_1/behav/xsim'
INFO: [SIM-utils-51] Simulation object is 'sim_1'
INFO: [SIM-utils-72] Using boost library from 'D:/Programmi/Vivado2023.1/Vivado/2023.1/tps/boost_1_72_0'
INFO: [SIM-utils-54] Inspecting design source files for 'tb_chronometer' in fileset 'sim_1'...
INFO: [USF-XSim-97] Finding global include files...
INFO: [USF-XSim-98] Fetching design files from 'sim_1'...
INFO: [USF-XSim-2] XSim::Compile design
INFO: [USF-XSim-61] Executing 'COMPILE and ANALYZE' step in 'D:/Scuola/Anno 2024-2025/Architettura dei Sistemi Digitali/Elaborato/exe-5.1/exe-5.1.sim/sim_1/behav/xsim'
"xvhdl --incr --relax -prj tb_chronometer_vhdl.prj"
ECHO disattivato.
ECHO disattivato.
INFO: [VRFC 10-163] Analyzing VHDL file "D:/Scuola/Anno 2024-2025/Architettura dei Sistemi Digitali/Elaborato/exe-5.1/exe-5.1.srcs/sources_1/new/chronometer.vhd" into library xil_defaultlib
INFO: [VRFC 10-3107] analyzing entity 'chronometer'
INFO: [VRFC 10-163] Analyzing VHDL file "D:/Scuola/Anno 2024-2025/Architettura dei Sistemi Digitali/Elaborato/exe-5.1/exe-5.1.srcs/sim_1/new/testbench_chronometer.vhd" into library xil_defaultlib
INFO: [VRFC 10-3107] analyzing entity 'tb_chronometer'
INFO: [USF-XSim-69] 'compile' step finished in '2' seconds
INFO: [USF-XSim-3] XSim::Elaborate design
INFO: [USF-XSim-61] Executing 'ELABORATE' step in 'D:/Scuola/Anno 2024-2025/Architettura dei Sistemi Digitali/Elaborato/exe-5.1/exe-5.1.sim/sim_1/behav/xsim'
"xelab --incr --debug typical --relax --mt 2 -L xil_defaultlib -L secureip --snapshot tb_chronometer_behav xil_defaultlib.tb_chronometer -log elaborate.log"
ECHO disattivato.
ECHO disattivato.
Vivado Simulator v2023.1
Copyright 1986-2022 Xilinx, Inc. All Rights Reserved.
Copyright 2022-2023 Advanced Micro Devices, Inc. All Rights Reserved.
Running: D:/Programmi/Vivado2023.1/Vivado/2023.1/bin/unwrapped/win64.o/xelab.exe --incr --debug typical --relax --mt 2 -L xil_defaultlib -L secureip --snapshot tb_chronometer_behav xil_defaultlib.tb_chronometer -log elaborate.log 
Using 2 slave threads.
Starting static elaboration
Completed static elaboration
Starting simulation data flow analysis
Completed simulation data flow analysis
Time Resolution for simulation is 1ps
Compiling package std.standard
Compiling package std.textio
Compiling package ieee.std_logic_1164
Compiling package ieee.numeric_std
Compiling architecture behavioral of entity xil_defaultlib.load_counter [\load_counter(n=60,m=6)\]
Compiling architecture behavioral of entity xil_defaultlib.load_counter [\load_counter(n=24,m=5)\]
Compiling architecture structural of entity xil_defaultlib.chronometer [chronometer_default]
Compiling architecture structural of entity xil_defaultlib.tb_chronometer
Built simulation snapshot tb_chronometer_behav
INFO: [USF-XSim-69] 'elaborate' step finished in '3' seconds
INFO: [USF-XSim-4] XSim::Simulate design
INFO: [USF-XSim-61] Executing 'SIMULATE' step in 'D:/Scuola/Anno 2024-2025/Architettura dei Sistemi Digitali/Elaborato/exe-5.1/exe-5.1.sim/sim_1/behav/xsim'
INFO: [USF-XSim-98] *** Running xsim
   with args "tb_chronometer_behav -key {Behavioral:sim_1:Functional:tb_chronometer} -tclbatch {tb_chronometer.tcl} -view {{D:/Scuola/Anno 2024-2025/Architettura dei Sistemi Digitali/Elaborato/exe-5.1/tb_chronometer_behav.wcfg}} -log {simulate.log}"
INFO: [USF-XSim-8] Loading simulator feature
Time resolution is 1 ps
open_wave_config {D:/Scuola/Anno 2024-2025/Architettura dei Sistemi Digitali/Elaborato/exe-5.1/tb_chronometer_behav.wcfg}
source tb_chronometer.tcl
# set curr_wave [current_wave_config]
# if { [string length $curr_wave] == 0 } {
#   if { [llength [get_objects]] > 0} {
#     add_wave /
#     set_property needs_save false [current_wave_config]
#   } else {
#      send_msg_id Add_Wave-1 WARNING "No top level signals found. Simulator will start without a wave window. If you want to open a wave window go to 'File->New Waveform Configuration' or type 'create_wave_config' in the TCL console."
#   }
# }
# run 1000 ns
INFO: [USF-XSim-96] XSim completed. Design snapshot 'tb_chronometer_behav' loaded.
INFO: [USF-XSim-97] XSim simulation ran for 1000 ns
launch_simulation: Time (s): cpu = 00:00:00 ; elapsed = 00:00:07 . Memory (MB): peak = 3059.711 ; gain = 2.938
close_sim
INFO: [Simtcl 6-16] Simulation closed
launch_simulation
Command: launch_simulation 
INFO: [Vivado 12-12493] Simulation top is 'tb_chronometer'
WARNING: [Vivado 12-13340] Unable to auto find GCC executables from simulator install path! (path not set)
INFO: [Vivado 12-5682] Launching behavioral simulation in 'D:/Scuola/Anno 2024-2025/Architettura dei Sistemi Digitali/Elaborato/exe-5.1/exe-5.1.sim/sim_1/behav/xsim'
INFO: [SIM-utils-51] Simulation object is 'sim_1'
INFO: [SIM-utils-72] Using boost library from 'D:/Programmi/Vivado2023.1/Vivado/2023.1/tps/boost_1_72_0'
INFO: [SIM-utils-54] Inspecting design source files for 'tb_chronometer' in fileset 'sim_1'...
INFO: [USF-XSim-97] Finding global include files...
INFO: [USF-XSim-98] Fetching design files from 'sim_1'...
INFO: [USF-XSim-2] XSim::Compile design
INFO: [USF-XSim-61] Executing 'COMPILE and ANALYZE' step in 'D:/Scuola/Anno 2024-2025/Architettura dei Sistemi Digitali/Elaborato/exe-5.1/exe-5.1.sim/sim_1/behav/xsim'
"xvhdl --incr --relax -prj tb_chronometer_vhdl.prj"
ECHO disattivato.
ECHO disattivato.
INFO: [VRFC 10-163] Analyzing VHDL file "D:/Scuola/Anno 2024-2025/Architettura dei Sistemi Digitali/Elaborato/exe-5.1/exe-5.1.srcs/sources_1/new/chronometer.vhd" into library xil_defaultlib
INFO: [VRFC 10-3107] analyzing entity 'chronometer'
INFO: [VRFC 10-163] Analyzing VHDL file "D:/Scuola/Anno 2024-2025/Architettura dei Sistemi Digitali/Elaborato/exe-5.1/exe-5.1.srcs/sim_1/new/testbench_chronometer.vhd" into library xil_defaultlib
INFO: [VRFC 10-3107] analyzing entity 'tb_chronometer'
INFO: [USF-XSim-69] 'compile' step finished in '2' seconds
INFO: [USF-XSim-3] XSim::Elaborate design
INFO: [USF-XSim-61] Executing 'ELABORATE' step in 'D:/Scuola/Anno 2024-2025/Architettura dei Sistemi Digitali/Elaborato/exe-5.1/exe-5.1.sim/sim_1/behav/xsim'
"xelab --incr --debug typical --relax --mt 2 -L xil_defaultlib -L secureip --snapshot tb_chronometer_behav xil_defaultlib.tb_chronometer -log elaborate.log"
ECHO disattivato.
ECHO disattivato.
Vivado Simulator v2023.1
Copyright 1986-2022 Xilinx, Inc. All Rights Reserved.
Copyright 2022-2023 Advanced Micro Devices, Inc. All Rights Reserved.
Running: D:/Programmi/Vivado2023.1/Vivado/2023.1/bin/unwrapped/win64.o/xelab.exe --incr --debug typical --relax --mt 2 -L xil_defaultlib -L secureip --snapshot tb_chronometer_behav xil_defaultlib.tb_chronometer -log elaborate.log 
Using 2 slave threads.
Starting static elaboration
Completed static elaboration
Starting simulation data flow analysis
Completed simulation data flow analysis
Time Resolution for simulation is 1ps
Compiling package std.standard
Compiling package std.textio
Compiling package ieee.std_logic_1164
Compiling package ieee.numeric_std
Compiling architecture behavioral of entity xil_defaultlib.load_counter [\load_counter(n=60,m=6)\]
Compiling architecture behavioral of entity xil_defaultlib.load_counter [\load_counter(n=24,m=5)\]
Compiling architecture structural of entity xil_defaultlib.chronometer [chronometer_default]
Compiling architecture structural of entity xil_defaultlib.tb_chronometer
Built simulation snapshot tb_chronometer_behav
INFO: [USF-XSim-69] 'elaborate' step finished in '3' seconds
INFO: [USF-XSim-4] XSim::Simulate design
INFO: [USF-XSim-61] Executing 'SIMULATE' step in 'D:/Scuola/Anno 2024-2025/Architettura dei Sistemi Digitali/Elaborato/exe-5.1/exe-5.1.sim/sim_1/behav/xsim'
INFO: [USF-XSim-98] *** Running xsim
   with args "tb_chronometer_behav -key {Behavioral:sim_1:Functional:tb_chronometer} -tclbatch {tb_chronometer.tcl} -view {{D:/Scuola/Anno 2024-2025/Architettura dei Sistemi Digitali/Elaborato/exe-5.1/tb_chronometer_behav.wcfg}} -log {simulate.log}"
INFO: [USF-XSim-8] Loading simulator feature
Time resolution is 1 ps
open_wave_config {D:/Scuola/Anno 2024-2025/Architettura dei Sistemi Digitali/Elaborato/exe-5.1/tb_chronometer_behav.wcfg}
source tb_chronometer.tcl
# set curr_wave [current_wave_config]
# if { [string length $curr_wave] == 0 } {
#   if { [llength [get_objects]] > 0} {
#     add_wave /
#     set_property needs_save false [current_wave_config]
#   } else {
#      send_msg_id Add_Wave-1 WARNING "No top level signals found. Simulator will start without a wave window. If you want to open a wave window go to 'File->New Waveform Configuration' or type 'create_wave_config' in the TCL console."
#   }
# }
# run 1000 ns
INFO: [USF-XSim-96] XSim completed. Design snapshot 'tb_chronometer_behav' loaded.
INFO: [USF-XSim-97] XSim simulation ran for 1000 ns
launch_simulation: Time (s): cpu = 00:00:01 ; elapsed = 00:00:07 . Memory (MB): peak = 3059.711 ; gain = 0.000
close_sim
INFO: [Simtcl 6-16] Simulation closed
launch_simulation
Command: launch_simulation 
INFO: [Vivado 12-12493] Simulation top is 'tb_chronometer'
WARNING: [Vivado 12-13340] Unable to auto find GCC executables from simulator install path! (path not set)
INFO: [Vivado 12-5682] Launching behavioral simulation in 'D:/Scuola/Anno 2024-2025/Architettura dei Sistemi Digitali/Elaborato/exe-5.1/exe-5.1.sim/sim_1/behav/xsim'
INFO: [SIM-utils-51] Simulation object is 'sim_1'
INFO: [SIM-utils-72] Using boost library from 'D:/Programmi/Vivado2023.1/Vivado/2023.1/tps/boost_1_72_0'
INFO: [SIM-utils-54] Inspecting design source files for 'tb_chronometer' in fileset 'sim_1'...
INFO: [USF-XSim-97] Finding global include files...
INFO: [USF-XSim-98] Fetching design files from 'sim_1'...
INFO: [USF-XSim-2] XSim::Compile design
INFO: [USF-XSim-61] Executing 'COMPILE and ANALYZE' step in 'D:/Scuola/Anno 2024-2025/Architettura dei Sistemi Digitali/Elaborato/exe-5.1/exe-5.1.sim/sim_1/behav/xsim'
"xvhdl --incr --relax -prj tb_chronometer_vhdl.prj"
ECHO disattivato.
ECHO disattivato.
INFO: [VRFC 10-163] Analyzing VHDL file "D:/Scuola/Anno 2024-2025/Architettura dei Sistemi Digitali/Elaborato/exe-5.1/exe-5.1.srcs/sources_1/new/chronometer.vhd" into library xil_defaultlib
INFO: [VRFC 10-3107] analyzing entity 'chronometer'
INFO: [VRFC 10-163] Analyzing VHDL file "D:/Scuola/Anno 2024-2025/Architettura dei Sistemi Digitali/Elaborato/exe-5.1/exe-5.1.srcs/sim_1/new/testbench_chronometer.vhd" into library xil_defaultlib
INFO: [VRFC 10-3107] analyzing entity 'tb_chronometer'
INFO: [USF-XSim-69] 'compile' step finished in '2' seconds
INFO: [USF-XSim-3] XSim::Elaborate design
INFO: [USF-XSim-61] Executing 'ELABORATE' step in 'D:/Scuola/Anno 2024-2025/Architettura dei Sistemi Digitali/Elaborato/exe-5.1/exe-5.1.sim/sim_1/behav/xsim'
"xelab --incr --debug typical --relax --mt 2 -L xil_defaultlib -L secureip --snapshot tb_chronometer_behav xil_defaultlib.tb_chronometer -log elaborate.log"
ECHO disattivato.
ECHO disattivato.
Vivado Simulator v2023.1
Copyright 1986-2022 Xilinx, Inc. All Rights Reserved.
Copyright 2022-2023 Advanced Micro Devices, Inc. All Rights Reserved.
Running: D:/Programmi/Vivado2023.1/Vivado/2023.1/bin/unwrapped/win64.o/xelab.exe --incr --debug typical --relax --mt 2 -L xil_defaultlib -L secureip --snapshot tb_chronometer_behav xil_defaultlib.tb_chronometer -log elaborate.log 
Using 2 slave threads.
Starting static elaboration
Completed static elaboration
Starting simulation data flow analysis
Completed simulation data flow analysis
Time Resolution for simulation is 1ps
Compiling package std.standard
Compiling package std.textio
Compiling package ieee.std_logic_1164
Compiling package ieee.numeric_std
Compiling architecture behavioral of entity xil_defaultlib.load_counter [\load_counter(n=60,m=6)\]
Compiling architecture behavioral of entity xil_defaultlib.load_counter [\load_counter(n=24,m=5)\]
Compiling architecture structural of entity xil_defaultlib.chronometer [chronometer_default]
Compiling architecture structural of entity xil_defaultlib.tb_chronometer
Built simulation snapshot tb_chronometer_behav
INFO: [USF-XSim-69] 'elaborate' step finished in '3' seconds
INFO: [USF-XSim-4] XSim::Simulate design
INFO: [USF-XSim-61] Executing 'SIMULATE' step in 'D:/Scuola/Anno 2024-2025/Architettura dei Sistemi Digitali/Elaborato/exe-5.1/exe-5.1.sim/sim_1/behav/xsim'
INFO: [USF-XSim-98] *** Running xsim
   with args "tb_chronometer_behav -key {Behavioral:sim_1:Functional:tb_chronometer} -tclbatch {tb_chronometer.tcl} -view {{D:/Scuola/Anno 2024-2025/Architettura dei Sistemi Digitali/Elaborato/exe-5.1/tb_chronometer_behav.wcfg}} -log {simulate.log}"
INFO: [USF-XSim-8] Loading simulator feature
Time resolution is 1 ps
open_wave_config {D:/Scuola/Anno 2024-2025/Architettura dei Sistemi Digitali/Elaborato/exe-5.1/tb_chronometer_behav.wcfg}
source tb_chronometer.tcl
# set curr_wave [current_wave_config]
# if { [string length $curr_wave] == 0 } {
#   if { [llength [get_objects]] > 0} {
#     add_wave /
#     set_property needs_save false [current_wave_config]
#   } else {
#      send_msg_id Add_Wave-1 WARNING "No top level signals found. Simulator will start without a wave window. If you want to open a wave window go to 'File->New Waveform Configuration' or type 'create_wave_config' in the TCL console."
#   }
# }
# run 1000 ns
INFO: [USF-XSim-96] XSim completed. Design snapshot 'tb_chronometer_behav' loaded.
INFO: [USF-XSim-97] XSim simulation ran for 1000 ns
launch_simulation: Time (s): cpu = 00:00:01 ; elapsed = 00:00:07 . Memory (MB): peak = 3059.711 ; gain = 0.000
save_wave_config {D:/Scuola/Anno 2024-2025/Architettura dei Sistemi Digitali/Elaborato/exe-5.1/tb_chronometer_behav.wcfg}
close_sim
INFO: [Simtcl 6-16] Simulation closed
launch_simulation
Command: launch_simulation 
INFO: [Vivado 12-12493] Simulation top is 'tb_chronometer'
WARNING: [Vivado 12-13340] Unable to auto find GCC executables from simulator install path! (path not set)
INFO: [Vivado 12-5682] Launching behavioral simulation in 'D:/Scuola/Anno 2024-2025/Architettura dei Sistemi Digitali/Elaborato/exe-5.1/exe-5.1.sim/sim_1/behav/xsim'
INFO: [SIM-utils-51] Simulation object is 'sim_1'
INFO: [SIM-utils-72] Using boost library from 'D:/Programmi/Vivado2023.1/Vivado/2023.1/tps/boost_1_72_0'
INFO: [SIM-utils-54] Inspecting design source files for 'tb_chronometer' in fileset 'sim_1'...
INFO: [USF-XSim-97] Finding global include files...
INFO: [USF-XSim-98] Fetching design files from 'sim_1'...
INFO: [USF-XSim-2] XSim::Compile design
INFO: [USF-XSim-61] Executing 'COMPILE and ANALYZE' step in 'D:/Scuola/Anno 2024-2025/Architettura dei Sistemi Digitali/Elaborato/exe-5.1/exe-5.1.sim/sim_1/behav/xsim'
"xvhdl --incr --relax -prj tb_chronometer_vhdl.prj"
ECHO disattivato.
ECHO disattivato.
INFO: [VRFC 10-163] Analyzing VHDL file "D:/Scuola/Anno 2024-2025/Architettura dei Sistemi Digitali/Elaborato/exe-5.1/exe-5.1.srcs/sources_1/new/chronometer.vhd" into library xil_defaultlib
INFO: [VRFC 10-3107] analyzing entity 'chronometer'
INFO: [VRFC 10-163] Analyzing VHDL file "D:/Scuola/Anno 2024-2025/Architettura dei Sistemi Digitali/Elaborato/exe-5.1/exe-5.1.srcs/sim_1/new/testbench_chronometer.vhd" into library xil_defaultlib
INFO: [VRFC 10-3107] analyzing entity 'tb_chronometer'
INFO: [USF-XSim-69] 'compile' step finished in '2' seconds
INFO: [USF-XSim-3] XSim::Elaborate design
INFO: [USF-XSim-61] Executing 'ELABORATE' step in 'D:/Scuola/Anno 2024-2025/Architettura dei Sistemi Digitali/Elaborato/exe-5.1/exe-5.1.sim/sim_1/behav/xsim'
"xelab --incr --debug typical --relax --mt 2 -L xil_defaultlib -L secureip --snapshot tb_chronometer_behav xil_defaultlib.tb_chronometer -log elaborate.log"
ECHO disattivato.
ECHO disattivato.
Vivado Simulator v2023.1
Copyright 1986-2022 Xilinx, Inc. All Rights Reserved.
Copyright 2022-2023 Advanced Micro Devices, Inc. All Rights Reserved.
Running: D:/Programmi/Vivado2023.1/Vivado/2023.1/bin/unwrapped/win64.o/xelab.exe --incr --debug typical --relax --mt 2 -L xil_defaultlib -L secureip --snapshot tb_chronometer_behav xil_defaultlib.tb_chronometer -log elaborate.log 
Using 2 slave threads.
Starting static elaboration
Completed static elaboration
Starting simulation data flow analysis
Completed simulation data flow analysis
Time Resolution for simulation is 1ps
Compiling package std.standard
Compiling package std.textio
Compiling package ieee.std_logic_1164
Compiling package ieee.numeric_std
Compiling architecture behavioral of entity xil_defaultlib.load_counter [\load_counter(n=60,m=6)\]
Compiling architecture behavioral of entity xil_defaultlib.load_counter [\load_counter(n=24,m=5)\]
Compiling architecture structural of entity xil_defaultlib.chronometer [chronometer_default]
Compiling architecture structural of entity xil_defaultlib.tb_chronometer
Built simulation snapshot tb_chronometer_behav
INFO: [USF-XSim-69] 'elaborate' step finished in '3' seconds
INFO: [USF-XSim-4] XSim::Simulate design
INFO: [USF-XSim-61] Executing 'SIMULATE' step in 'D:/Scuola/Anno 2024-2025/Architettura dei Sistemi Digitali/Elaborato/exe-5.1/exe-5.1.sim/sim_1/behav/xsim'
INFO: [USF-XSim-98] *** Running xsim
   with args "tb_chronometer_behav -key {Behavioral:sim_1:Functional:tb_chronometer} -tclbatch {tb_chronometer.tcl} -view {{D:/Scuola/Anno 2024-2025/Architettura dei Sistemi Digitali/Elaborato/exe-5.1/tb_chronometer_behav.wcfg}} -log {simulate.log}"
INFO: [USF-XSim-8] Loading simulator feature
Time resolution is 1 ps
open_wave_config {D:/Scuola/Anno 2024-2025/Architettura dei Sistemi Digitali/Elaborato/exe-5.1/tb_chronometer_behav.wcfg}
source tb_chronometer.tcl
# set curr_wave [current_wave_config]
# if { [string length $curr_wave] == 0 } {
#   if { [llength [get_objects]] > 0} {
#     add_wave /
#     set_property needs_save false [current_wave_config]
#   } else {
#      send_msg_id Add_Wave-1 WARNING "No top level signals found. Simulator will start without a wave window. If you want to open a wave window go to 'File->New Waveform Configuration' or type 'create_wave_config' in the TCL console."
#   }
# }
# run 1000 ns
INFO: [USF-XSim-96] XSim completed. Design snapshot 'tb_chronometer_behav' loaded.
INFO: [USF-XSim-97] XSim simulation ran for 1000 ns
launch_simulation: Time (s): cpu = 00:00:00 ; elapsed = 00:00:08 . Memory (MB): peak = 3060.590 ; gain = 0.000
close_sim
INFO: [Simtcl 6-16] Simulation closed
launch_simulation
Command: launch_simulation 
INFO: [Vivado 12-12493] Simulation top is 'tb_chronometer'
WARNING: [Vivado 12-13340] Unable to auto find GCC executables from simulator install path! (path not set)
INFO: [Vivado 12-5682] Launching behavioral simulation in 'D:/Scuola/Anno 2024-2025/Architettura dei Sistemi Digitali/Elaborato/exe-5.1/exe-5.1.sim/sim_1/behav/xsim'
INFO: [SIM-utils-51] Simulation object is 'sim_1'
INFO: [SIM-utils-72] Using boost library from 'D:/Programmi/Vivado2023.1/Vivado/2023.1/tps/boost_1_72_0'
INFO: [SIM-utils-54] Inspecting design source files for 'tb_chronometer' in fileset 'sim_1'...
INFO: [USF-XSim-97] Finding global include files...
INFO: [USF-XSim-98] Fetching design files from 'sim_1'...
INFO: [USF-XSim-2] XSim::Compile design
INFO: [USF-XSim-61] Executing 'COMPILE and ANALYZE' step in 'D:/Scuola/Anno 2024-2025/Architettura dei Sistemi Digitali/Elaborato/exe-5.1/exe-5.1.sim/sim_1/behav/xsim'
"xvhdl --incr --relax -prj tb_chronometer_vhdl.prj"
ECHO disattivato.
ECHO disattivato.
INFO: [VRFC 10-163] Analyzing VHDL file "D:/Scuola/Anno 2024-2025/Architettura dei Sistemi Digitali/Elaborato/exe-5.1/exe-5.1.srcs/sources_1/new/chronometer.vhd" into library xil_defaultlib
INFO: [VRFC 10-3107] analyzing entity 'chronometer'
INFO: [VRFC 10-163] Analyzing VHDL file "D:/Scuola/Anno 2024-2025/Architettura dei Sistemi Digitali/Elaborato/exe-5.1/exe-5.1.srcs/sim_1/new/testbench_chronometer.vhd" into library xil_defaultlib
INFO: [VRFC 10-3107] analyzing entity 'tb_chronometer'
INFO: [USF-XSim-69] 'compile' step finished in '2' seconds
INFO: [USF-XSim-3] XSim::Elaborate design
INFO: [USF-XSim-61] Executing 'ELABORATE' step in 'D:/Scuola/Anno 2024-2025/Architettura dei Sistemi Digitali/Elaborato/exe-5.1/exe-5.1.sim/sim_1/behav/xsim'
"xelab --incr --debug typical --relax --mt 2 -L xil_defaultlib -L secureip --snapshot tb_chronometer_behav xil_defaultlib.tb_chronometer -log elaborate.log"
ECHO disattivato.
ECHO disattivato.
Vivado Simulator v2023.1
Copyright 1986-2022 Xilinx, Inc. All Rights Reserved.
Copyright 2022-2023 Advanced Micro Devices, Inc. All Rights Reserved.
Running: D:/Programmi/Vivado2023.1/Vivado/2023.1/bin/unwrapped/win64.o/xelab.exe --incr --debug typical --relax --mt 2 -L xil_defaultlib -L secureip --snapshot tb_chronometer_behav xil_defaultlib.tb_chronometer -log elaborate.log 
Using 2 slave threads.
Starting static elaboration
Completed static elaboration
Starting simulation data flow analysis
Completed simulation data flow analysis
Time Resolution for simulation is 1ps
Compiling package std.standard
Compiling package std.textio
Compiling package ieee.std_logic_1164
Compiling package ieee.numeric_std
Compiling architecture behavioral of entity xil_defaultlib.load_counter [\load_counter(n=60,m=6)\]
Compiling architecture behavioral of entity xil_defaultlib.load_counter [\load_counter(n=24,m=5)\]
Compiling architecture structural of entity xil_defaultlib.chronometer [chronometer_default]
Compiling architecture structural of entity xil_defaultlib.tb_chronometer
Built simulation snapshot tb_chronometer_behav
INFO: [USF-XSim-69] 'elaborate' step finished in '3' seconds
INFO: [USF-XSim-4] XSim::Simulate design
INFO: [USF-XSim-61] Executing 'SIMULATE' step in 'D:/Scuola/Anno 2024-2025/Architettura dei Sistemi Digitali/Elaborato/exe-5.1/exe-5.1.sim/sim_1/behav/xsim'
INFO: [USF-XSim-98] *** Running xsim
   with args "tb_chronometer_behav -key {Behavioral:sim_1:Functional:tb_chronometer} -tclbatch {tb_chronometer.tcl} -view {{D:/Scuola/Anno 2024-2025/Architettura dei Sistemi Digitali/Elaborato/exe-5.1/tb_chronometer_behav.wcfg}} -log {simulate.log}"
INFO: [USF-XSim-8] Loading simulator feature
Time resolution is 1 ps
open_wave_config {D:/Scuola/Anno 2024-2025/Architettura dei Sistemi Digitali/Elaborato/exe-5.1/tb_chronometer_behav.wcfg}
source tb_chronometer.tcl
# set curr_wave [current_wave_config]
# if { [string length $curr_wave] == 0 } {
#   if { [llength [get_objects]] > 0} {
#     add_wave /
#     set_property needs_save false [current_wave_config]
#   } else {
#      send_msg_id Add_Wave-1 WARNING "No top level signals found. Simulator will start without a wave window. If you want to open a wave window go to 'File->New Waveform Configuration' or type 'create_wave_config' in the TCL console."
#   }
# }
# run 1000 ns
INFO: [USF-XSim-96] XSim completed. Design snapshot 'tb_chronometer_behav' loaded.
INFO: [USF-XSim-97] XSim simulation ran for 1000 ns
launch_simulation: Time (s): cpu = 00:00:00 ; elapsed = 00:00:07 . Memory (MB): peak = 3060.590 ; gain = 0.000
close_sim
INFO: [Simtcl 6-16] Simulation closed
launch_simulation
Command: launch_simulation 
INFO: [Vivado 12-12493] Simulation top is 'tb_chronometer'
WARNING: [Vivado 12-13340] Unable to auto find GCC executables from simulator install path! (path not set)
INFO: [Vivado 12-5682] Launching behavioral simulation in 'D:/Scuola/Anno 2024-2025/Architettura dei Sistemi Digitali/Elaborato/exe-5.1/exe-5.1.sim/sim_1/behav/xsim'
INFO: [SIM-utils-51] Simulation object is 'sim_1'
INFO: [SIM-utils-72] Using boost library from 'D:/Programmi/Vivado2023.1/Vivado/2023.1/tps/boost_1_72_0'
INFO: [SIM-utils-54] Inspecting design source files for 'tb_chronometer' in fileset 'sim_1'...
INFO: [USF-XSim-97] Finding global include files...
INFO: [USF-XSim-98] Fetching design files from 'sim_1'...
INFO: [USF-XSim-2] XSim::Compile design
INFO: [USF-XSim-61] Executing 'COMPILE and ANALYZE' step in 'D:/Scuola/Anno 2024-2025/Architettura dei Sistemi Digitali/Elaborato/exe-5.1/exe-5.1.sim/sim_1/behav/xsim'
"xvhdl --incr --relax -prj tb_chronometer_vhdl.prj"
ECHO disattivato.
ECHO disattivato.
INFO: [VRFC 10-163] Analyzing VHDL file "D:/Scuola/Anno 2024-2025/Architettura dei Sistemi Digitali/Elaborato/exe-5.1/exe-5.1.srcs/sources_1/new/chronometer.vhd" into library xil_defaultlib
INFO: [VRFC 10-3107] analyzing entity 'chronometer'
INFO: [VRFC 10-163] Analyzing VHDL file "D:/Scuola/Anno 2024-2025/Architettura dei Sistemi Digitali/Elaborato/exe-5.1/exe-5.1.srcs/sim_1/new/testbench_chronometer.vhd" into library xil_defaultlib
INFO: [VRFC 10-3107] analyzing entity 'tb_chronometer'
INFO: [USF-XSim-69] 'compile' step finished in '2' seconds
INFO: [USF-XSim-3] XSim::Elaborate design
INFO: [USF-XSim-61] Executing 'ELABORATE' step in 'D:/Scuola/Anno 2024-2025/Architettura dei Sistemi Digitali/Elaborato/exe-5.1/exe-5.1.sim/sim_1/behav/xsim'
"xelab --incr --debug typical --relax --mt 2 -L xil_defaultlib -L secureip --snapshot tb_chronometer_behav xil_defaultlib.tb_chronometer -log elaborate.log"
ECHO disattivato.
ECHO disattivato.
Vivado Simulator v2023.1
Copyright 1986-2022 Xilinx, Inc. All Rights Reserved.
Copyright 2022-2023 Advanced Micro Devices, Inc. All Rights Reserved.
Running: D:/Programmi/Vivado2023.1/Vivado/2023.1/bin/unwrapped/win64.o/xelab.exe --incr --debug typical --relax --mt 2 -L xil_defaultlib -L secureip --snapshot tb_chronometer_behav xil_defaultlib.tb_chronometer -log elaborate.log 
Using 2 slave threads.
Starting static elaboration
Completed static elaboration
Starting simulation data flow analysis
Completed simulation data flow analysis
Time Resolution for simulation is 1ps
Compiling package std.standard
Compiling package std.textio
Compiling package ieee.std_logic_1164
Compiling package ieee.numeric_std
Compiling architecture behavioral of entity xil_defaultlib.load_counter [\load_counter(n=60,m=6)\]
Compiling architecture behavioral of entity xil_defaultlib.load_counter [\load_counter(n=24,m=5)\]
Compiling architecture structural of entity xil_defaultlib.chronometer [chronometer_default]
Compiling architecture structural of entity xil_defaultlib.tb_chronometer
Built simulation snapshot tb_chronometer_behav
INFO: [USF-XSim-69] 'elaborate' step finished in '3' seconds
INFO: [USF-XSim-4] XSim::Simulate design
INFO: [USF-XSim-61] Executing 'SIMULATE' step in 'D:/Scuola/Anno 2024-2025/Architettura dei Sistemi Digitali/Elaborato/exe-5.1/exe-5.1.sim/sim_1/behav/xsim'
INFO: [USF-XSim-98] *** Running xsim
   with args "tb_chronometer_behav -key {Behavioral:sim_1:Functional:tb_chronometer} -tclbatch {tb_chronometer.tcl} -view {{D:/Scuola/Anno 2024-2025/Architettura dei Sistemi Digitali/Elaborato/exe-5.1/tb_chronometer_behav.wcfg}} -log {simulate.log}"
INFO: [USF-XSim-8] Loading simulator feature
Time resolution is 1 ps
open_wave_config {D:/Scuola/Anno 2024-2025/Architettura dei Sistemi Digitali/Elaborato/exe-5.1/tb_chronometer_behav.wcfg}
source tb_chronometer.tcl
# set curr_wave [current_wave_config]
# if { [string length $curr_wave] == 0 } {
#   if { [llength [get_objects]] > 0} {
#     add_wave /
#     set_property needs_save false [current_wave_config]
#   } else {
#      send_msg_id Add_Wave-1 WARNING "No top level signals found. Simulator will start without a wave window. If you want to open a wave window go to 'File->New Waveform Configuration' or type 'create_wave_config' in the TCL console."
#   }
# }
# run 1000 ns
INFO: [USF-XSim-96] XSim completed. Design snapshot 'tb_chronometer_behav' loaded.
INFO: [USF-XSim-97] XSim simulation ran for 1000 ns
launch_simulation: Time (s): cpu = 00:00:00 ; elapsed = 00:00:07 . Memory (MB): peak = 3060.590 ; gain = 0.000
save_wave_config {D:/Scuola/Anno 2024-2025/Architettura dei Sistemi Digitali/Elaborato/exe-5.1/tb_chronometer_behav.wcfg}
close_sim
INFO: [Simtcl 6-16] Simulation closed
launch_simulation
Command: launch_simulation 
INFO: [Vivado 12-12493] Simulation top is 'tb_chronometer'
WARNING: [Vivado 12-13340] Unable to auto find GCC executables from simulator install path! (path not set)
INFO: [Vivado 12-5682] Launching behavioral simulation in 'D:/Scuola/Anno 2024-2025/Architettura dei Sistemi Digitali/Elaborato/exe-5.1/exe-5.1.sim/sim_1/behav/xsim'
INFO: [SIM-utils-51] Simulation object is 'sim_1'
INFO: [SIM-utils-72] Using boost library from 'D:/Programmi/Vivado2023.1/Vivado/2023.1/tps/boost_1_72_0'
INFO: [SIM-utils-54] Inspecting design source files for 'tb_chronometer' in fileset 'sim_1'...
INFO: [USF-XSim-97] Finding global include files...
INFO: [USF-XSim-98] Fetching design files from 'sim_1'...
INFO: [USF-XSim-2] XSim::Compile design
INFO: [USF-XSim-61] Executing 'COMPILE and ANALYZE' step in 'D:/Scuola/Anno 2024-2025/Architettura dei Sistemi Digitali/Elaborato/exe-5.1/exe-5.1.sim/sim_1/behav/xsim'
"xvhdl --incr --relax -prj tb_chronometer_vhdl.prj"
ECHO disattivato.
ECHO disattivato.
INFO: [VRFC 10-163] Analyzing VHDL file "D:/Scuola/Anno 2024-2025/Architettura dei Sistemi Digitali/Elaborato/exe-5.1/exe-5.1.srcs/sources_1/new/chronometer.vhd" into library xil_defaultlib
INFO: [VRFC 10-3107] analyzing entity 'chronometer'
INFO: [VRFC 10-163] Analyzing VHDL file "D:/Scuola/Anno 2024-2025/Architettura dei Sistemi Digitali/Elaborato/exe-5.1/exe-5.1.srcs/sim_1/new/testbench_chronometer.vhd" into library xil_defaultlib
INFO: [VRFC 10-3107] analyzing entity 'tb_chronometer'
INFO: [USF-XSim-69] 'compile' step finished in '2' seconds
INFO: [USF-XSim-3] XSim::Elaborate design
INFO: [USF-XSim-61] Executing 'ELABORATE' step in 'D:/Scuola/Anno 2024-2025/Architettura dei Sistemi Digitali/Elaborato/exe-5.1/exe-5.1.sim/sim_1/behav/xsim'
"xelab --incr --debug typical --relax --mt 2 -L xil_defaultlib -L secureip --snapshot tb_chronometer_behav xil_defaultlib.tb_chronometer -log elaborate.log"
ECHO disattivato.
ECHO disattivato.
Vivado Simulator v2023.1
Copyright 1986-2022 Xilinx, Inc. All Rights Reserved.
Copyright 2022-2023 Advanced Micro Devices, Inc. All Rights Reserved.
Running: D:/Programmi/Vivado2023.1/Vivado/2023.1/bin/unwrapped/win64.o/xelab.exe --incr --debug typical --relax --mt 2 -L xil_defaultlib -L secureip --snapshot tb_chronometer_behav xil_defaultlib.tb_chronometer -log elaborate.log 
Using 2 slave threads.
Starting static elaboration
Completed static elaboration
Starting simulation data flow analysis
Completed simulation data flow analysis
Time Resolution for simulation is 1ps
Compiling package std.standard
Compiling package std.textio
Compiling package ieee.std_logic_1164
Compiling package ieee.numeric_std
Compiling architecture behavioral of entity xil_defaultlib.load_counter [\load_counter(n=60,m=6)\]
Compiling architecture behavioral of entity xil_defaultlib.load_counter [\load_counter(n=24,m=5)\]
Compiling architecture structural of entity xil_defaultlib.chronometer [chronometer_default]
Compiling architecture structural of entity xil_defaultlib.tb_chronometer
Built simulation snapshot tb_chronometer_behav
INFO: [USF-XSim-69] 'elaborate' step finished in '2' seconds
INFO: [USF-XSim-4] XSim::Simulate design
INFO: [USF-XSim-61] Executing 'SIMULATE' step in 'D:/Scuola/Anno 2024-2025/Architettura dei Sistemi Digitali/Elaborato/exe-5.1/exe-5.1.sim/sim_1/behav/xsim'
INFO: [USF-XSim-98] *** Running xsim
   with args "tb_chronometer_behav -key {Behavioral:sim_1:Functional:tb_chronometer} -tclbatch {tb_chronometer.tcl} -view {{D:/Scuola/Anno 2024-2025/Architettura dei Sistemi Digitali/Elaborato/exe-5.1/tb_chronometer_behav.wcfg}} -log {simulate.log}"
INFO: [USF-XSim-8] Loading simulator feature
Time resolution is 1 ps
open_wave_config {D:/Scuola/Anno 2024-2025/Architettura dei Sistemi Digitali/Elaborato/exe-5.1/tb_chronometer_behav.wcfg}
source tb_chronometer.tcl
# set curr_wave [current_wave_config]
# if { [string length $curr_wave] == 0 } {
#   if { [llength [get_objects]] > 0} {
#     add_wave /
#     set_property needs_save false [current_wave_config]
#   } else {
#      send_msg_id Add_Wave-1 WARNING "No top level signals found. Simulator will start without a wave window. If you want to open a wave window go to 'File->New Waveform Configuration' or type 'create_wave_config' in the TCL console."
#   }
# }
# run 1000 ns
INFO: [USF-XSim-96] XSim completed. Design snapshot 'tb_chronometer_behav' loaded.
INFO: [USF-XSim-97] XSim simulation ran for 1000 ns
launch_simulation: Time (s): cpu = 00:00:01 ; elapsed = 00:00:07 . Memory (MB): peak = 3060.590 ; gain = 0.000
close_sim
INFO: [Simtcl 6-16] Simulation closed
launch_simulation
Command: launch_simulation 
INFO: [Vivado 12-12493] Simulation top is 'tb_chronometer'
WARNING: [Vivado 12-13340] Unable to auto find GCC executables from simulator install path! (path not set)
INFO: [Vivado 12-5682] Launching behavioral simulation in 'D:/Scuola/Anno 2024-2025/Architettura dei Sistemi Digitali/Elaborato/exe-5.1/exe-5.1.sim/sim_1/behav/xsim'
INFO: [SIM-utils-51] Simulation object is 'sim_1'
INFO: [SIM-utils-72] Using boost library from 'D:/Programmi/Vivado2023.1/Vivado/2023.1/tps/boost_1_72_0'
INFO: [SIM-utils-54] Inspecting design source files for 'tb_chronometer' in fileset 'sim_1'...
INFO: [USF-XSim-97] Finding global include files...
INFO: [USF-XSim-98] Fetching design files from 'sim_1'...
INFO: [USF-XSim-2] XSim::Compile design
INFO: [USF-XSim-61] Executing 'COMPILE and ANALYZE' step in 'D:/Scuola/Anno 2024-2025/Architettura dei Sistemi Digitali/Elaborato/exe-5.1/exe-5.1.sim/sim_1/behav/xsim'
"xvhdl --incr --relax -prj tb_chronometer_vhdl.prj"
ECHO disattivato.
ECHO disattivato.
INFO: [VRFC 10-163] Analyzing VHDL file "D:/Scuola/Anno 2024-2025/Architettura dei Sistemi Digitali/Elaborato/exe-5.1/exe-5.1.srcs/sources_1/new/load_counter.vhd" into library xil_defaultlib
INFO: [VRFC 10-3107] analyzing entity 'load_counter'
INFO: [VRFC 10-163] Analyzing VHDL file "D:/Scuola/Anno 2024-2025/Architettura dei Sistemi Digitali/Elaborato/exe-5.1/exe-5.1.srcs/sources_1/new/chronometer.vhd" into library xil_defaultlib
INFO: [VRFC 10-3107] analyzing entity 'chronometer'
INFO: [VRFC 10-163] Analyzing VHDL file "D:/Scuola/Anno 2024-2025/Architettura dei Sistemi Digitali/Elaborato/exe-5.1/exe-5.1.srcs/sim_1/new/testbench_chronometer.vhd" into library xil_defaultlib
INFO: [VRFC 10-3107] analyzing entity 'tb_chronometer'
INFO: [USF-XSim-69] 'compile' step finished in '2' seconds
INFO: [USF-XSim-3] XSim::Elaborate design
INFO: [USF-XSim-61] Executing 'ELABORATE' step in 'D:/Scuola/Anno 2024-2025/Architettura dei Sistemi Digitali/Elaborato/exe-5.1/exe-5.1.sim/sim_1/behav/xsim'
"xelab --incr --debug typical --relax --mt 2 -L xil_defaultlib -L secureip --snapshot tb_chronometer_behav xil_defaultlib.tb_chronometer -log elaborate.log"
ECHO disattivato.
ECHO disattivato.
Vivado Simulator v2023.1
Copyright 1986-2022 Xilinx, Inc. All Rights Reserved.
Copyright 2022-2023 Advanced Micro Devices, Inc. All Rights Reserved.
Running: D:/Programmi/Vivado2023.1/Vivado/2023.1/bin/unwrapped/win64.o/xelab.exe --incr --debug typical --relax --mt 2 -L xil_defaultlib -L secureip --snapshot tb_chronometer_behav xil_defaultlib.tb_chronometer -log elaborate.log 
Using 2 slave threads.
Starting static elaboration
Completed static elaboration
Starting simulation data flow analysis
Completed simulation data flow analysis
Time Resolution for simulation is 1ps
Compiling package std.standard
Compiling package std.textio
Compiling package ieee.std_logic_1164
Compiling package ieee.numeric_std
Compiling architecture behavioral of entity xil_defaultlib.load_counter [\load_counter(n=60,m=6)\]
Compiling architecture behavioral of entity xil_defaultlib.load_counter [\load_counter(n=24,m=5)\]
Compiling architecture structural of entity xil_defaultlib.chronometer [chronometer_default]
Compiling architecture structural of entity xil_defaultlib.tb_chronometer
Built simulation snapshot tb_chronometer_behav
INFO: [USF-XSim-69] 'elaborate' step finished in '3' seconds
INFO: [USF-XSim-4] XSim::Simulate design
INFO: [USF-XSim-61] Executing 'SIMULATE' step in 'D:/Scuola/Anno 2024-2025/Architettura dei Sistemi Digitali/Elaborato/exe-5.1/exe-5.1.sim/sim_1/behav/xsim'
INFO: [USF-XSim-98] *** Running xsim
   with args "tb_chronometer_behav -key {Behavioral:sim_1:Functional:tb_chronometer} -tclbatch {tb_chronometer.tcl} -view {{D:/Scuola/Anno 2024-2025/Architettura dei Sistemi Digitali/Elaborato/exe-5.1/tb_chronometer_behav.wcfg}} -log {simulate.log}"
INFO: [USF-XSim-8] Loading simulator feature
Time resolution is 1 ps
open_wave_config {D:/Scuola/Anno 2024-2025/Architettura dei Sistemi Digitali/Elaborato/exe-5.1/tb_chronometer_behav.wcfg}
source tb_chronometer.tcl
# set curr_wave [current_wave_config]
# if { [string length $curr_wave] == 0 } {
#   if { [llength [get_objects]] > 0} {
#     add_wave /
#     set_property needs_save false [current_wave_config]
#   } else {
#      send_msg_id Add_Wave-1 WARNING "No top level signals found. Simulator will start without a wave window. If you want to open a wave window go to 'File->New Waveform Configuration' or type 'create_wave_config' in the TCL console."
#   }
# }
# run 1000 ns
INFO: [USF-XSim-96] XSim completed. Design snapshot 'tb_chronometer_behav' loaded.
INFO: [USF-XSim-97] XSim simulation ran for 1000 ns
launch_simulation: Time (s): cpu = 00:00:00 ; elapsed = 00:00:09 . Memory (MB): peak = 3060.590 ; gain = 0.000
current_wave_config {tb_chronometer_behav.wcfg}
tb_chronometer_behav.wcfg
add_wave {{/tb_chronometer/chronom/ss_cnt/ended}} 
save_wave_config {D:/Scuola/Anno 2024-2025/Architettura dei Sistemi Digitali/Elaborato/exe-5.1/tb_chronometer_behav.wcfg}
close_sim
INFO: [Simtcl 6-16] Simulation closed
launch_simulation
Command: launch_simulation 
INFO: [Vivado 12-12493] Simulation top is 'tb_chronometer'
WARNING: [Vivado 12-13340] Unable to auto find GCC executables from simulator install path! (path not set)
INFO: [Vivado 12-5682] Launching behavioral simulation in 'D:/Scuola/Anno 2024-2025/Architettura dei Sistemi Digitali/Elaborato/exe-5.1/exe-5.1.sim/sim_1/behav/xsim'
INFO: [SIM-utils-51] Simulation object is 'sim_1'
INFO: [SIM-utils-72] Using boost library from 'D:/Programmi/Vivado2023.1/Vivado/2023.1/tps/boost_1_72_0'
INFO: [SIM-utils-54] Inspecting design source files for 'tb_chronometer' in fileset 'sim_1'...
INFO: [USF-XSim-97] Finding global include files...
INFO: [USF-XSim-98] Fetching design files from 'sim_1'...
INFO: [USF-XSim-2] XSim::Compile design
INFO: [USF-XSim-61] Executing 'COMPILE and ANALYZE' step in 'D:/Scuola/Anno 2024-2025/Architettura dei Sistemi Digitali/Elaborato/exe-5.1/exe-5.1.sim/sim_1/behav/xsim'
"xvhdl --incr --relax -prj tb_chronometer_vhdl.prj"
ECHO disattivato.
ECHO disattivato.
INFO: [VRFC 10-163] Analyzing VHDL file "D:/Scuola/Anno 2024-2025/Architettura dei Sistemi Digitali/Elaborato/exe-5.1/exe-5.1.srcs/sim_1/new/testbench_chronometer.vhd" into library xil_defaultlib
INFO: [VRFC 10-3107] analyzing entity 'tb_chronometer'
INFO: [USF-XSim-69] 'compile' step finished in '2' seconds
INFO: [USF-XSim-3] XSim::Elaborate design
INFO: [USF-XSim-61] Executing 'ELABORATE' step in 'D:/Scuola/Anno 2024-2025/Architettura dei Sistemi Digitali/Elaborato/exe-5.1/exe-5.1.sim/sim_1/behav/xsim'
"xelab --incr --debug typical --relax --mt 2 -L xil_defaultlib -L secureip --snapshot tb_chronometer_behav xil_defaultlib.tb_chronometer -log elaborate.log"
ECHO disattivato.
ECHO disattivato.
Vivado Simulator v2023.1
Copyright 1986-2022 Xilinx, Inc. All Rights Reserved.
Copyright 2022-2023 Advanced Micro Devices, Inc. All Rights Reserved.
Running: D:/Programmi/Vivado2023.1/Vivado/2023.1/bin/unwrapped/win64.o/xelab.exe --incr --debug typical --relax --mt 2 -L xil_defaultlib -L secureip --snapshot tb_chronometer_behav xil_defaultlib.tb_chronometer -log elaborate.log 
Using 2 slave threads.
Starting static elaboration
Completed static elaboration
Starting simulation data flow analysis
Completed simulation data flow analysis
Time Resolution for simulation is 1ps
Compiling package std.standard
Compiling package std.textio
Compiling package ieee.std_logic_1164
Compiling package ieee.numeric_std
Compiling architecture behavioral of entity xil_defaultlib.load_counter [\load_counter(n=60,m=6)\]
Compiling architecture behavioral of entity xil_defaultlib.load_counter [\load_counter(n=24,m=5)\]
Compiling architecture structural of entity xil_defaultlib.chronometer [chronometer_default]
Compiling architecture structural of entity xil_defaultlib.tb_chronometer
Built simulation snapshot tb_chronometer_behav
INFO: [USF-XSim-69] 'elaborate' step finished in '3' seconds
INFO: [USF-XSim-4] XSim::Simulate design
INFO: [USF-XSim-61] Executing 'SIMULATE' step in 'D:/Scuola/Anno 2024-2025/Architettura dei Sistemi Digitali/Elaborato/exe-5.1/exe-5.1.sim/sim_1/behav/xsim'
INFO: [USF-XSim-98] *** Running xsim
   with args "tb_chronometer_behav -key {Behavioral:sim_1:Functional:tb_chronometer} -tclbatch {tb_chronometer.tcl} -view {{D:/Scuola/Anno 2024-2025/Architettura dei Sistemi Digitali/Elaborato/exe-5.1/tb_chronometer_behav.wcfg}} -log {simulate.log}"
INFO: [USF-XSim-8] Loading simulator feature
Time resolution is 1 ps
open_wave_config {D:/Scuola/Anno 2024-2025/Architettura dei Sistemi Digitali/Elaborato/exe-5.1/tb_chronometer_behav.wcfg}
source tb_chronometer.tcl
# set curr_wave [current_wave_config]
# if { [string length $curr_wave] == 0 } {
#   if { [llength [get_objects]] > 0} {
#     add_wave /
#     set_property needs_save false [current_wave_config]
#   } else {
#      send_msg_id Add_Wave-1 WARNING "No top level signals found. Simulator will start without a wave window. If you want to open a wave window go to 'File->New Waveform Configuration' or type 'create_wave_config' in the TCL console."
#   }
# }
# run 1000 ns
INFO: [USF-XSim-96] XSim completed. Design snapshot 'tb_chronometer_behav' loaded.
INFO: [USF-XSim-97] XSim simulation ran for 1000 ns
launch_simulation: Time (s): cpu = 00:00:00 ; elapsed = 00:00:07 . Memory (MB): peak = 3063.145 ; gain = 0.000
close_sim
INFO: [Simtcl 6-16] Simulation closed
launch_simulation
Command: launch_simulation 
INFO: [Vivado 12-12493] Simulation top is 'tb_chronometer'
WARNING: [Vivado 12-13340] Unable to auto find GCC executables from simulator install path! (path not set)
INFO: [Vivado 12-5682] Launching behavioral simulation in 'D:/Scuola/Anno 2024-2025/Architettura dei Sistemi Digitali/Elaborato/exe-5.1/exe-5.1.sim/sim_1/behav/xsim'
INFO: [SIM-utils-51] Simulation object is 'sim_1'
INFO: [SIM-utils-72] Using boost library from 'D:/Programmi/Vivado2023.1/Vivado/2023.1/tps/boost_1_72_0'
INFO: [SIM-utils-54] Inspecting design source files for 'tb_chronometer' in fileset 'sim_1'...
INFO: [USF-XSim-97] Finding global include files...
INFO: [USF-XSim-98] Fetching design files from 'sim_1'...
INFO: [USF-XSim-2] XSim::Compile design
INFO: [USF-XSim-61] Executing 'COMPILE and ANALYZE' step in 'D:/Scuola/Anno 2024-2025/Architettura dei Sistemi Digitali/Elaborato/exe-5.1/exe-5.1.sim/sim_1/behav/xsim'
"xvhdl --incr --relax -prj tb_chronometer_vhdl.prj"
ECHO disattivato.
ECHO disattivato.
INFO: [VRFC 10-163] Analyzing VHDL file "D:/Scuola/Anno 2024-2025/Architettura dei Sistemi Digitali/Elaborato/exe-5.1/exe-5.1.srcs/sources_1/new/chronometer.vhd" into library xil_defaultlib
INFO: [VRFC 10-3107] analyzing entity 'chronometer'
INFO: [VRFC 10-163] Analyzing VHDL file "D:/Scuola/Anno 2024-2025/Architettura dei Sistemi Digitali/Elaborato/exe-5.1/exe-5.1.srcs/sim_1/new/testbench_chronometer.vhd" into library xil_defaultlib
INFO: [VRFC 10-3107] analyzing entity 'tb_chronometer'
INFO: [USF-XSim-69] 'compile' step finished in '2' seconds
INFO: [USF-XSim-3] XSim::Elaborate design
INFO: [USF-XSim-61] Executing 'ELABORATE' step in 'D:/Scuola/Anno 2024-2025/Architettura dei Sistemi Digitali/Elaborato/exe-5.1/exe-5.1.sim/sim_1/behav/xsim'
"xelab --incr --debug typical --relax --mt 2 -L xil_defaultlib -L secureip --snapshot tb_chronometer_behav xil_defaultlib.tb_chronometer -log elaborate.log"
ECHO disattivato.
ECHO disattivato.
Vivado Simulator v2023.1
Copyright 1986-2022 Xilinx, Inc. All Rights Reserved.
Copyright 2022-2023 Advanced Micro Devices, Inc. All Rights Reserved.
Running: D:/Programmi/Vivado2023.1/Vivado/2023.1/bin/unwrapped/win64.o/xelab.exe --incr --debug typical --relax --mt 2 -L xil_defaultlib -L secureip --snapshot tb_chronometer_behav xil_defaultlib.tb_chronometer -log elaborate.log 
Using 2 slave threads.
Starting static elaboration
Completed static elaboration
Starting simulation data flow analysis
Completed simulation data flow analysis
Time Resolution for simulation is 1ps
Compiling package std.standard
Compiling package std.textio
Compiling package ieee.std_logic_1164
Compiling package ieee.numeric_std
Compiling architecture behavioral of entity xil_defaultlib.load_counter [\load_counter(n=60,m=6)\]
Compiling architecture behavioral of entity xil_defaultlib.load_counter [\load_counter(n=24,m=5)\]
Compiling architecture structural of entity xil_defaultlib.chronometer [chronometer_default]
Compiling architecture structural of entity xil_defaultlib.tb_chronometer
Built simulation snapshot tb_chronometer_behav
INFO: [USF-XSim-69] 'elaborate' step finished in '2' seconds
INFO: [USF-XSim-4] XSim::Simulate design
INFO: [USF-XSim-61] Executing 'SIMULATE' step in 'D:/Scuola/Anno 2024-2025/Architettura dei Sistemi Digitali/Elaborato/exe-5.1/exe-5.1.sim/sim_1/behav/xsim'
INFO: [USF-XSim-98] *** Running xsim
   with args "tb_chronometer_behav -key {Behavioral:sim_1:Functional:tb_chronometer} -tclbatch {tb_chronometer.tcl} -view {{D:/Scuola/Anno 2024-2025/Architettura dei Sistemi Digitali/Elaborato/exe-5.1/tb_chronometer_behav.wcfg}} -log {simulate.log}"
INFO: [USF-XSim-8] Loading simulator feature
Time resolution is 1 ps
open_wave_config {D:/Scuola/Anno 2024-2025/Architettura dei Sistemi Digitali/Elaborato/exe-5.1/tb_chronometer_behav.wcfg}
source tb_chronometer.tcl
# set curr_wave [current_wave_config]
# if { [string length $curr_wave] == 0 } {
#   if { [llength [get_objects]] > 0} {
#     add_wave /
#     set_property needs_save false [current_wave_config]
#   } else {
#      send_msg_id Add_Wave-1 WARNING "No top level signals found. Simulator will start without a wave window. If you want to open a wave window go to 'File->New Waveform Configuration' or type 'create_wave_config' in the TCL console."
#   }
# }
# run 1000 ns
INFO: [USF-XSim-96] XSim completed. Design snapshot 'tb_chronometer_behav' loaded.
INFO: [USF-XSim-97] XSim simulation ran for 1000 ns
launch_simulation: Time (s): cpu = 00:00:00 ; elapsed = 00:00:07 . Memory (MB): peak = 3063.145 ; gain = 0.000
close_sim
INFO: [Simtcl 6-16] Simulation closed
launch_simulation
Command: launch_simulation 
INFO: [Vivado 12-12493] Simulation top is 'tb_chronometer'
WARNING: [Vivado 12-13340] Unable to auto find GCC executables from simulator install path! (path not set)
INFO: [Vivado 12-5682] Launching behavioral simulation in 'D:/Scuola/Anno 2024-2025/Architettura dei Sistemi Digitali/Elaborato/exe-5.1/exe-5.1.sim/sim_1/behav/xsim'
INFO: [SIM-utils-51] Simulation object is 'sim_1'
INFO: [SIM-utils-72] Using boost library from 'D:/Programmi/Vivado2023.1/Vivado/2023.1/tps/boost_1_72_0'
INFO: [SIM-utils-54] Inspecting design source files for 'tb_chronometer' in fileset 'sim_1'...
INFO: [USF-XSim-97] Finding global include files...
INFO: [USF-XSim-98] Fetching design files from 'sim_1'...
INFO: [USF-XSim-2] XSim::Compile design
INFO: [USF-XSim-61] Executing 'COMPILE and ANALYZE' step in 'D:/Scuola/Anno 2024-2025/Architettura dei Sistemi Digitali/Elaborato/exe-5.1/exe-5.1.sim/sim_1/behav/xsim'
"xvhdl --incr --relax -prj tb_chronometer_vhdl.prj"
ECHO disattivato.
ECHO disattivato.
INFO: [VRFC 10-163] Analyzing VHDL file "D:/Scuola/Anno 2024-2025/Architettura dei Sistemi Digitali/Elaborato/exe-5.1/exe-5.1.srcs/sources_1/new/chronometer.vhd" into library xil_defaultlib
INFO: [VRFC 10-3107] analyzing entity 'chronometer'
INFO: [VRFC 10-163] Analyzing VHDL file "D:/Scuola/Anno 2024-2025/Architettura dei Sistemi Digitali/Elaborato/exe-5.1/exe-5.1.srcs/sim_1/new/testbench_chronometer.vhd" into library xil_defaultlib
INFO: [VRFC 10-3107] analyzing entity 'tb_chronometer'
INFO: [USF-XSim-69] 'compile' step finished in '2' seconds
INFO: [USF-XSim-3] XSim::Elaborate design
INFO: [USF-XSim-61] Executing 'ELABORATE' step in 'D:/Scuola/Anno 2024-2025/Architettura dei Sistemi Digitali/Elaborato/exe-5.1/exe-5.1.sim/sim_1/behav/xsim'
"xelab --incr --debug typical --relax --mt 2 -L xil_defaultlib -L secureip --snapshot tb_chronometer_behav xil_defaultlib.tb_chronometer -log elaborate.log"
ECHO disattivato.
ECHO disattivato.
Vivado Simulator v2023.1
Copyright 1986-2022 Xilinx, Inc. All Rights Reserved.
Copyright 2022-2023 Advanced Micro Devices, Inc. All Rights Reserved.
Running: D:/Programmi/Vivado2023.1/Vivado/2023.1/bin/unwrapped/win64.o/xelab.exe --incr --debug typical --relax --mt 2 -L xil_defaultlib -L secureip --snapshot tb_chronometer_behav xil_defaultlib.tb_chronometer -log elaborate.log 
Using 2 slave threads.
Starting static elaboration
Completed static elaboration
Starting simulation data flow analysis
Completed simulation data flow analysis
Time Resolution for simulation is 1ps
Compiling package std.standard
Compiling package std.textio
Compiling package ieee.std_logic_1164
Compiling package ieee.numeric_std
Compiling architecture behavioral of entity xil_defaultlib.load_counter [\load_counter(n=60,m=6)\]
Compiling architecture behavioral of entity xil_defaultlib.load_counter [\load_counter(n=24,m=5)\]
Compiling architecture structural of entity xil_defaultlib.chronometer [chronometer_default]
Compiling architecture structural of entity xil_defaultlib.tb_chronometer
Built simulation snapshot tb_chronometer_behav
INFO: [USF-XSim-69] 'elaborate' step finished in '3' seconds
INFO: [USF-XSim-4] XSim::Simulate design
INFO: [USF-XSim-61] Executing 'SIMULATE' step in 'D:/Scuola/Anno 2024-2025/Architettura dei Sistemi Digitali/Elaborato/exe-5.1/exe-5.1.sim/sim_1/behav/xsim'
INFO: [USF-XSim-98] *** Running xsim
   with args "tb_chronometer_behav -key {Behavioral:sim_1:Functional:tb_chronometer} -tclbatch {tb_chronometer.tcl} -view {{D:/Scuola/Anno 2024-2025/Architettura dei Sistemi Digitali/Elaborato/exe-5.1/tb_chronometer_behav.wcfg}} -log {simulate.log}"
INFO: [USF-XSim-8] Loading simulator feature
Time resolution is 1 ps
open_wave_config {D:/Scuola/Anno 2024-2025/Architettura dei Sistemi Digitali/Elaborato/exe-5.1/tb_chronometer_behav.wcfg}
source tb_chronometer.tcl
# set curr_wave [current_wave_config]
# if { [string length $curr_wave] == 0 } {
#   if { [llength [get_objects]] > 0} {
#     add_wave /
#     set_property needs_save false [current_wave_config]
#   } else {
#      send_msg_id Add_Wave-1 WARNING "No top level signals found. Simulator will start without a wave window. If you want to open a wave window go to 'File->New Waveform Configuration' or type 'create_wave_config' in the TCL console."
#   }
# }
# run 1000 ns
INFO: [USF-XSim-96] XSim completed. Design snapshot 'tb_chronometer_behav' loaded.
INFO: [USF-XSim-97] XSim simulation ran for 1000 ns
launch_simulation: Time (s): cpu = 00:00:01 ; elapsed = 00:00:08 . Memory (MB): peak = 3063.145 ; gain = 0.000
save_wave_config {D:/Scuola/Anno 2024-2025/Architettura dei Sistemi Digitali/Elaborato/exe-5.1/tb_chronometer_behav.wcfg}
close_sim
INFO: [Simtcl 6-16] Simulation closed
update_compile_order -fileset sources_1
launch_simulation
Command: launch_simulation 
INFO: [Vivado 12-12493] Simulation top is 'tb_chronometer'
WARNING: [Vivado 12-13340] Unable to auto find GCC executables from simulator install path! (path not set)
INFO: [Vivado 12-5682] Launching behavioral simulation in 'D:/Scuola/Anno 2024-2025/Architettura dei Sistemi Digitali/Elaborato/exe-5.1/exe-5.1.sim/sim_1/behav/xsim'
INFO: [SIM-utils-51] Simulation object is 'sim_1'
INFO: [SIM-utils-72] Using boost library from 'D:/Programmi/Vivado2023.1/Vivado/2023.1/tps/boost_1_72_0'
INFO: [SIM-utils-54] Inspecting design source files for 'tb_chronometer' in fileset 'sim_1'...
INFO: [USF-XSim-97] Finding global include files...
INFO: [USF-XSim-98] Fetching design files from 'sim_1'...
INFO: [USF-XSim-2] XSim::Compile design
INFO: [USF-XSim-61] Executing 'COMPILE and ANALYZE' step in 'D:/Scuola/Anno 2024-2025/Architettura dei Sistemi Digitali/Elaborato/exe-5.1/exe-5.1.sim/sim_1/behav/xsim'
"xvhdl --incr --relax -prj tb_chronometer_vhdl.prj"
ECHO disattivato.
ECHO disattivato.
INFO: [VRFC 10-163] Analyzing VHDL file "D:/Scuola/Anno 2024-2025/Architettura dei Sistemi Digitali/Elaborato/exe-5.1/exe-5.1.srcs/sources_1/new/base_tempi.vhd" into library xil_defaultlib
INFO: [VRFC 10-3107] analyzing entity 'divisore_frequenza'
INFO: [VRFC 10-163] Analyzing VHDL file "D:/Scuola/Anno 2024-2025/Architettura dei Sistemi Digitali/Elaborato/exe-5.1/exe-5.1.srcs/sources_1/new/load_counter.vhd" into library xil_defaultlib
INFO: [VRFC 10-3107] analyzing entity 'load_counter'
INFO: [VRFC 10-163] Analyzing VHDL file "D:/Scuola/Anno 2024-2025/Architettura dei Sistemi Digitali/Elaborato/exe-5.1/exe-5.1.srcs/sources_1/new/chronometer.vhd" into library xil_defaultlib
INFO: [VRFC 10-3107] analyzing entity 'chronometer'
INFO: [VRFC 10-163] Analyzing VHDL file "D:/Scuola/Anno 2024-2025/Architettura dei Sistemi Digitali/Elaborato/exe-5.1/exe-5.1.srcs/sim_1/new/testbench_chronometer.vhd" into library xil_defaultlib
INFO: [VRFC 10-3107] analyzing entity 'tb_chronometer'
INFO: [USF-XSim-69] 'compile' step finished in '2' seconds
INFO: [USF-XSim-3] XSim::Elaborate design
INFO: [USF-XSim-61] Executing 'ELABORATE' step in 'D:/Scuola/Anno 2024-2025/Architettura dei Sistemi Digitali/Elaborato/exe-5.1/exe-5.1.sim/sim_1/behav/xsim'
"xelab --incr --debug typical --relax --mt 2 -L xil_defaultlib -L secureip --snapshot tb_chronometer_behav xil_defaultlib.tb_chronometer -log elaborate.log"
ECHO disattivato.
ECHO disattivato.
Vivado Simulator v2023.1
Copyright 1986-2022 Xilinx, Inc. All Rights Reserved.
Copyright 2022-2023 Advanced Micro Devices, Inc. All Rights Reserved.
Running: D:/Programmi/Vivado2023.1/Vivado/2023.1/bin/unwrapped/win64.o/xelab.exe --incr --debug typical --relax --mt 2 -L xil_defaultlib -L secureip --snapshot tb_chronometer_behav xil_defaultlib.tb_chronometer -log elaborate.log 
Using 2 slave threads.
Starting static elaboration
Completed static elaboration
Starting simulation data flow analysis
Completed simulation data flow analysis
Time Resolution for simulation is 1ps
Compiling package std.standard
Compiling package std.textio
Compiling package ieee.std_logic_1164
Compiling package ieee.numeric_std
Compiling architecture behavioral of entity xil_defaultlib.divisore_frequenza [divisore_frequenza_default]
Compiling architecture behavioral of entity xil_defaultlib.load_counter [\load_counter(n=60,m=6)\]
Compiling architecture behavioral of entity xil_defaultlib.load_counter [\load_counter(n=24,m=5)\]
Compiling architecture structural of entity xil_defaultlib.chronometer [chronometer_default]
Compiling architecture structural of entity xil_defaultlib.tb_chronometer
Built simulation snapshot tb_chronometer_behav
INFO: [USF-XSim-69] 'elaborate' step finished in '3' seconds
INFO: [USF-XSim-4] XSim::Simulate design
INFO: [USF-XSim-61] Executing 'SIMULATE' step in 'D:/Scuola/Anno 2024-2025/Architettura dei Sistemi Digitali/Elaborato/exe-5.1/exe-5.1.sim/sim_1/behav/xsim'
INFO: [USF-XSim-98] *** Running xsim
   with args "tb_chronometer_behav -key {Behavioral:sim_1:Functional:tb_chronometer} -tclbatch {tb_chronometer.tcl} -view {{D:/Scuola/Anno 2024-2025/Architettura dei Sistemi Digitali/Elaborato/exe-5.1/tb_chronometer_behav.wcfg}} -log {simulate.log}"
INFO: [USF-XSim-8] Loading simulator feature
Time resolution is 1 ps
open_wave_config {D:/Scuola/Anno 2024-2025/Architettura dei Sistemi Digitali/Elaborato/exe-5.1/tb_chronometer_behav.wcfg}
source tb_chronometer.tcl
# set curr_wave [current_wave_config]
# if { [string length $curr_wave] == 0 } {
#   if { [llength [get_objects]] > 0} {
#     add_wave /
#     set_property needs_save false [current_wave_config]
#   } else {
#      send_msg_id Add_Wave-1 WARNING "No top level signals found. Simulator will start without a wave window. If you want to open a wave window go to 'File->New Waveform Configuration' or type 'create_wave_config' in the TCL console."
#   }
# }
# run 1000 ns
INFO: [USF-XSim-96] XSim completed. Design snapshot 'tb_chronometer_behav' loaded.
INFO: [USF-XSim-97] XSim simulation ran for 1000 ns
launch_simulation: Time (s): cpu = 00:00:00 ; elapsed = 00:00:07 . Memory (MB): peak = 3063.145 ; gain = 0.000
close_sim
INFO: [Simtcl 6-16] Simulation closed
update_compile_order -fileset sources_1
launch_simulation
Command: launch_simulation 
INFO: [Vivado 12-12493] Simulation top is 'tb_chronometer'
WARNING: [Vivado 12-13340] Unable to auto find GCC executables from simulator install path! (path not set)
INFO: [Vivado 12-5682] Launching behavioral simulation in 'D:/Scuola/Anno 2024-2025/Architettura dei Sistemi Digitali/Elaborato/exe-5.1/exe-5.1.sim/sim_1/behav/xsim'
INFO: [SIM-utils-51] Simulation object is 'sim_1'
INFO: [SIM-utils-72] Using boost library from 'D:/Programmi/Vivado2023.1/Vivado/2023.1/tps/boost_1_72_0'
INFO: [SIM-utils-54] Inspecting design source files for 'tb_chronometer' in fileset 'sim_1'...
INFO: [USF-XSim-97] Finding global include files...
INFO: [USF-XSim-98] Fetching design files from 'sim_1'...
INFO: [USF-XSim-2] XSim::Compile design
INFO: [USF-XSim-61] Executing 'COMPILE and ANALYZE' step in 'D:/Scuola/Anno 2024-2025/Architettura dei Sistemi Digitali/Elaborato/exe-5.1/exe-5.1.sim/sim_1/behav/xsim'
"xvhdl --incr --relax -prj tb_chronometer_vhdl.prj"
ECHO disattivato.
ECHO disattivato.
INFO: [VRFC 10-163] Analyzing VHDL file "D:/Scuola/Anno 2024-2025/Architettura dei Sistemi Digitali/Elaborato/exe-5.1/exe-5.1.srcs/sources_1/new/chronometer.vhd" into library xil_defaultlib
INFO: [VRFC 10-3107] analyzing entity 'chronometer'
INFO: [VRFC 10-163] Analyzing VHDL file "D:/Scuola/Anno 2024-2025/Architettura dei Sistemi Digitali/Elaborato/exe-5.1/exe-5.1.srcs/sim_1/new/testbench_chronometer.vhd" into library xil_defaultlib
INFO: [VRFC 10-3107] analyzing entity 'tb_chronometer'
INFO: [USF-XSim-69] 'compile' step finished in '2' seconds
INFO: [USF-XSim-3] XSim::Elaborate design
INFO: [USF-XSim-61] Executing 'ELABORATE' step in 'D:/Scuola/Anno 2024-2025/Architettura dei Sistemi Digitali/Elaborato/exe-5.1/exe-5.1.sim/sim_1/behav/xsim'
"xelab --incr --debug typical --relax --mt 2 -L xil_defaultlib -L secureip --snapshot tb_chronometer_behav xil_defaultlib.tb_chronometer -log elaborate.log"
ECHO disattivato.
ECHO disattivato.
Vivado Simulator v2023.1
Copyright 1986-2022 Xilinx, Inc. All Rights Reserved.
Copyright 2022-2023 Advanced Micro Devices, Inc. All Rights Reserved.
Running: D:/Programmi/Vivado2023.1/Vivado/2023.1/bin/unwrapped/win64.o/xelab.exe --incr --debug typical --relax --mt 2 -L xil_defaultlib -L secureip --snapshot tb_chronometer_behav xil_defaultlib.tb_chronometer -log elaborate.log 
Using 2 slave threads.
Starting static elaboration
Completed static elaboration
Starting simulation data flow analysis
Completed simulation data flow analysis
Time Resolution for simulation is 1ps
Compiling package std.standard
Compiling package std.textio
Compiling package ieee.std_logic_1164
Compiling package ieee.numeric_std
Compiling architecture behavioral of entity xil_defaultlib.load_counter [\load_counter(n=60,m=6)\]
Compiling architecture behavioral of entity xil_defaultlib.load_counter [\load_counter(n=24,m=5)\]
Compiling architecture structural of entity xil_defaultlib.chronometer [chronometer_default]
Compiling architecture structural of entity xil_defaultlib.tb_chronometer
Built simulation snapshot tb_chronometer_behav
INFO: [USF-XSim-69] 'elaborate' step finished in '2' seconds
INFO: [USF-XSim-4] XSim::Simulate design
INFO: [USF-XSim-61] Executing 'SIMULATE' step in 'D:/Scuola/Anno 2024-2025/Architettura dei Sistemi Digitali/Elaborato/exe-5.1/exe-5.1.sim/sim_1/behav/xsim'
INFO: [USF-XSim-98] *** Running xsim
   with args "tb_chronometer_behav -key {Behavioral:sim_1:Functional:tb_chronometer} -tclbatch {tb_chronometer.tcl} -view {{D:/Scuola/Anno 2024-2025/Architettura dei Sistemi Digitali/Elaborato/exe-5.1/tb_chronometer_behav.wcfg}} -log {simulate.log}"
INFO: [USF-XSim-8] Loading simulator feature
Time resolution is 1 ps
open_wave_config {D:/Scuola/Anno 2024-2025/Architettura dei Sistemi Digitali/Elaborato/exe-5.1/tb_chronometer_behav.wcfg}
source tb_chronometer.tcl
# set curr_wave [current_wave_config]
# if { [string length $curr_wave] == 0 } {
#   if { [llength [get_objects]] > 0} {
#     add_wave /
#     set_property needs_save false [current_wave_config]
#   } else {
#      send_msg_id Add_Wave-1 WARNING "No top level signals found. Simulator will start without a wave window. If you want to open a wave window go to 'File->New Waveform Configuration' or type 'create_wave_config' in the TCL console."
#   }
# }
# run 1000 ns
INFO: [USF-XSim-96] XSim completed. Design snapshot 'tb_chronometer_behav' loaded.
INFO: [USF-XSim-97] XSim simulation ran for 1000 ns
launch_simulation: Time (s): cpu = 00:00:01 ; elapsed = 00:00:08 . Memory (MB): peak = 3063.145 ; gain = 0.000
close_sim
INFO: [Simtcl 6-16] Simulation closed
launch_simulation
Command: launch_simulation 
INFO: [Vivado 12-12493] Simulation top is 'tb_chronometer'
WARNING: [Vivado 12-13340] Unable to auto find GCC executables from simulator install path! (path not set)
INFO: [Vivado 12-5682] Launching behavioral simulation in 'D:/Scuola/Anno 2024-2025/Architettura dei Sistemi Digitali/Elaborato/exe-5.1/exe-5.1.sim/sim_1/behav/xsim'
INFO: [SIM-utils-51] Simulation object is 'sim_1'
INFO: [SIM-utils-72] Using boost library from 'D:/Programmi/Vivado2023.1/Vivado/2023.1/tps/boost_1_72_0'
INFO: [SIM-utils-54] Inspecting design source files for 'tb_chronometer' in fileset 'sim_1'...
INFO: [USF-XSim-97] Finding global include files...
INFO: [USF-XSim-98] Fetching design files from 'sim_1'...
INFO: [USF-XSim-2] XSim::Compile design
INFO: [USF-XSim-61] Executing 'COMPILE and ANALYZE' step in 'D:/Scuola/Anno 2024-2025/Architettura dei Sistemi Digitali/Elaborato/exe-5.1/exe-5.1.sim/sim_1/behav/xsim'
"xvhdl --incr --relax -prj tb_chronometer_vhdl.prj"
ECHO disattivato.
ECHO disattivato.
INFO: [VRFC 10-163] Analyzing VHDL file "D:/Scuola/Anno 2024-2025/Architettura dei Sistemi Digitali/Elaborato/exe-5.1/exe-5.1.srcs/sources_1/new/load_counter.vhd" into library xil_defaultlib
INFO: [VRFC 10-3107] analyzing entity 'load_counter'
INFO: [VRFC 10-163] Analyzing VHDL file "D:/Scuola/Anno 2024-2025/Architettura dei Sistemi Digitali/Elaborato/exe-5.1/exe-5.1.srcs/sources_1/new/chronometer.vhd" into library xil_defaultlib
INFO: [VRFC 10-3107] analyzing entity 'chronometer'
INFO: [VRFC 10-163] Analyzing VHDL file "D:/Scuola/Anno 2024-2025/Architettura dei Sistemi Digitali/Elaborato/exe-5.1/exe-5.1.srcs/sim_1/new/testbench_chronometer.vhd" into library xil_defaultlib
INFO: [VRFC 10-3107] analyzing entity 'tb_chronometer'
INFO: [USF-XSim-69] 'compile' step finished in '2' seconds
INFO: [USF-XSim-3] XSim::Elaborate design
INFO: [USF-XSim-61] Executing 'ELABORATE' step in 'D:/Scuola/Anno 2024-2025/Architettura dei Sistemi Digitali/Elaborato/exe-5.1/exe-5.1.sim/sim_1/behav/xsim'
"xelab --incr --debug typical --relax --mt 2 -L xil_defaultlib -L secureip --snapshot tb_chronometer_behav xil_defaultlib.tb_chronometer -log elaborate.log"
ECHO disattivato.
ECHO disattivato.
Vivado Simulator v2023.1
Copyright 1986-2022 Xilinx, Inc. All Rights Reserved.
Copyright 2022-2023 Advanced Micro Devices, Inc. All Rights Reserved.
Running: D:/Programmi/Vivado2023.1/Vivado/2023.1/bin/unwrapped/win64.o/xelab.exe --incr --debug typical --relax --mt 2 -L xil_defaultlib -L secureip --snapshot tb_chronometer_behav xil_defaultlib.tb_chronometer -log elaborate.log 
Using 2 slave threads.
Starting static elaboration
Completed static elaboration
Starting simulation data flow analysis
Completed simulation data flow analysis
Time Resolution for simulation is 1ps
Compiling package std.standard
Compiling package std.textio
Compiling package ieee.std_logic_1164
Compiling package ieee.numeric_std
Compiling architecture behavioral of entity xil_defaultlib.load_counter [\load_counter(n=60,m=6)\]
Compiling architecture behavioral of entity xil_defaultlib.load_counter [\load_counter(n=24,m=5)\]
Compiling architecture structural of entity xil_defaultlib.chronometer [chronometer_default]
Compiling architecture structural of entity xil_defaultlib.tb_chronometer
Built simulation snapshot tb_chronometer_behav
INFO: [USF-XSim-69] 'elaborate' step finished in '2' seconds
INFO: [USF-XSim-4] XSim::Simulate design
INFO: [USF-XSim-61] Executing 'SIMULATE' step in 'D:/Scuola/Anno 2024-2025/Architettura dei Sistemi Digitali/Elaborato/exe-5.1/exe-5.1.sim/sim_1/behav/xsim'
INFO: [USF-XSim-98] *** Running xsim
   with args "tb_chronometer_behav -key {Behavioral:sim_1:Functional:tb_chronometer} -tclbatch {tb_chronometer.tcl} -view {{D:/Scuola/Anno 2024-2025/Architettura dei Sistemi Digitali/Elaborato/exe-5.1/tb_chronometer_behav.wcfg}} -log {simulate.log}"
INFO: [USF-XSim-8] Loading simulator feature
Time resolution is 1 ps
open_wave_config {D:/Scuola/Anno 2024-2025/Architettura dei Sistemi Digitali/Elaborato/exe-5.1/tb_chronometer_behav.wcfg}
source tb_chronometer.tcl
# set curr_wave [current_wave_config]
# if { [string length $curr_wave] == 0 } {
#   if { [llength [get_objects]] > 0} {
#     add_wave /
#     set_property needs_save false [current_wave_config]
#   } else {
#      send_msg_id Add_Wave-1 WARNING "No top level signals found. Simulator will start without a wave window. If you want to open a wave window go to 'File->New Waveform Configuration' or type 'create_wave_config' in the TCL console."
#   }
# }
# run 1000 ns
INFO: [USF-XSim-96] XSim completed. Design snapshot 'tb_chronometer_behav' loaded.
INFO: [USF-XSim-97] XSim simulation ran for 1000 ns
launch_simulation: Time (s): cpu = 00:00:01 ; elapsed = 00:00:07 . Memory (MB): peak = 3063.145 ; gain = 0.000
close_sim
INFO: [Simtcl 6-16] Simulation closed
launch_simulation
Command: launch_simulation 
INFO: [Vivado 12-12493] Simulation top is 'tb_chronometer'
WARNING: [Vivado 12-13340] Unable to auto find GCC executables from simulator install path! (path not set)
INFO: [Vivado 12-5682] Launching behavioral simulation in 'D:/Scuola/Anno 2024-2025/Architettura dei Sistemi Digitali/Elaborato/exe-5.1/exe-5.1.sim/sim_1/behav/xsim'
INFO: [SIM-utils-51] Simulation object is 'sim_1'
INFO: [SIM-utils-72] Using boost library from 'D:/Programmi/Vivado2023.1/Vivado/2023.1/tps/boost_1_72_0'
INFO: [SIM-utils-54] Inspecting design source files for 'tb_chronometer' in fileset 'sim_1'...
INFO: [USF-XSim-97] Finding global include files...
INFO: [USF-XSim-98] Fetching design files from 'sim_1'...
INFO: [USF-XSim-2] XSim::Compile design
INFO: [USF-XSim-61] Executing 'COMPILE and ANALYZE' step in 'D:/Scuola/Anno 2024-2025/Architettura dei Sistemi Digitali/Elaborato/exe-5.1/exe-5.1.sim/sim_1/behav/xsim'
"xvhdl --incr --relax -prj tb_chronometer_vhdl.prj"
ECHO disattivato.
ECHO disattivato.
INFO: [VRFC 10-163] Analyzing VHDL file "D:/Scuola/Anno 2024-2025/Architettura dei Sistemi Digitali/Elaborato/exe-5.1/exe-5.1.srcs/sources_1/new/chronometer.vhd" into library xil_defaultlib
INFO: [VRFC 10-3107] analyzing entity 'chronometer'
INFO: [VRFC 10-163] Analyzing VHDL file "D:/Scuola/Anno 2024-2025/Architettura dei Sistemi Digitali/Elaborato/exe-5.1/exe-5.1.srcs/sim_1/new/testbench_chronometer.vhd" into library xil_defaultlib
INFO: [VRFC 10-3107] analyzing entity 'tb_chronometer'
INFO: [USF-XSim-69] 'compile' step finished in '2' seconds
INFO: [USF-XSim-3] XSim::Elaborate design
INFO: [USF-XSim-61] Executing 'ELABORATE' step in 'D:/Scuola/Anno 2024-2025/Architettura dei Sistemi Digitali/Elaborato/exe-5.1/exe-5.1.sim/sim_1/behav/xsim'
"xelab --incr --debug typical --relax --mt 2 -L xil_defaultlib -L secureip --snapshot tb_chronometer_behav xil_defaultlib.tb_chronometer -log elaborate.log"
ECHO disattivato.
ECHO disattivato.
Vivado Simulator v2023.1
Copyright 1986-2022 Xilinx, Inc. All Rights Reserved.
Copyright 2022-2023 Advanced Micro Devices, Inc. All Rights Reserved.
Running: D:/Programmi/Vivado2023.1/Vivado/2023.1/bin/unwrapped/win64.o/xelab.exe --incr --debug typical --relax --mt 2 -L xil_defaultlib -L secureip --snapshot tb_chronometer_behav xil_defaultlib.tb_chronometer -log elaborate.log 
Using 2 slave threads.
Starting static elaboration
Completed static elaboration
Starting simulation data flow analysis
Completed simulation data flow analysis
Time Resolution for simulation is 1ps
Compiling package std.standard
Compiling package std.textio
Compiling package ieee.std_logic_1164
Compiling package ieee.numeric_std
Compiling architecture behavioral of entity xil_defaultlib.load_counter [\load_counter(n=60,m=6)\]
Compiling architecture behavioral of entity xil_defaultlib.load_counter [\load_counter(n=24,m=5)\]
Compiling architecture structural of entity xil_defaultlib.chronometer [chronometer_default]
Compiling architecture structural of entity xil_defaultlib.tb_chronometer
Built simulation snapshot tb_chronometer_behav
INFO: [USF-XSim-69] 'elaborate' step finished in '3' seconds
INFO: [USF-XSim-4] XSim::Simulate design
INFO: [USF-XSim-61] Executing 'SIMULATE' step in 'D:/Scuola/Anno 2024-2025/Architettura dei Sistemi Digitali/Elaborato/exe-5.1/exe-5.1.sim/sim_1/behav/xsim'
INFO: [USF-XSim-98] *** Running xsim
   with args "tb_chronometer_behav -key {Behavioral:sim_1:Functional:tb_chronometer} -tclbatch {tb_chronometer.tcl} -view {{D:/Scuola/Anno 2024-2025/Architettura dei Sistemi Digitali/Elaborato/exe-5.1/tb_chronometer_behav.wcfg}} -log {simulate.log}"
INFO: [USF-XSim-8] Loading simulator feature
Time resolution is 1 ps
open_wave_config {D:/Scuola/Anno 2024-2025/Architettura dei Sistemi Digitali/Elaborato/exe-5.1/tb_chronometer_behav.wcfg}
source tb_chronometer.tcl
# set curr_wave [current_wave_config]
# if { [string length $curr_wave] == 0 } {
#   if { [llength [get_objects]] > 0} {
#     add_wave /
#     set_property needs_save false [current_wave_config]
#   } else {
#      send_msg_id Add_Wave-1 WARNING "No top level signals found. Simulator will start without a wave window. If you want to open a wave window go to 'File->New Waveform Configuration' or type 'create_wave_config' in the TCL console."
#   }
# }
# run 1000 ns
INFO: [USF-XSim-96] XSim completed. Design snapshot 'tb_chronometer_behav' loaded.
INFO: [USF-XSim-97] XSim simulation ran for 1000 ns
launch_simulation: Time (s): cpu = 00:00:00 ; elapsed = 00:00:07 . Memory (MB): peak = 3063.145 ; gain = 0.000
close_sim
INFO: [Simtcl 6-16] Simulation closed
launch_simulation
Command: launch_simulation 
INFO: [Vivado 12-12493] Simulation top is 'tb_chronometer'
WARNING: [Vivado 12-13340] Unable to auto find GCC executables from simulator install path! (path not set)
INFO: [Vivado 12-5682] Launching behavioral simulation in 'D:/Scuola/Anno 2024-2025/Architettura dei Sistemi Digitali/Elaborato/exe-5.1/exe-5.1.sim/sim_1/behav/xsim'
INFO: [SIM-utils-51] Simulation object is 'sim_1'
INFO: [SIM-utils-72] Using boost library from 'D:/Programmi/Vivado2023.1/Vivado/2023.1/tps/boost_1_72_0'
INFO: [SIM-utils-54] Inspecting design source files for 'tb_chronometer' in fileset 'sim_1'...
INFO: [USF-XSim-97] Finding global include files...
INFO: [USF-XSim-98] Fetching design files from 'sim_1'...
INFO: [USF-XSim-2] XSim::Compile design
INFO: [USF-XSim-61] Executing 'COMPILE and ANALYZE' step in 'D:/Scuola/Anno 2024-2025/Architettura dei Sistemi Digitali/Elaborato/exe-5.1/exe-5.1.sim/sim_1/behav/xsim'
"xvhdl --incr --relax -prj tb_chronometer_vhdl.prj"
ECHO disattivato.
ECHO disattivato.
INFO: [VRFC 10-163] Analyzing VHDL file "D:/Scuola/Anno 2024-2025/Architettura dei Sistemi Digitali/Elaborato/exe-5.1/exe-5.1.srcs/sources_1/new/chronometer.vhd" into library xil_defaultlib
INFO: [VRFC 10-3107] analyzing entity 'chronometer'
INFO: [VRFC 10-163] Analyzing VHDL file "D:/Scuola/Anno 2024-2025/Architettura dei Sistemi Digitali/Elaborato/exe-5.1/exe-5.1.srcs/sim_1/new/testbench_chronometer.vhd" into library xil_defaultlib
INFO: [VRFC 10-3107] analyzing entity 'tb_chronometer'
INFO: [USF-XSim-69] 'compile' step finished in '2' seconds
INFO: [USF-XSim-3] XSim::Elaborate design
INFO: [USF-XSim-61] Executing 'ELABORATE' step in 'D:/Scuola/Anno 2024-2025/Architettura dei Sistemi Digitali/Elaborato/exe-5.1/exe-5.1.sim/sim_1/behav/xsim'
"xelab --incr --debug typical --relax --mt 2 -L xil_defaultlib -L secureip --snapshot tb_chronometer_behav xil_defaultlib.tb_chronometer -log elaborate.log"
ECHO disattivato.
ECHO disattivato.
Vivado Simulator v2023.1
Copyright 1986-2022 Xilinx, Inc. All Rights Reserved.
Copyright 2022-2023 Advanced Micro Devices, Inc. All Rights Reserved.
Running: D:/Programmi/Vivado2023.1/Vivado/2023.1/bin/unwrapped/win64.o/xelab.exe --incr --debug typical --relax --mt 2 -L xil_defaultlib -L secureip --snapshot tb_chronometer_behav xil_defaultlib.tb_chronometer -log elaborate.log 
Using 2 slave threads.
Starting static elaboration
Completed static elaboration
Starting simulation data flow analysis
Completed simulation data flow analysis
Time Resolution for simulation is 1ps
Compiling package std.standard
Compiling package std.textio
Compiling package ieee.std_logic_1164
Compiling package ieee.numeric_std
Compiling architecture behavioral of entity xil_defaultlib.load_counter [\load_counter(n=60,m=6)\]
Compiling architecture behavioral of entity xil_defaultlib.load_counter [\load_counter(n=24,m=5)\]
Compiling architecture structural of entity xil_defaultlib.chronometer [chronometer_default]
Compiling architecture structural of entity xil_defaultlib.tb_chronometer
Built simulation snapshot tb_chronometer_behav
INFO: [USF-XSim-69] 'elaborate' step finished in '2' seconds
INFO: [USF-XSim-4] XSim::Simulate design
INFO: [USF-XSim-61] Executing 'SIMULATE' step in 'D:/Scuola/Anno 2024-2025/Architettura dei Sistemi Digitali/Elaborato/exe-5.1/exe-5.1.sim/sim_1/behav/xsim'
INFO: [USF-XSim-98] *** Running xsim
   with args "tb_chronometer_behav -key {Behavioral:sim_1:Functional:tb_chronometer} -tclbatch {tb_chronometer.tcl} -view {{D:/Scuola/Anno 2024-2025/Architettura dei Sistemi Digitali/Elaborato/exe-5.1/tb_chronometer_behav.wcfg}} -log {simulate.log}"
INFO: [USF-XSim-8] Loading simulator feature
Time resolution is 1 ps
open_wave_config {D:/Scuola/Anno 2024-2025/Architettura dei Sistemi Digitali/Elaborato/exe-5.1/tb_chronometer_behav.wcfg}
source tb_chronometer.tcl
# set curr_wave [current_wave_config]
# if { [string length $curr_wave] == 0 } {
#   if { [llength [get_objects]] > 0} {
#     add_wave /
#     set_property needs_save false [current_wave_config]
#   } else {
#      send_msg_id Add_Wave-1 WARNING "No top level signals found. Simulator will start without a wave window. If you want to open a wave window go to 'File->New Waveform Configuration' or type 'create_wave_config' in the TCL console."
#   }
# }
# run 1000 ns
INFO: [USF-XSim-96] XSim completed. Design snapshot 'tb_chronometer_behav' loaded.
INFO: [USF-XSim-97] XSim simulation ran for 1000 ns
launch_simulation: Time (s): cpu = 00:00:01 ; elapsed = 00:00:08 . Memory (MB): peak = 3118.328 ; gain = 0.000
close_sim
INFO: [Simtcl 6-16] Simulation closed
launch_simulation
Command: launch_simulation 
INFO: [Vivado 12-12493] Simulation top is 'tb_chronometer'
WARNING: [Vivado 12-13340] Unable to auto find GCC executables from simulator install path! (path not set)
INFO: [Vivado 12-5682] Launching behavioral simulation in 'D:/Scuola/Anno 2024-2025/Architettura dei Sistemi Digitali/Elaborato/exe-5.1/exe-5.1.sim/sim_1/behav/xsim'
INFO: [SIM-utils-51] Simulation object is 'sim_1'
INFO: [SIM-utils-72] Using boost library from 'D:/Programmi/Vivado2023.1/Vivado/2023.1/tps/boost_1_72_0'
INFO: [SIM-utils-54] Inspecting design source files for 'tb_chronometer' in fileset 'sim_1'...
INFO: [USF-XSim-97] Finding global include files...
INFO: [USF-XSim-98] Fetching design files from 'sim_1'...
INFO: [USF-XSim-2] XSim::Compile design
INFO: [USF-XSim-61] Executing 'COMPILE and ANALYZE' step in 'D:/Scuola/Anno 2024-2025/Architettura dei Sistemi Digitali/Elaborato/exe-5.1/exe-5.1.sim/sim_1/behav/xsim'
"xvhdl --incr --relax -prj tb_chronometer_vhdl.prj"
ECHO disattivato.
ECHO disattivato.
INFO: [VRFC 10-163] Analyzing VHDL file "D:/Scuola/Anno 2024-2025/Architettura dei Sistemi Digitali/Elaborato/exe-5.1/exe-5.1.srcs/sources_1/new/load_counter.vhd" into library xil_defaultlib
INFO: [VRFC 10-3107] analyzing entity 'load_counter'
INFO: [VRFC 10-163] Analyzing VHDL file "D:/Scuola/Anno 2024-2025/Architettura dei Sistemi Digitali/Elaborato/exe-5.1/exe-5.1.srcs/sources_1/new/chronometer.vhd" into library xil_defaultlib
INFO: [VRFC 10-3107] analyzing entity 'chronometer'
INFO: [VRFC 10-163] Analyzing VHDL file "D:/Scuola/Anno 2024-2025/Architettura dei Sistemi Digitali/Elaborato/exe-5.1/exe-5.1.srcs/sim_1/new/testbench_chronometer.vhd" into library xil_defaultlib
INFO: [VRFC 10-3107] analyzing entity 'tb_chronometer'
INFO: [USF-XSim-69] 'compile' step finished in '1' seconds
INFO: [USF-XSim-3] XSim::Elaborate design
INFO: [USF-XSim-61] Executing 'ELABORATE' step in 'D:/Scuola/Anno 2024-2025/Architettura dei Sistemi Digitali/Elaborato/exe-5.1/exe-5.1.sim/sim_1/behav/xsim'
"xelab --incr --debug typical --relax --mt 2 -L xil_defaultlib -L secureip --snapshot tb_chronometer_behav xil_defaultlib.tb_chronometer -log elaborate.log"
ECHO disattivato.
ECHO disattivato.
Vivado Simulator v2023.1
Copyright 1986-2022 Xilinx, Inc. All Rights Reserved.
Copyright 2022-2023 Advanced Micro Devices, Inc. All Rights Reserved.
Running: D:/Programmi/Vivado2023.1/Vivado/2023.1/bin/unwrapped/win64.o/xelab.exe --incr --debug typical --relax --mt 2 -L xil_defaultlib -L secureip --snapshot tb_chronometer_behav xil_defaultlib.tb_chronometer -log elaborate.log 
Using 2 slave threads.
Starting static elaboration
Completed static elaboration
Starting simulation data flow analysis
Completed simulation data flow analysis
Time Resolution for simulation is 1ps
Compiling package std.standard
Compiling package std.textio
Compiling package ieee.std_logic_1164
Compiling package ieee.numeric_std
Compiling architecture behavioral of entity xil_defaultlib.load_counter [\load_counter(n=60,m=6)\]
Compiling architecture behavioral of entity xil_defaultlib.load_counter [\load_counter(n=24,m=5)\]
Compiling architecture structural of entity xil_defaultlib.chronometer [chronometer_default]
Compiling architecture structural of entity xil_defaultlib.tb_chronometer
Built simulation snapshot tb_chronometer_behav
INFO: [USF-XSim-69] 'elaborate' step finished in '2' seconds
INFO: [USF-XSim-4] XSim::Simulate design
INFO: [USF-XSim-61] Executing 'SIMULATE' step in 'D:/Scuola/Anno 2024-2025/Architettura dei Sistemi Digitali/Elaborato/exe-5.1/exe-5.1.sim/sim_1/behav/xsim'
INFO: [USF-XSim-98] *** Running xsim
   with args "tb_chronometer_behav -key {Behavioral:sim_1:Functional:tb_chronometer} -tclbatch {tb_chronometer.tcl} -view {{D:/Scuola/Anno 2024-2025/Architettura dei Sistemi Digitali/Elaborato/exe-5.1/tb_chronometer_behav.wcfg}} -log {simulate.log}"
INFO: [USF-XSim-8] Loading simulator feature
Time resolution is 1 ps
open_wave_config {D:/Scuola/Anno 2024-2025/Architettura dei Sistemi Digitali/Elaborato/exe-5.1/tb_chronometer_behav.wcfg}
source tb_chronometer.tcl
# set curr_wave [current_wave_config]
# if { [string length $curr_wave] == 0 } {
#   if { [llength [get_objects]] > 0} {
#     add_wave /
#     set_property needs_save false [current_wave_config]
#   } else {
#      send_msg_id Add_Wave-1 WARNING "No top level signals found. Simulator will start without a wave window. If you want to open a wave window go to 'File->New Waveform Configuration' or type 'create_wave_config' in the TCL console."
#   }
# }
# run 1000 ns
INFO: [USF-XSim-96] XSim completed. Design snapshot 'tb_chronometer_behav' loaded.
INFO: [USF-XSim-97] XSim simulation ran for 1000 ns
launch_simulation: Time (s): cpu = 00:00:00 ; elapsed = 00:00:07 . Memory (MB): peak = 3343.637 ; gain = 24.383
close_sim
INFO: [Simtcl 6-16] Simulation closed
launch_simulation
Command: launch_simulation 
INFO: [Vivado 12-12493] Simulation top is 'tb_chronometer'
WARNING: [Vivado 12-13340] Unable to auto find GCC executables from simulator install path! (path not set)
INFO: [Vivado 12-5682] Launching behavioral simulation in 'D:/Scuola/Anno 2024-2025/Architettura dei Sistemi Digitali/Elaborato/exe-5.1/exe-5.1.sim/sim_1/behav/xsim'
INFO: [SIM-utils-51] Simulation object is 'sim_1'
INFO: [SIM-utils-72] Using boost library from 'D:/Programmi/Vivado2023.1/Vivado/2023.1/tps/boost_1_72_0'
INFO: [SIM-utils-54] Inspecting design source files for 'tb_chronometer' in fileset 'sim_1'...
INFO: [USF-XSim-97] Finding global include files...
INFO: [USF-XSim-98] Fetching design files from 'sim_1'...
INFO: [USF-XSim-2] XSim::Compile design
INFO: [USF-XSim-61] Executing 'COMPILE and ANALYZE' step in 'D:/Scuola/Anno 2024-2025/Architettura dei Sistemi Digitali/Elaborato/exe-5.1/exe-5.1.sim/sim_1/behav/xsim'
"xvhdl --incr --relax -prj tb_chronometer_vhdl.prj"
ECHO disattivato.
ECHO disattivato.
INFO: [VRFC 10-163] Analyzing VHDL file "D:/Scuola/Anno 2024-2025/Architettura dei Sistemi Digitali/Elaborato/exe-5.1/exe-5.1.srcs/sources_1/new/load_counter.vhd" into library xil_defaultlib
INFO: [VRFC 10-3107] analyzing entity 'load_counter'
INFO: [VRFC 10-163] Analyzing VHDL file "D:/Scuola/Anno 2024-2025/Architettura dei Sistemi Digitali/Elaborato/exe-5.1/exe-5.1.srcs/sources_1/new/chronometer.vhd" into library xil_defaultlib
INFO: [VRFC 10-3107] analyzing entity 'chronometer'
INFO: [VRFC 10-163] Analyzing VHDL file "D:/Scuola/Anno 2024-2025/Architettura dei Sistemi Digitali/Elaborato/exe-5.1/exe-5.1.srcs/sim_1/new/testbench_chronometer.vhd" into library xil_defaultlib
INFO: [VRFC 10-3107] analyzing entity 'tb_chronometer'
INFO: [USF-XSim-69] 'compile' step finished in '1' seconds
INFO: [USF-XSim-3] XSim::Elaborate design
INFO: [USF-XSim-61] Executing 'ELABORATE' step in 'D:/Scuola/Anno 2024-2025/Architettura dei Sistemi Digitali/Elaborato/exe-5.1/exe-5.1.sim/sim_1/behav/xsim'
"xelab --incr --debug typical --relax --mt 2 -L xil_defaultlib -L secureip --snapshot tb_chronometer_behav xil_defaultlib.tb_chronometer -log elaborate.log"
ECHO disattivato.
ECHO disattivato.
Vivado Simulator v2023.1
Copyright 1986-2022 Xilinx, Inc. All Rights Reserved.
Copyright 2022-2023 Advanced Micro Devices, Inc. All Rights Reserved.
Running: D:/Programmi/Vivado2023.1/Vivado/2023.1/bin/unwrapped/win64.o/xelab.exe --incr --debug typical --relax --mt 2 -L xil_defaultlib -L secureip --snapshot tb_chronometer_behav xil_defaultlib.tb_chronometer -log elaborate.log 
Using 2 slave threads.
Starting static elaboration
Completed static elaboration
Starting simulation data flow analysis
Completed simulation data flow analysis
Time Resolution for simulation is 1ps
Compiling package std.standard
Compiling package std.textio
Compiling package ieee.std_logic_1164
Compiling package ieee.numeric_std
Compiling architecture behavioral of entity xil_defaultlib.load_counter [\load_counter(n=60,m=6)\]
Compiling architecture behavioral of entity xil_defaultlib.load_counter [\load_counter(n=24,m=5)\]
Compiling architecture structural of entity xil_defaultlib.chronometer [chronometer_default]
Compiling architecture structural of entity xil_defaultlib.tb_chronometer
Built simulation snapshot tb_chronometer_behav
INFO: [USF-XSim-69] 'elaborate' step finished in '3' seconds
INFO: [USF-XSim-4] XSim::Simulate design
INFO: [USF-XSim-61] Executing 'SIMULATE' step in 'D:/Scuola/Anno 2024-2025/Architettura dei Sistemi Digitali/Elaborato/exe-5.1/exe-5.1.sim/sim_1/behav/xsim'
INFO: [USF-XSim-98] *** Running xsim
   with args "tb_chronometer_behav -key {Behavioral:sim_1:Functional:tb_chronometer} -tclbatch {tb_chronometer.tcl} -view {{D:/Scuola/Anno 2024-2025/Architettura dei Sistemi Digitali/Elaborato/exe-5.1/tb_chronometer_behav.wcfg}} -log {simulate.log}"
INFO: [USF-XSim-8] Loading simulator feature
Time resolution is 1 ps
open_wave_config {D:/Scuola/Anno 2024-2025/Architettura dei Sistemi Digitali/Elaborato/exe-5.1/tb_chronometer_behav.wcfg}
source tb_chronometer.tcl
# set curr_wave [current_wave_config]
# if { [string length $curr_wave] == 0 } {
#   if { [llength [get_objects]] > 0} {
#     add_wave /
#     set_property needs_save false [current_wave_config]
#   } else {
#      send_msg_id Add_Wave-1 WARNING "No top level signals found. Simulator will start without a wave window. If you want to open a wave window go to 'File->New Waveform Configuration' or type 'create_wave_config' in the TCL console."
#   }
# }
# run 1000 ns
INFO: [USF-XSim-96] XSim completed. Design snapshot 'tb_chronometer_behav' loaded.
INFO: [USF-XSim-97] XSim simulation ran for 1000 ns
launch_simulation: Time (s): cpu = 00:00:00 ; elapsed = 00:00:07 . Memory (MB): peak = 3343.637 ; gain = 0.000
close_sim
INFO: [Simtcl 6-16] Simulation closed
launch_simulation
Command: launch_simulation 
INFO: [Vivado 12-12493] Simulation top is 'tb_chronometer'
WARNING: [Vivado 12-13340] Unable to auto find GCC executables from simulator install path! (path not set)
INFO: [Vivado 12-5682] Launching behavioral simulation in 'D:/Scuola/Anno 2024-2025/Architettura dei Sistemi Digitali/Elaborato/exe-5.1/exe-5.1.sim/sim_1/behav/xsim'
INFO: [SIM-utils-51] Simulation object is 'sim_1'
INFO: [SIM-utils-72] Using boost library from 'D:/Programmi/Vivado2023.1/Vivado/2023.1/tps/boost_1_72_0'
INFO: [SIM-utils-54] Inspecting design source files for 'tb_chronometer' in fileset 'sim_1'...
INFO: [USF-XSim-97] Finding global include files...
INFO: [USF-XSim-98] Fetching design files from 'sim_1'...
INFO: [USF-XSim-2] XSim::Compile design
INFO: [USF-XSim-61] Executing 'COMPILE and ANALYZE' step in 'D:/Scuola/Anno 2024-2025/Architettura dei Sistemi Digitali/Elaborato/exe-5.1/exe-5.1.sim/sim_1/behav/xsim'
"xvhdl --incr --relax -prj tb_chronometer_vhdl.prj"
ECHO disattivato.
ECHO disattivato.
INFO: [VRFC 10-163] Analyzing VHDL file "D:/Scuola/Anno 2024-2025/Architettura dei Sistemi Digitali/Elaborato/exe-5.1/exe-5.1.srcs/sources_1/new/load_counter.vhd" into library xil_defaultlib
INFO: [VRFC 10-3107] analyzing entity 'load_counter'
INFO: [VRFC 10-163] Analyzing VHDL file "D:/Scuola/Anno 2024-2025/Architettura dei Sistemi Digitali/Elaborato/exe-5.1/exe-5.1.srcs/sources_1/new/chronometer.vhd" into library xil_defaultlib
INFO: [VRFC 10-3107] analyzing entity 'chronometer'
INFO: [VRFC 10-163] Analyzing VHDL file "D:/Scuola/Anno 2024-2025/Architettura dei Sistemi Digitali/Elaborato/exe-5.1/exe-5.1.srcs/sim_1/new/testbench_chronometer.vhd" into library xil_defaultlib
INFO: [VRFC 10-3107] analyzing entity 'tb_chronometer'
INFO: [USF-XSim-69] 'compile' step finished in '2' seconds
INFO: [USF-XSim-3] XSim::Elaborate design
INFO: [USF-XSim-61] Executing 'ELABORATE' step in 'D:/Scuola/Anno 2024-2025/Architettura dei Sistemi Digitali/Elaborato/exe-5.1/exe-5.1.sim/sim_1/behav/xsim'
"xelab --incr --debug typical --relax --mt 2 -L xil_defaultlib -L secureip --snapshot tb_chronometer_behav xil_defaultlib.tb_chronometer -log elaborate.log"
ECHO disattivato.
ECHO disattivato.
Vivado Simulator v2023.1
Copyright 1986-2022 Xilinx, Inc. All Rights Reserved.
Copyright 2022-2023 Advanced Micro Devices, Inc. All Rights Reserved.
Running: D:/Programmi/Vivado2023.1/Vivado/2023.1/bin/unwrapped/win64.o/xelab.exe --incr --debug typical --relax --mt 2 -L xil_defaultlib -L secureip --snapshot tb_chronometer_behav xil_defaultlib.tb_chronometer -log elaborate.log 
Using 2 slave threads.
Starting static elaboration
Completed static elaboration
Starting simulation data flow analysis
Completed simulation data flow analysis
Time Resolution for simulation is 1ps
Compiling package std.standard
Compiling package std.textio
Compiling package ieee.std_logic_1164
Compiling package ieee.numeric_std
Compiling architecture behavioral of entity xil_defaultlib.load_counter [\load_counter(n=60,m=6)\]
Compiling architecture behavioral of entity xil_defaultlib.load_counter [\load_counter(n=24,m=5)\]
Compiling architecture structural of entity xil_defaultlib.chronometer [chronometer_default]
Compiling architecture structural of entity xil_defaultlib.tb_chronometer
Built simulation snapshot tb_chronometer_behav
INFO: [USF-XSim-69] 'elaborate' step finished in '3' seconds
INFO: [USF-XSim-4] XSim::Simulate design
INFO: [USF-XSim-61] Executing 'SIMULATE' step in 'D:/Scuola/Anno 2024-2025/Architettura dei Sistemi Digitali/Elaborato/exe-5.1/exe-5.1.sim/sim_1/behav/xsim'
INFO: [USF-XSim-98] *** Running xsim
   with args "tb_chronometer_behav -key {Behavioral:sim_1:Functional:tb_chronometer} -tclbatch {tb_chronometer.tcl} -view {{D:/Scuola/Anno 2024-2025/Architettura dei Sistemi Digitali/Elaborato/exe-5.1/tb_chronometer_behav.wcfg}} -log {simulate.log}"
INFO: [USF-XSim-8] Loading simulator feature
Time resolution is 1 ps
open_wave_config {D:/Scuola/Anno 2024-2025/Architettura dei Sistemi Digitali/Elaborato/exe-5.1/tb_chronometer_behav.wcfg}
source tb_chronometer.tcl
# set curr_wave [current_wave_config]
# if { [string length $curr_wave] == 0 } {
#   if { [llength [get_objects]] > 0} {
#     add_wave /
#     set_property needs_save false [current_wave_config]
#   } else {
#      send_msg_id Add_Wave-1 WARNING "No top level signals found. Simulator will start without a wave window. If you want to open a wave window go to 'File->New Waveform Configuration' or type 'create_wave_config' in the TCL console."
#   }
# }
# run 1000 ns
INFO: [USF-XSim-96] XSim completed. Design snapshot 'tb_chronometer_behav' loaded.
INFO: [USF-XSim-97] XSim simulation ran for 1000 ns
launch_simulation: Time (s): cpu = 00:00:00 ; elapsed = 00:00:08 . Memory (MB): peak = 3343.637 ; gain = 0.000
close_sim
INFO: [Simtcl 6-16] Simulation closed
launch_simulation
Command: launch_simulation 
INFO: [Vivado 12-12493] Simulation top is 'tb_chronometer'
WARNING: [Vivado 12-13340] Unable to auto find GCC executables from simulator install path! (path not set)
INFO: [Vivado 12-5682] Launching behavioral simulation in 'D:/Scuola/Anno 2024-2025/Architettura dei Sistemi Digitali/Elaborato/exe-5.1/exe-5.1.sim/sim_1/behav/xsim'
INFO: [SIM-utils-51] Simulation object is 'sim_1'
INFO: [SIM-utils-72] Using boost library from 'D:/Programmi/Vivado2023.1/Vivado/2023.1/tps/boost_1_72_0'
INFO: [SIM-utils-54] Inspecting design source files for 'tb_chronometer' in fileset 'sim_1'...
INFO: [USF-XSim-97] Finding global include files...
INFO: [USF-XSim-98] Fetching design files from 'sim_1'...
INFO: [USF-XSim-2] XSim::Compile design
INFO: [USF-XSim-61] Executing 'COMPILE and ANALYZE' step in 'D:/Scuola/Anno 2024-2025/Architettura dei Sistemi Digitali/Elaborato/exe-5.1/exe-5.1.sim/sim_1/behav/xsim'
"xvhdl --incr --relax -prj tb_chronometer_vhdl.prj"
ECHO disattivato.
ECHO disattivato.
INFO: [VRFC 10-163] Analyzing VHDL file "D:/Scuola/Anno 2024-2025/Architettura dei Sistemi Digitali/Elaborato/exe-5.1/exe-5.1.srcs/sources_1/new/load_counter.vhd" into library xil_defaultlib
INFO: [VRFC 10-3107] analyzing entity 'load_counter'
INFO: [VRFC 10-163] Analyzing VHDL file "D:/Scuola/Anno 2024-2025/Architettura dei Sistemi Digitali/Elaborato/exe-5.1/exe-5.1.srcs/sources_1/new/chronometer.vhd" into library xil_defaultlib
INFO: [VRFC 10-3107] analyzing entity 'chronometer'
INFO: [VRFC 10-163] Analyzing VHDL file "D:/Scuola/Anno 2024-2025/Architettura dei Sistemi Digitali/Elaborato/exe-5.1/exe-5.1.srcs/sim_1/new/testbench_chronometer.vhd" into library xil_defaultlib
INFO: [VRFC 10-3107] analyzing entity 'tb_chronometer'
INFO: [USF-XSim-69] 'compile' step finished in '2' seconds
INFO: [USF-XSim-3] XSim::Elaborate design
INFO: [USF-XSim-61] Executing 'ELABORATE' step in 'D:/Scuola/Anno 2024-2025/Architettura dei Sistemi Digitali/Elaborato/exe-5.1/exe-5.1.sim/sim_1/behav/xsim'
"xelab --incr --debug typical --relax --mt 2 -L xil_defaultlib -L secureip --snapshot tb_chronometer_behav xil_defaultlib.tb_chronometer -log elaborate.log"
ECHO disattivato.
ECHO disattivato.
Vivado Simulator v2023.1
Copyright 1986-2022 Xilinx, Inc. All Rights Reserved.
Copyright 2022-2023 Advanced Micro Devices, Inc. All Rights Reserved.
Running: D:/Programmi/Vivado2023.1/Vivado/2023.1/bin/unwrapped/win64.o/xelab.exe --incr --debug typical --relax --mt 2 -L xil_defaultlib -L secureip --snapshot tb_chronometer_behav xil_defaultlib.tb_chronometer -log elaborate.log 
Using 2 slave threads.
Starting static elaboration
Completed static elaboration
Starting simulation data flow analysis
Completed simulation data flow analysis
Time Resolution for simulation is 1ps
Compiling package std.standard
Compiling package std.textio
Compiling package ieee.std_logic_1164
Compiling package ieee.numeric_std
Compiling architecture behavioral of entity xil_defaultlib.load_counter [\load_counter(n=60,m=6)\]
Compiling architecture behavioral of entity xil_defaultlib.load_counter [\load_counter(n=24,m=5)\]
Compiling architecture structural of entity xil_defaultlib.chronometer [chronometer_default]
Compiling architecture structural of entity xil_defaultlib.tb_chronometer
Built simulation snapshot tb_chronometer_behav
INFO: [USF-XSim-69] 'elaborate' step finished in '3' seconds
INFO: [USF-XSim-4] XSim::Simulate design
INFO: [USF-XSim-61] Executing 'SIMULATE' step in 'D:/Scuola/Anno 2024-2025/Architettura dei Sistemi Digitali/Elaborato/exe-5.1/exe-5.1.sim/sim_1/behav/xsim'
INFO: [USF-XSim-98] *** Running xsim
   with args "tb_chronometer_behav -key {Behavioral:sim_1:Functional:tb_chronometer} -tclbatch {tb_chronometer.tcl} -view {{D:/Scuola/Anno 2024-2025/Architettura dei Sistemi Digitali/Elaborato/exe-5.1/tb_chronometer_behav.wcfg}} -log {simulate.log}"
INFO: [USF-XSim-8] Loading simulator feature
Time resolution is 1 ps
open_wave_config {D:/Scuola/Anno 2024-2025/Architettura dei Sistemi Digitali/Elaborato/exe-5.1/tb_chronometer_behav.wcfg}
source tb_chronometer.tcl
# set curr_wave [current_wave_config]
# if { [string length $curr_wave] == 0 } {
#   if { [llength [get_objects]] > 0} {
#     add_wave /
#     set_property needs_save false [current_wave_config]
#   } else {
#      send_msg_id Add_Wave-1 WARNING "No top level signals found. Simulator will start without a wave window. If you want to open a wave window go to 'File->New Waveform Configuration' or type 'create_wave_config' in the TCL console."
#   }
# }
# run 1000 ns
INFO: [USF-XSim-96] XSim completed. Design snapshot 'tb_chronometer_behav' loaded.
INFO: [USF-XSim-97] XSim simulation ran for 1000 ns
launch_simulation: Time (s): cpu = 00:00:00 ; elapsed = 00:00:08 . Memory (MB): peak = 3343.637 ; gain = 0.000
close_sim
INFO: [Simtcl 6-16] Simulation closed
launch_simulation
Command: launch_simulation 
INFO: [Vivado 12-12493] Simulation top is 'tb_chronometer'
WARNING: [Vivado 12-13340] Unable to auto find GCC executables from simulator install path! (path not set)
INFO: [Vivado 12-5682] Launching behavioral simulation in 'D:/Scuola/Anno 2024-2025/Architettura dei Sistemi Digitali/Elaborato/exe-5.1/exe-5.1.sim/sim_1/behav/xsim'
INFO: [SIM-utils-51] Simulation object is 'sim_1'
INFO: [SIM-utils-72] Using boost library from 'D:/Programmi/Vivado2023.1/Vivado/2023.1/tps/boost_1_72_0'
INFO: [SIM-utils-54] Inspecting design source files for 'tb_chronometer' in fileset 'sim_1'...
INFO: [USF-XSim-97] Finding global include files...
INFO: [USF-XSim-98] Fetching design files from 'sim_1'...
INFO: [USF-XSim-2] XSim::Compile design
INFO: [USF-XSim-61] Executing 'COMPILE and ANALYZE' step in 'D:/Scuola/Anno 2024-2025/Architettura dei Sistemi Digitali/Elaborato/exe-5.1/exe-5.1.sim/sim_1/behav/xsim'
"xvhdl --incr --relax -prj tb_chronometer_vhdl.prj"
ECHO disattivato.
ECHO disattivato.
INFO: [VRFC 10-163] Analyzing VHDL file "D:/Scuola/Anno 2024-2025/Architettura dei Sistemi Digitali/Elaborato/exe-5.1/exe-5.1.srcs/sources_1/new/chronometer.vhd" into library xil_defaultlib
INFO: [VRFC 10-3107] analyzing entity 'chronometer'
INFO: [VRFC 10-163] Analyzing VHDL file "D:/Scuola/Anno 2024-2025/Architettura dei Sistemi Digitali/Elaborato/exe-5.1/exe-5.1.srcs/sim_1/new/testbench_chronometer.vhd" into library xil_defaultlib
INFO: [VRFC 10-3107] analyzing entity 'tb_chronometer'
INFO: [USF-XSim-69] 'compile' step finished in '2' seconds
INFO: [USF-XSim-3] XSim::Elaborate design
INFO: [USF-XSim-61] Executing 'ELABORATE' step in 'D:/Scuola/Anno 2024-2025/Architettura dei Sistemi Digitali/Elaborato/exe-5.1/exe-5.1.sim/sim_1/behav/xsim'
"xelab --incr --debug typical --relax --mt 2 -L xil_defaultlib -L secureip --snapshot tb_chronometer_behav xil_defaultlib.tb_chronometer -log elaborate.log"
ECHO disattivato.
ECHO disattivato.
Vivado Simulator v2023.1
Copyright 1986-2022 Xilinx, Inc. All Rights Reserved.
Copyright 2022-2023 Advanced Micro Devices, Inc. All Rights Reserved.
Running: D:/Programmi/Vivado2023.1/Vivado/2023.1/bin/unwrapped/win64.o/xelab.exe --incr --debug typical --relax --mt 2 -L xil_defaultlib -L secureip --snapshot tb_chronometer_behav xil_defaultlib.tb_chronometer -log elaborate.log 
Using 2 slave threads.
Starting static elaboration
Completed static elaboration
Starting simulation data flow analysis
Completed simulation data flow analysis
Time Resolution for simulation is 1ps
Compiling package std.standard
Compiling package std.textio
Compiling package ieee.std_logic_1164
Compiling package ieee.numeric_std
Compiling architecture behavioral of entity xil_defaultlib.load_counter [\load_counter(n=60,m=6)\]
Compiling architecture behavioral of entity xil_defaultlib.load_counter [\load_counter(n=24,m=5)\]
Compiling architecture structural of entity xil_defaultlib.chronometer [chronometer_default]
Compiling architecture structural of entity xil_defaultlib.tb_chronometer
Built simulation snapshot tb_chronometer_behav
INFO: [USF-XSim-69] 'elaborate' step finished in '2' seconds
INFO: [USF-XSim-4] XSim::Simulate design
INFO: [USF-XSim-61] Executing 'SIMULATE' step in 'D:/Scuola/Anno 2024-2025/Architettura dei Sistemi Digitali/Elaborato/exe-5.1/exe-5.1.sim/sim_1/behav/xsim'
INFO: [USF-XSim-98] *** Running xsim
   with args "tb_chronometer_behav -key {Behavioral:sim_1:Functional:tb_chronometer} -tclbatch {tb_chronometer.tcl} -view {{D:/Scuola/Anno 2024-2025/Architettura dei Sistemi Digitali/Elaborato/exe-5.1/tb_chronometer_behav.wcfg}} -log {simulate.log}"
INFO: [USF-XSim-8] Loading simulator feature
Time resolution is 1 ps
open_wave_config {D:/Scuola/Anno 2024-2025/Architettura dei Sistemi Digitali/Elaborato/exe-5.1/tb_chronometer_behav.wcfg}
source tb_chronometer.tcl
# set curr_wave [current_wave_config]
# if { [string length $curr_wave] == 0 } {
#   if { [llength [get_objects]] > 0} {
#     add_wave /
#     set_property needs_save false [current_wave_config]
#   } else {
#      send_msg_id Add_Wave-1 WARNING "No top level signals found. Simulator will start without a wave window. If you want to open a wave window go to 'File->New Waveform Configuration' or type 'create_wave_config' in the TCL console."
#   }
# }
# run 1000 ns
INFO: [USF-XSim-96] XSim completed. Design snapshot 'tb_chronometer_behav' loaded.
INFO: [USF-XSim-97] XSim simulation ran for 1000 ns
launch_simulation: Time (s): cpu = 00:00:00 ; elapsed = 00:00:07 . Memory (MB): peak = 3500.078 ; gain = 32.816
close_sim
INFO: [Simtcl 6-16] Simulation closed
launch_simulation
Command: launch_simulation 
INFO: [Vivado 12-12493] Simulation top is 'tb_chronometer'
WARNING: [Vivado 12-13340] Unable to auto find GCC executables from simulator install path! (path not set)
INFO: [Vivado 12-5682] Launching behavioral simulation in 'D:/Scuola/Anno 2024-2025/Architettura dei Sistemi Digitali/Elaborato/exe-5.1/exe-5.1.sim/sim_1/behav/xsim'
INFO: [SIM-utils-51] Simulation object is 'sim_1'
INFO: [SIM-utils-72] Using boost library from 'D:/Programmi/Vivado2023.1/Vivado/2023.1/tps/boost_1_72_0'
INFO: [SIM-utils-54] Inspecting design source files for 'tb_chronometer' in fileset 'sim_1'...
INFO: [USF-XSim-97] Finding global include files...
INFO: [USF-XSim-98] Fetching design files from 'sim_1'...
INFO: [USF-XSim-2] XSim::Compile design
INFO: [USF-XSim-61] Executing 'COMPILE and ANALYZE' step in 'D:/Scuola/Anno 2024-2025/Architettura dei Sistemi Digitali/Elaborato/exe-5.1/exe-5.1.sim/sim_1/behav/xsim'
"xvhdl --incr --relax -prj tb_chronometer_vhdl.prj"
ECHO disattivato.
ECHO disattivato.
INFO: [USF-XSim-69] 'compile' step finished in '2' seconds
INFO: [USF-XSim-3] XSim::Elaborate design
INFO: [USF-XSim-61] Executing 'ELABORATE' step in 'D:/Scuola/Anno 2024-2025/Architettura dei Sistemi Digitali/Elaborato/exe-5.1/exe-5.1.sim/sim_1/behav/xsim'
"xelab --incr --debug typical --relax --mt 2 -L xil_defaultlib -L secureip --snapshot tb_chronometer_behav xil_defaultlib.tb_chronometer -log elaborate.log"
ECHO disattivato.
ECHO disattivato.
Vivado Simulator v2023.1
Copyright 1986-2022 Xilinx, Inc. All Rights Reserved.
Copyright 2022-2023 Advanced Micro Devices, Inc. All Rights Reserved.
Running: D:/Programmi/Vivado2023.1/Vivado/2023.1/bin/unwrapped/win64.o/xelab.exe --incr --debug typical --relax --mt 2 -L xil_defaultlib -L secureip --snapshot tb_chronometer_behav xil_defaultlib.tb_chronometer -log elaborate.log 
Using 2 slave threads.
Starting static elaboration
Completed static elaboration
INFO: [XSIM 43-4323] No Change in HDL. Linking previously generated obj files to create kernel
INFO: [USF-XSim-69] 'elaborate' step finished in '2' seconds
INFO: [USF-XSim-4] XSim::Simulate design
INFO: [USF-XSim-61] Executing 'SIMULATE' step in 'D:/Scuola/Anno 2024-2025/Architettura dei Sistemi Digitali/Elaborato/exe-5.1/exe-5.1.sim/sim_1/behav/xsim'
INFO: [USF-XSim-98] *** Running xsim
   with args "tb_chronometer_behav -key {Behavioral:sim_1:Functional:tb_chronometer} -tclbatch {tb_chronometer.tcl} -view {{D:/Scuola/Anno 2024-2025/Architettura dei Sistemi Digitali/Elaborato/exe-5.1/tb_chronometer_behav.wcfg}} -log {simulate.log}"
INFO: [USF-XSim-8] Loading simulator feature
Time resolution is 1 ps
open_wave_config {D:/Scuola/Anno 2024-2025/Architettura dei Sistemi Digitali/Elaborato/exe-5.1/tb_chronometer_behav.wcfg}
source tb_chronometer.tcl
# set curr_wave [current_wave_config]
# if { [string length $curr_wave] == 0 } {
#   if { [llength [get_objects]] > 0} {
#     add_wave /
#     set_property needs_save false [current_wave_config]
#   } else {
#      send_msg_id Add_Wave-1 WARNING "No top level signals found. Simulator will start without a wave window. If you want to open a wave window go to 'File->New Waveform Configuration' or type 'create_wave_config' in the TCL console."
#   }
# }
# run 1000 ns
INFO: [USF-XSim-96] XSim completed. Design snapshot 'tb_chronometer_behav' loaded.
INFO: [USF-XSim-97] XSim simulation ran for 1000 ns
launch_simulation: Time (s): cpu = 00:00:00 ; elapsed = 00:00:06 . Memory (MB): peak = 3500.078 ; gain = 0.000
current_wave_config {tb_chronometer_behav.wcfg}
tb_chronometer_behav.wcfg
add_wave {{/tb_chronometer/chronom/ss_cnt/ended}} 
save_wave_config {D:/Scuola/Anno 2024-2025/Architettura dei Sistemi Digitali/Elaborato/exe-5.1/tb_chronometer_behav.wcfg}
close_sim
INFO: [Simtcl 6-16] Simulation closed
launch_simulation
Command: launch_simulation 
INFO: [Vivado 12-12493] Simulation top is 'tb_chronometer'
WARNING: [Vivado 12-13340] Unable to auto find GCC executables from simulator install path! (path not set)
INFO: [Vivado 12-5682] Launching behavioral simulation in 'D:/Scuola/Anno 2024-2025/Architettura dei Sistemi Digitali/Elaborato/exe-5.1/exe-5.1.sim/sim_1/behav/xsim'
INFO: [SIM-utils-51] Simulation object is 'sim_1'
INFO: [SIM-utils-72] Using boost library from 'D:/Programmi/Vivado2023.1/Vivado/2023.1/tps/boost_1_72_0'
INFO: [SIM-utils-54] Inspecting design source files for 'tb_chronometer' in fileset 'sim_1'...
INFO: [USF-XSim-97] Finding global include files...
INFO: [USF-XSim-98] Fetching design files from 'sim_1'...
INFO: [USF-XSim-2] XSim::Compile design
INFO: [USF-XSim-61] Executing 'COMPILE and ANALYZE' step in 'D:/Scuola/Anno 2024-2025/Architettura dei Sistemi Digitali/Elaborato/exe-5.1/exe-5.1.sim/sim_1/behav/xsim'
"xvhdl --incr --relax -prj tb_chronometer_vhdl.prj"
ECHO disattivato.
ECHO disattivato.
INFO: [USF-XSim-69] 'compile' step finished in '2' seconds
INFO: [USF-XSim-3] XSim::Elaborate design
INFO: [USF-XSim-61] Executing 'ELABORATE' step in 'D:/Scuola/Anno 2024-2025/Architettura dei Sistemi Digitali/Elaborato/exe-5.1/exe-5.1.sim/sim_1/behav/xsim'
"xelab --incr --debug typical --relax --mt 2 -L xil_defaultlib -L secureip --snapshot tb_chronometer_behav xil_defaultlib.tb_chronometer -log elaborate.log"
ECHO disattivato.
ECHO disattivato.
Vivado Simulator v2023.1
Copyright 1986-2022 Xilinx, Inc. All Rights Reserved.
Copyright 2022-2023 Advanced Micro Devices, Inc. All Rights Reserved.
Running: D:/Programmi/Vivado2023.1/Vivado/2023.1/bin/unwrapped/win64.o/xelab.exe --incr --debug typical --relax --mt 2 -L xil_defaultlib -L secureip --snapshot tb_chronometer_behav xil_defaultlib.tb_chronometer -log elaborate.log 
Using 2 slave threads.
Starting static elaboration
Completed static elaboration
INFO: [XSIM 43-4323] No Change in HDL. Linking previously generated obj files to create kernel
INFO: [USF-XSim-69] 'elaborate' step finished in '2' seconds
INFO: [USF-XSim-4] XSim::Simulate design
INFO: [USF-XSim-61] Executing 'SIMULATE' step in 'D:/Scuola/Anno 2024-2025/Architettura dei Sistemi Digitali/Elaborato/exe-5.1/exe-5.1.sim/sim_1/behav/xsim'
INFO: [USF-XSim-98] *** Running xsim
   with args "tb_chronometer_behav -key {Behavioral:sim_1:Functional:tb_chronometer} -tclbatch {tb_chronometer.tcl} -view {{D:/Scuola/Anno 2024-2025/Architettura dei Sistemi Digitali/Elaborato/exe-5.1/tb_chronometer_behav.wcfg}} -log {simulate.log}"
INFO: [USF-XSim-8] Loading simulator feature
Time resolution is 1 ps
open_wave_config {D:/Scuola/Anno 2024-2025/Architettura dei Sistemi Digitali/Elaborato/exe-5.1/tb_chronometer_behav.wcfg}
source tb_chronometer.tcl
# set curr_wave [current_wave_config]
# if { [string length $curr_wave] == 0 } {
#   if { [llength [get_objects]] > 0} {
#     add_wave /
#     set_property needs_save false [current_wave_config]
#   } else {
#      send_msg_id Add_Wave-1 WARNING "No top level signals found. Simulator will start without a wave window. If you want to open a wave window go to 'File->New Waveform Configuration' or type 'create_wave_config' in the TCL console."
#   }
# }
# run 1000 ns
INFO: [USF-XSim-96] XSim completed. Design snapshot 'tb_chronometer_behav' loaded.
INFO: [USF-XSim-97] XSim simulation ran for 1000 ns
launch_simulation: Time (s): cpu = 00:00:00 ; elapsed = 00:00:06 . Memory (MB): peak = 3500.078 ; gain = 0.000
close_sim
INFO: [Simtcl 6-16] Simulation closed
launch_simulation
Command: launch_simulation 
INFO: [Vivado 12-12493] Simulation top is 'tb_chronometer'
WARNING: [Vivado 12-13340] Unable to auto find GCC executables from simulator install path! (path not set)
INFO: [Vivado 12-5682] Launching behavioral simulation in 'D:/Scuola/Anno 2024-2025/Architettura dei Sistemi Digitali/Elaborato/exe-5.1/exe-5.1.sim/sim_1/behav/xsim'
INFO: [SIM-utils-51] Simulation object is 'sim_1'
INFO: [SIM-utils-72] Using boost library from 'D:/Programmi/Vivado2023.1/Vivado/2023.1/tps/boost_1_72_0'
INFO: [SIM-utils-54] Inspecting design source files for 'tb_chronometer' in fileset 'sim_1'...
INFO: [USF-XSim-97] Finding global include files...
INFO: [USF-XSim-98] Fetching design files from 'sim_1'...
INFO: [USF-XSim-2] XSim::Compile design
INFO: [USF-XSim-61] Executing 'COMPILE and ANALYZE' step in 'D:/Scuola/Anno 2024-2025/Architettura dei Sistemi Digitali/Elaborato/exe-5.1/exe-5.1.sim/sim_1/behav/xsim'
"xvhdl --incr --relax -prj tb_chronometer_vhdl.prj"
ECHO disattivato.
ECHO disattivato.
INFO: [VRFC 10-163] Analyzing VHDL file "D:/Scuola/Anno 2024-2025/Architettura dei Sistemi Digitali/Elaborato/exe-5.1/exe-5.1.srcs/sources_1/new/load_counter.vhd" into library xil_defaultlib
INFO: [VRFC 10-3107] analyzing entity 'load_counter'
INFO: [VRFC 10-163] Analyzing VHDL file "D:/Scuola/Anno 2024-2025/Architettura dei Sistemi Digitali/Elaborato/exe-5.1/exe-5.1.srcs/sources_1/new/chronometer.vhd" into library xil_defaultlib
INFO: [VRFC 10-3107] analyzing entity 'chronometer'
INFO: [VRFC 10-163] Analyzing VHDL file "D:/Scuola/Anno 2024-2025/Architettura dei Sistemi Digitali/Elaborato/exe-5.1/exe-5.1.srcs/sim_1/new/testbench_chronometer.vhd" into library xil_defaultlib
INFO: [VRFC 10-3107] analyzing entity 'tb_chronometer'
INFO: [USF-XSim-69] 'compile' step finished in '2' seconds
INFO: [USF-XSim-3] XSim::Elaborate design
INFO: [USF-XSim-61] Executing 'ELABORATE' step in 'D:/Scuola/Anno 2024-2025/Architettura dei Sistemi Digitali/Elaborato/exe-5.1/exe-5.1.sim/sim_1/behav/xsim'
"xelab --incr --debug typical --relax --mt 2 -L xil_defaultlib -L secureip --snapshot tb_chronometer_behav xil_defaultlib.tb_chronometer -log elaborate.log"
ECHO disattivato.
ECHO disattivato.
Vivado Simulator v2023.1
Copyright 1986-2022 Xilinx, Inc. All Rights Reserved.
Copyright 2022-2023 Advanced Micro Devices, Inc. All Rights Reserved.
Running: D:/Programmi/Vivado2023.1/Vivado/2023.1/bin/unwrapped/win64.o/xelab.exe --incr --debug typical --relax --mt 2 -L xil_defaultlib -L secureip --snapshot tb_chronometer_behav xil_defaultlib.tb_chronometer -log elaborate.log 
Using 2 slave threads.
Starting static elaboration
Completed static elaboration
Starting simulation data flow analysis
Completed simulation data flow analysis
Time Resolution for simulation is 1ps
Compiling package std.standard
Compiling package std.textio
Compiling package ieee.std_logic_1164
Compiling package ieee.numeric_std
Compiling architecture behavioral of entity xil_defaultlib.load_counter [\load_counter(n=60,m=6)\]
Compiling architecture behavioral of entity xil_defaultlib.load_counter [\load_counter(n=24,m=5)\]
Compiling architecture structural of entity xil_defaultlib.chronometer [chronometer_default]
Compiling architecture structural of entity xil_defaultlib.tb_chronometer
Built simulation snapshot tb_chronometer_behav
INFO: [USF-XSim-69] 'elaborate' step finished in '2' seconds
INFO: [USF-XSim-4] XSim::Simulate design
INFO: [USF-XSim-61] Executing 'SIMULATE' step in 'D:/Scuola/Anno 2024-2025/Architettura dei Sistemi Digitali/Elaborato/exe-5.1/exe-5.1.sim/sim_1/behav/xsim'
INFO: [USF-XSim-98] *** Running xsim
   with args "tb_chronometer_behav -key {Behavioral:sim_1:Functional:tb_chronometer} -tclbatch {tb_chronometer.tcl} -view {{D:/Scuola/Anno 2024-2025/Architettura dei Sistemi Digitali/Elaborato/exe-5.1/tb_chronometer_behav.wcfg}} -log {simulate.log}"
INFO: [USF-XSim-8] Loading simulator feature
Time resolution is 1 ps
open_wave_config {D:/Scuola/Anno 2024-2025/Architettura dei Sistemi Digitali/Elaborato/exe-5.1/tb_chronometer_behav.wcfg}
source tb_chronometer.tcl
# set curr_wave [current_wave_config]
# if { [string length $curr_wave] == 0 } {
#   if { [llength [get_objects]] > 0} {
#     add_wave /
#     set_property needs_save false [current_wave_config]
#   } else {
#      send_msg_id Add_Wave-1 WARNING "No top level signals found. Simulator will start without a wave window. If you want to open a wave window go to 'File->New Waveform Configuration' or type 'create_wave_config' in the TCL console."
#   }
# }
# run 1000 ns
INFO: [USF-XSim-96] XSim completed. Design snapshot 'tb_chronometer_behav' loaded.
INFO: [USF-XSim-97] XSim simulation ran for 1000 ns
launch_simulation: Time (s): cpu = 00:00:01 ; elapsed = 00:00:08 . Memory (MB): peak = 3500.078 ; gain = 0.000
close_sim
INFO: [Simtcl 6-16] Simulation closed
launch_simulation
Command: launch_simulation 
INFO: [Vivado 12-12493] Simulation top is 'tb_chronometer'
WARNING: [Vivado 12-13340] Unable to auto find GCC executables from simulator install path! (path not set)
INFO: [Vivado 12-5682] Launching behavioral simulation in 'D:/Scuola/Anno 2024-2025/Architettura dei Sistemi Digitali/Elaborato/exe-5.1/exe-5.1.sim/sim_1/behav/xsim'
INFO: [SIM-utils-51] Simulation object is 'sim_1'
INFO: [SIM-utils-72] Using boost library from 'D:/Programmi/Vivado2023.1/Vivado/2023.1/tps/boost_1_72_0'
INFO: [SIM-utils-54] Inspecting design source files for 'tb_chronometer' in fileset 'sim_1'...
INFO: [USF-XSim-97] Finding global include files...
INFO: [USF-XSim-98] Fetching design files from 'sim_1'...
INFO: [USF-XSim-2] XSim::Compile design
INFO: [USF-XSim-61] Executing 'COMPILE and ANALYZE' step in 'D:/Scuola/Anno 2024-2025/Architettura dei Sistemi Digitali/Elaborato/exe-5.1/exe-5.1.sim/sim_1/behav/xsim'
"xvhdl --incr --relax -prj tb_chronometer_vhdl.prj"
ECHO disattivato.
ECHO disattivato.
INFO: [VRFC 10-163] Analyzing VHDL file "D:/Scuola/Anno 2024-2025/Architettura dei Sistemi Digitali/Elaborato/exe-5.1/exe-5.1.srcs/sources_1/new/load_counter.vhd" into library xil_defaultlib
INFO: [VRFC 10-3107] analyzing entity 'load_counter'
INFO: [VRFC 10-163] Analyzing VHDL file "D:/Scuola/Anno 2024-2025/Architettura dei Sistemi Digitali/Elaborato/exe-5.1/exe-5.1.srcs/sources_1/new/chronometer.vhd" into library xil_defaultlib
INFO: [VRFC 10-3107] analyzing entity 'chronometer'
INFO: [VRFC 10-163] Analyzing VHDL file "D:/Scuola/Anno 2024-2025/Architettura dei Sistemi Digitali/Elaborato/exe-5.1/exe-5.1.srcs/sim_1/new/testbench_chronometer.vhd" into library xil_defaultlib
INFO: [VRFC 10-3107] analyzing entity 'tb_chronometer'
INFO: [USF-XSim-69] 'compile' step finished in '2' seconds
INFO: [USF-XSim-3] XSim::Elaborate design
INFO: [USF-XSim-61] Executing 'ELABORATE' step in 'D:/Scuola/Anno 2024-2025/Architettura dei Sistemi Digitali/Elaborato/exe-5.1/exe-5.1.sim/sim_1/behav/xsim'
"xelab --incr --debug typical --relax --mt 2 -L xil_defaultlib -L secureip --snapshot tb_chronometer_behav xil_defaultlib.tb_chronometer -log elaborate.log"
ECHO disattivato.
ECHO disattivato.
Vivado Simulator v2023.1
Copyright 1986-2022 Xilinx, Inc. All Rights Reserved.
Copyright 2022-2023 Advanced Micro Devices, Inc. All Rights Reserved.
Running: D:/Programmi/Vivado2023.1/Vivado/2023.1/bin/unwrapped/win64.o/xelab.exe --incr --debug typical --relax --mt 2 -L xil_defaultlib -L secureip --snapshot tb_chronometer_behav xil_defaultlib.tb_chronometer -log elaborate.log 
Using 2 slave threads.
Starting static elaboration
Completed static elaboration
Starting simulation data flow analysis
Completed simulation data flow analysis
Time Resolution for simulation is 1ps
Compiling package std.standard
Compiling package std.textio
Compiling package ieee.std_logic_1164
Compiling package ieee.numeric_std
Compiling architecture behavioral of entity xil_defaultlib.load_counter [\load_counter(n=60,m=6)\]
Compiling architecture behavioral of entity xil_defaultlib.load_counter [\load_counter(n=24,m=5)\]
Compiling architecture structural of entity xil_defaultlib.chronometer [chronometer_default]
Compiling architecture structural of entity xil_defaultlib.tb_chronometer
Built simulation snapshot tb_chronometer_behav
INFO: [USF-XSim-69] 'elaborate' step finished in '3' seconds
INFO: [USF-XSim-4] XSim::Simulate design
INFO: [USF-XSim-61] Executing 'SIMULATE' step in 'D:/Scuola/Anno 2024-2025/Architettura dei Sistemi Digitali/Elaborato/exe-5.1/exe-5.1.sim/sim_1/behav/xsim'
INFO: [USF-XSim-98] *** Running xsim
   with args "tb_chronometer_behav -key {Behavioral:sim_1:Functional:tb_chronometer} -tclbatch {tb_chronometer.tcl} -view {{D:/Scuola/Anno 2024-2025/Architettura dei Sistemi Digitali/Elaborato/exe-5.1/tb_chronometer_behav.wcfg}} -log {simulate.log}"
INFO: [USF-XSim-8] Loading simulator feature
Time resolution is 1 ps
open_wave_config {D:/Scuola/Anno 2024-2025/Architettura dei Sistemi Digitali/Elaborato/exe-5.1/tb_chronometer_behav.wcfg}
source tb_chronometer.tcl
# set curr_wave [current_wave_config]
# if { [string length $curr_wave] == 0 } {
#   if { [llength [get_objects]] > 0} {
#     add_wave /
#     set_property needs_save false [current_wave_config]
#   } else {
#      send_msg_id Add_Wave-1 WARNING "No top level signals found. Simulator will start without a wave window. If you want to open a wave window go to 'File->New Waveform Configuration' or type 'create_wave_config' in the TCL console."
#   }
# }
# run 1000 ns
INFO: [USF-XSim-96] XSim completed. Design snapshot 'tb_chronometer_behav' loaded.
INFO: [USF-XSim-97] XSim simulation ran for 1000 ns
launch_simulation: Time (s): cpu = 00:00:00 ; elapsed = 00:00:07 . Memory (MB): peak = 3602.602 ; gain = 0.000
close_sim
INFO: [Simtcl 6-16] Simulation closed
launch_simulation
Command: launch_simulation 
INFO: [Vivado 12-12493] Simulation top is 'tb_chronometer'
WARNING: [Vivado 12-13340] Unable to auto find GCC executables from simulator install path! (path not set)
INFO: [Vivado 12-5682] Launching behavioral simulation in 'D:/Scuola/Anno 2024-2025/Architettura dei Sistemi Digitali/Elaborato/exe-5.1/exe-5.1.sim/sim_1/behav/xsim'
INFO: [SIM-utils-51] Simulation object is 'sim_1'
INFO: [SIM-utils-72] Using boost library from 'D:/Programmi/Vivado2023.1/Vivado/2023.1/tps/boost_1_72_0'
INFO: [SIM-utils-54] Inspecting design source files for 'tb_chronometer' in fileset 'sim_1'...
INFO: [USF-XSim-97] Finding global include files...
INFO: [USF-XSim-98] Fetching design files from 'sim_1'...
INFO: [USF-XSim-2] XSim::Compile design
INFO: [USF-XSim-61] Executing 'COMPILE and ANALYZE' step in 'D:/Scuola/Anno 2024-2025/Architettura dei Sistemi Digitali/Elaborato/exe-5.1/exe-5.1.sim/sim_1/behav/xsim'
"xvhdl --incr --relax -prj tb_chronometer_vhdl.prj"
ECHO disattivato.
ECHO disattivato.
INFO: [VRFC 10-163] Analyzing VHDL file "D:/Scuola/Anno 2024-2025/Architettura dei Sistemi Digitali/Elaborato/exe-5.1/exe-5.1.srcs/sources_1/new/load_counter.vhd" into library xil_defaultlib
INFO: [VRFC 10-3107] analyzing entity 'load_counter'
INFO: [VRFC 10-163] Analyzing VHDL file "D:/Scuola/Anno 2024-2025/Architettura dei Sistemi Digitali/Elaborato/exe-5.1/exe-5.1.srcs/sources_1/new/chronometer.vhd" into library xil_defaultlib
INFO: [VRFC 10-3107] analyzing entity 'chronometer'
INFO: [VRFC 10-163] Analyzing VHDL file "D:/Scuola/Anno 2024-2025/Architettura dei Sistemi Digitali/Elaborato/exe-5.1/exe-5.1.srcs/sim_1/new/testbench_chronometer.vhd" into library xil_defaultlib
INFO: [VRFC 10-3107] analyzing entity 'tb_chronometer'
INFO: [USF-XSim-69] 'compile' step finished in '2' seconds
INFO: [USF-XSim-3] XSim::Elaborate design
INFO: [USF-XSim-61] Executing 'ELABORATE' step in 'D:/Scuola/Anno 2024-2025/Architettura dei Sistemi Digitali/Elaborato/exe-5.1/exe-5.1.sim/sim_1/behav/xsim'
"xelab --incr --debug typical --relax --mt 2 -L xil_defaultlib -L secureip --snapshot tb_chronometer_behav xil_defaultlib.tb_chronometer -log elaborate.log"
ECHO disattivato.
ECHO disattivato.
Vivado Simulator v2023.1
Copyright 1986-2022 Xilinx, Inc. All Rights Reserved.
Copyright 2022-2023 Advanced Micro Devices, Inc. All Rights Reserved.
Running: D:/Programmi/Vivado2023.1/Vivado/2023.1/bin/unwrapped/win64.o/xelab.exe --incr --debug typical --relax --mt 2 -L xil_defaultlib -L secureip --snapshot tb_chronometer_behav xil_defaultlib.tb_chronometer -log elaborate.log 
Using 2 slave threads.
Starting static elaboration
Completed static elaboration
Starting simulation data flow analysis
Completed simulation data flow analysis
Time Resolution for simulation is 1ps
Compiling package std.standard
Compiling package std.textio
Compiling package ieee.std_logic_1164
Compiling package ieee.numeric_std
Compiling architecture behavioral of entity xil_defaultlib.load_counter [\load_counter(n=60,m=6)\]
Compiling architecture behavioral of entity xil_defaultlib.load_counter [\load_counter(n=24,m=5)\]
Compiling architecture structural of entity xil_defaultlib.chronometer [chronometer_default]
Compiling architecture structural of entity xil_defaultlib.tb_chronometer
Built simulation snapshot tb_chronometer_behav
INFO: [USF-XSim-69] 'elaborate' step finished in '2' seconds
INFO: [USF-XSim-4] XSim::Simulate design
INFO: [USF-XSim-61] Executing 'SIMULATE' step in 'D:/Scuola/Anno 2024-2025/Architettura dei Sistemi Digitali/Elaborato/exe-5.1/exe-5.1.sim/sim_1/behav/xsim'
INFO: [USF-XSim-98] *** Running xsim
   with args "tb_chronometer_behav -key {Behavioral:sim_1:Functional:tb_chronometer} -tclbatch {tb_chronometer.tcl} -view {{D:/Scuola/Anno 2024-2025/Architettura dei Sistemi Digitali/Elaborato/exe-5.1/tb_chronometer_behav.wcfg}} -log {simulate.log}"
INFO: [USF-XSim-8] Loading simulator feature
Time resolution is 1 ps
open_wave_config {D:/Scuola/Anno 2024-2025/Architettura dei Sistemi Digitali/Elaborato/exe-5.1/tb_chronometer_behav.wcfg}
source tb_chronometer.tcl
# set curr_wave [current_wave_config]
# if { [string length $curr_wave] == 0 } {
#   if { [llength [get_objects]] > 0} {
#     add_wave /
#     set_property needs_save false [current_wave_config]
#   } else {
#      send_msg_id Add_Wave-1 WARNING "No top level signals found. Simulator will start without a wave window. If you want to open a wave window go to 'File->New Waveform Configuration' or type 'create_wave_config' in the TCL console."
#   }
# }
# run 1000 ns
INFO: [USF-XSim-96] XSim completed. Design snapshot 'tb_chronometer_behav' loaded.
INFO: [USF-XSim-97] XSim simulation ran for 1000 ns
launch_simulation: Time (s): cpu = 00:00:00 ; elapsed = 00:00:08 . Memory (MB): peak = 3602.602 ; gain = 0.000
close_sim
INFO: [Simtcl 6-16] Simulation closed
close [ open {D:/Scuola/Anno 2024-2025/Architettura dei Sistemi Digitali/Elaborato/exe-5.1/exe-5.1.srcs/sources_1/new/flipflop_t.vhd} w ]
add_files {{D:/Scuola/Anno 2024-2025/Architettura dei Sistemi Digitali/Elaborato/exe-5.1/exe-5.1.srcs/sources_1/new/flipflop_t.vhd}}
update_compile_order -fileset sources_1
close [ open {D:/Scuola/Anno 2024-2025/Architettura dei Sistemi Digitali/Elaborato/exe-5.1/exe-5.1.srcs/sources_1/new/counter_mod24.vhd} w ]
add_files {{D:/Scuola/Anno 2024-2025/Architettura dei Sistemi Digitali/Elaborato/exe-5.1/exe-5.1.srcs/sources_1/new/counter_mod24.vhd}}
update_compile_order -fileset sources_1
close [ open {D:/Scuola/Anno 2024-2025/Architettura dei Sistemi Digitali/Elaborato/exe-5.1/exe-5.1.srcs/sources_1/new/counter_mod60.vhd} w ]
add_files {{D:/Scuola/Anno 2024-2025/Architettura dei Sistemi Digitali/Elaborato/exe-5.1/exe-5.1.srcs/sources_1/new/counter_mod60.vhd}}
update_compile_order -fileset sources_1
update_compile_order -fileset sources_1
update_compile_order -fileset sources_1
launch_simulation
Command: launch_simulation 
INFO: [Vivado 12-12493] Simulation top is 'tb_chronometer'
WARNING: [Vivado 12-13340] Unable to auto find GCC executables from simulator install path! (path not set)
INFO: [Vivado 12-5682] Launching behavioral simulation in 'D:/Scuola/Anno 2024-2025/Architettura dei Sistemi Digitali/Elaborato/exe-5.1/exe-5.1.sim/sim_1/behav/xsim'
INFO: [SIM-utils-51] Simulation object is 'sim_1'
INFO: [SIM-utils-72] Using boost library from 'D:/Programmi/Vivado2023.1/Vivado/2023.1/tps/boost_1_72_0'
INFO: [SIM-utils-54] Inspecting design source files for 'tb_chronometer' in fileset 'sim_1'...
INFO: [USF-XSim-97] Finding global include files...
INFO: [USF-XSim-98] Fetching design files from 'sim_1'...
INFO: [USF-XSim-2] XSim::Compile design
INFO: [USF-XSim-61] Executing 'COMPILE and ANALYZE' step in 'D:/Scuola/Anno 2024-2025/Architettura dei Sistemi Digitali/Elaborato/exe-5.1/exe-5.1.sim/sim_1/behav/xsim'
"xvhdl --incr --relax -prj tb_chronometer_vhdl.prj"
ECHO disattivato.
ECHO disattivato.
INFO: [VRFC 10-163] Analyzing VHDL file "D:/Scuola/Anno 2024-2025/Architettura dei Sistemi Digitali/Elaborato/exe-5.1/exe-5.1.srcs/sources_1/new/flipflop_t.vhd" into library xil_defaultlib
INFO: [VRFC 10-3107] analyzing entity 'flipflop_t'
INFO: [VRFC 10-163] Analyzing VHDL file "D:/Scuola/Anno 2024-2025/Architettura dei Sistemi Digitali/Elaborato/exe-5.1/exe-5.1.srcs/sources_1/new/counter_mod60.vhd" into library xil_defaultlib
INFO: [VRFC 10-3107] analyzing entity 'counter_mod60'
INFO: [VRFC 10-163] Analyzing VHDL file "D:/Scuola/Anno 2024-2025/Architettura dei Sistemi Digitali/Elaborato/exe-5.1/exe-5.1.srcs/sources_1/new/counter_mod24.vhd" into library xil_defaultlib
INFO: [VRFC 10-3107] analyzing entity 'counter_mod24'
INFO: [VRFC 10-163] Analyzing VHDL file "D:/Scuola/Anno 2024-2025/Architettura dei Sistemi Digitali/Elaborato/exe-5.1/exe-5.1.srcs/sources_1/new/chronometer.vhd" into library xil_defaultlib
INFO: [VRFC 10-3107] analyzing entity 'chronometer'
INFO: [VRFC 10-163] Analyzing VHDL file "D:/Scuola/Anno 2024-2025/Architettura dei Sistemi Digitali/Elaborato/exe-5.1/exe-5.1.srcs/sim_1/new/testbench_chronometer.vhd" into library xil_defaultlib
INFO: [VRFC 10-3107] analyzing entity 'tb_chronometer'
INFO: [USF-XSim-69] 'compile' step finished in '1' seconds
INFO: [USF-XSim-3] XSim::Elaborate design
INFO: [USF-XSim-61] Executing 'ELABORATE' step in 'D:/Scuola/Anno 2024-2025/Architettura dei Sistemi Digitali/Elaborato/exe-5.1/exe-5.1.sim/sim_1/behav/xsim'
"xelab --incr --debug typical --relax --mt 2 -L xil_defaultlib -L secureip --snapshot tb_chronometer_behav xil_defaultlib.tb_chronometer -log elaborate.log"
ECHO disattivato.
ECHO disattivato.
Vivado Simulator v2023.1
Copyright 1986-2022 Xilinx, Inc. All Rights Reserved.
Copyright 2022-2023 Advanced Micro Devices, Inc. All Rights Reserved.
Running: D:/Programmi/Vivado2023.1/Vivado/2023.1/bin/unwrapped/win64.o/xelab.exe --incr --debug typical --relax --mt 2 -L xil_defaultlib -L secureip --snapshot tb_chronometer_behav xil_defaultlib.tb_chronometer -log elaborate.log 
Using 2 slave threads.
Starting static elaboration
ERROR: [VRFC 10-8944] expression has 6 elements; formal 'load_val' expects 5 [D:/Scuola/Anno 2024-2025/Architettura dei Sistemi Digitali/Elaborato/exe-5.1/exe-5.1.srcs/sources_1/new/chronometer.vhd:58]
ERROR: [XSIM 43-3321] Static elaboration of top level VHDL design unit tb_chronometer in library work failed.
INFO: [USF-XSim-69] 'elaborate' step finished in '2' seconds
INFO: [USF-XSim-99] Step results log file:'D:/Scuola/Anno 2024-2025/Architettura dei Sistemi Digitali/Elaborato/exe-5.1/exe-5.1.sim/sim_1/behav/xsim/elaborate.log'
ERROR: [USF-XSim-62] 'elaborate' step failed with error(s). Please check the Tcl console output or 'D:/Scuola/Anno 2024-2025/Architettura dei Sistemi Digitali/Elaborato/exe-5.1/exe-5.1.sim/sim_1/behav/xsim/elaborate.log' file for more information.
ERROR: [Vivado 12-4473] Detected error while running simulation. Please correct the issue and retry this operation.
ERROR: [Common 17-39] 'launch_simulation' failed due to earlier errors.
launch_simulation
Command: launch_simulation 
INFO: [Vivado 12-12493] Simulation top is 'tb_chronometer'
WARNING: [Vivado 12-13340] Unable to auto find GCC executables from simulator install path! (path not set)
INFO: [Vivado 12-5682] Launching behavioral simulation in 'D:/Scuola/Anno 2024-2025/Architettura dei Sistemi Digitali/Elaborato/exe-5.1/exe-5.1.sim/sim_1/behav/xsim'
INFO: [SIM-utils-51] Simulation object is 'sim_1'
INFO: [SIM-utils-72] Using boost library from 'D:/Programmi/Vivado2023.1/Vivado/2023.1/tps/boost_1_72_0'
INFO: [SIM-utils-54] Inspecting design source files for 'tb_chronometer' in fileset 'sim_1'...
INFO: [USF-XSim-97] Finding global include files...
INFO: [USF-XSim-98] Fetching design files from 'sim_1'...
INFO: [USF-XSim-2] XSim::Compile design
INFO: [USF-XSim-61] Executing 'COMPILE and ANALYZE' step in 'D:/Scuola/Anno 2024-2025/Architettura dei Sistemi Digitali/Elaborato/exe-5.1/exe-5.1.sim/sim_1/behav/xsim'
"xvhdl --incr --relax -prj tb_chronometer_vhdl.prj"
ECHO disattivato.
ECHO disattivato.
INFO: [VRFC 10-163] Analyzing VHDL file "D:/Scuola/Anno 2024-2025/Architettura dei Sistemi Digitali/Elaborato/exe-5.1/exe-5.1.srcs/sources_1/new/chronometer.vhd" into library xil_defaultlib
INFO: [VRFC 10-3107] analyzing entity 'chronometer'
INFO: [VRFC 10-163] Analyzing VHDL file "D:/Scuola/Anno 2024-2025/Architettura dei Sistemi Digitali/Elaborato/exe-5.1/exe-5.1.srcs/sim_1/new/testbench_chronometer.vhd" into library xil_defaultlib
INFO: [VRFC 10-3107] analyzing entity 'tb_chronometer'
INFO: [USF-XSim-69] 'compile' step finished in '2' seconds
INFO: [USF-XSim-3] XSim::Elaborate design
INFO: [USF-XSim-61] Executing 'ELABORATE' step in 'D:/Scuola/Anno 2024-2025/Architettura dei Sistemi Digitali/Elaborato/exe-5.1/exe-5.1.sim/sim_1/behav/xsim'
"xelab --incr --debug typical --relax --mt 2 -L xil_defaultlib -L secureip --snapshot tb_chronometer_behav xil_defaultlib.tb_chronometer -log elaborate.log"
ECHO disattivato.
ECHO disattivato.
Vivado Simulator v2023.1
Copyright 1986-2022 Xilinx, Inc. All Rights Reserved.
Copyright 2022-2023 Advanced Micro Devices, Inc. All Rights Reserved.
Running: D:/Programmi/Vivado2023.1/Vivado/2023.1/bin/unwrapped/win64.o/xelab.exe --incr --debug typical --relax --mt 2 -L xil_defaultlib -L secureip --snapshot tb_chronometer_behav xil_defaultlib.tb_chronometer -log elaborate.log 
Using 2 slave threads.
Starting static elaboration
ERROR: [VRFC 10-8944] expression has 6 elements; formal 'ss_set' expects 5 [D:/Scuola/Anno 2024-2025/Architettura dei Sistemi Digitali/Elaborato/exe-5.1/exe-5.1.srcs/sim_1/new/testbench_chronometer.vhd:36]
ERROR: [VRFC 10-8944] expression has 6 elements; formal 'mm_set' expects 5 [D:/Scuola/Anno 2024-2025/Architettura dei Sistemi Digitali/Elaborato/exe-5.1/exe-5.1.srcs/sim_1/new/testbench_chronometer.vhd:37]
ERROR: [VRFC 10-8944] expression has 5 elements; formal 'hh_set' expects 4 [D:/Scuola/Anno 2024-2025/Architettura dei Sistemi Digitali/Elaborato/exe-5.1/exe-5.1.srcs/sim_1/new/testbench_chronometer.vhd:38]
ERROR: [XSIM 43-3321] Static elaboration of top level VHDL design unit tb_chronometer in library work failed.
INFO: [USF-XSim-69] 'elaborate' step finished in '2' seconds
INFO: [USF-XSim-99] Step results log file:'D:/Scuola/Anno 2024-2025/Architettura dei Sistemi Digitali/Elaborato/exe-5.1/exe-5.1.sim/sim_1/behav/xsim/elaborate.log'
ERROR: [USF-XSim-62] 'elaborate' step failed with error(s). Please check the Tcl console output or 'D:/Scuola/Anno 2024-2025/Architettura dei Sistemi Digitali/Elaborato/exe-5.1/exe-5.1.sim/sim_1/behav/xsim/elaborate.log' file for more information.
ERROR: [Vivado 12-4473] Detected error while running simulation. Please correct the issue and retry this operation.
ERROR: [Common 17-39] 'launch_simulation' failed due to earlier errors.
launch_simulation
Command: launch_simulation 
INFO: [Vivado 12-12493] Simulation top is 'tb_chronometer'
WARNING: [Vivado 12-13340] Unable to auto find GCC executables from simulator install path! (path not set)
INFO: [Vivado 12-5682] Launching behavioral simulation in 'D:/Scuola/Anno 2024-2025/Architettura dei Sistemi Digitali/Elaborato/exe-5.1/exe-5.1.sim/sim_1/behav/xsim'
INFO: [SIM-utils-51] Simulation object is 'sim_1'
INFO: [SIM-utils-72] Using boost library from 'D:/Programmi/Vivado2023.1/Vivado/2023.1/tps/boost_1_72_0'
INFO: [SIM-utils-54] Inspecting design source files for 'tb_chronometer' in fileset 'sim_1'...
INFO: [USF-XSim-97] Finding global include files...
INFO: [USF-XSim-98] Fetching design files from 'sim_1'...
INFO: [USF-XSim-2] XSim::Compile design
INFO: [USF-XSim-61] Executing 'COMPILE and ANALYZE' step in 'D:/Scuola/Anno 2024-2025/Architettura dei Sistemi Digitali/Elaborato/exe-5.1/exe-5.1.sim/sim_1/behav/xsim'
"xvhdl --incr --relax -prj tb_chronometer_vhdl.prj"
ECHO disattivato.
ECHO disattivato.
INFO: [VRFC 10-163] Analyzing VHDL file "D:/Scuola/Anno 2024-2025/Architettura dei Sistemi Digitali/Elaborato/exe-5.1/exe-5.1.srcs/sources_1/new/counter_mod60.vhd" into library xil_defaultlib
INFO: [VRFC 10-3107] analyzing entity 'counter_mod60'
INFO: [VRFC 10-163] Analyzing VHDL file "D:/Scuola/Anno 2024-2025/Architettura dei Sistemi Digitali/Elaborato/exe-5.1/exe-5.1.srcs/sources_1/new/chronometer.vhd" into library xil_defaultlib
INFO: [VRFC 10-3107] analyzing entity 'chronometer'
INFO: [VRFC 10-163] Analyzing VHDL file "D:/Scuola/Anno 2024-2025/Architettura dei Sistemi Digitali/Elaborato/exe-5.1/exe-5.1.srcs/sim_1/new/testbench_chronometer.vhd" into library xil_defaultlib
INFO: [VRFC 10-3107] analyzing entity 'tb_chronometer'
INFO: [USF-XSim-69] 'compile' step finished in '2' seconds
INFO: [USF-XSim-3] XSim::Elaborate design
INFO: [USF-XSim-61] Executing 'ELABORATE' step in 'D:/Scuola/Anno 2024-2025/Architettura dei Sistemi Digitali/Elaborato/exe-5.1/exe-5.1.sim/sim_1/behav/xsim'
"xelab --incr --debug typical --relax --mt 2 -L xil_defaultlib -L secureip --snapshot tb_chronometer_behav xil_defaultlib.tb_chronometer -log elaborate.log"
ECHO disattivato.
ECHO disattivato.
Vivado Simulator v2023.1
Copyright 1986-2022 Xilinx, Inc. All Rights Reserved.
Copyright 2022-2023 Advanced Micro Devices, Inc. All Rights Reserved.
Running: D:/Programmi/Vivado2023.1/Vivado/2023.1/bin/unwrapped/win64.o/xelab.exe --incr --debug typical --relax --mt 2 -L xil_defaultlib -L secureip --snapshot tb_chronometer_behav xil_defaultlib.tb_chronometer -log elaborate.log 
Using 2 slave threads.
Starting static elaboration
Completed static elaboration
Starting simulation data flow analysis
Completed simulation data flow analysis
Time Resolution for simulation is 1ps
Compiling package std.standard
Compiling package std.textio
Compiling package ieee.std_logic_1164
Compiling package ieee.numeric_std
Compiling architecture behavioral of entity xil_defaultlib.flipflop_t [flipflop_t_default]
Compiling architecture behavioral of entity xil_defaultlib.counter_mod60 [counter_mod60_default]
Compiling architecture structural of entity xil_defaultlib.counter_mod24 [counter_mod24_default]
Compiling architecture structural of entity xil_defaultlib.chronometer [chronometer_default]
Compiling architecture structural of entity xil_defaultlib.tb_chronometer
Built simulation snapshot tb_chronometer_behav
INFO: [USF-XSim-69] 'elaborate' step finished in '3' seconds
INFO: [USF-XSim-4] XSim::Simulate design
INFO: [USF-XSim-61] Executing 'SIMULATE' step in 'D:/Scuola/Anno 2024-2025/Architettura dei Sistemi Digitali/Elaborato/exe-5.1/exe-5.1.sim/sim_1/behav/xsim'
INFO: [USF-XSim-98] *** Running xsim
   with args "tb_chronometer_behav -key {Behavioral:sim_1:Functional:tb_chronometer} -tclbatch {tb_chronometer.tcl} -view {{D:/Scuola/Anno 2024-2025/Architettura dei Sistemi Digitali/Elaborato/exe-5.1/tb_chronometer_behav.wcfg}} -log {simulate.log}"
INFO: [USF-XSim-8] Loading simulator feature
Time resolution is 1 ps
open_wave_config {D:/Scuola/Anno 2024-2025/Architettura dei Sistemi Digitali/Elaborato/exe-5.1/tb_chronometer_behav.wcfg}
WARNING: Simulation object /tb_chronometer/chronom/ss_cnt/ended was not found in the design.
source tb_chronometer.tcl
# set curr_wave [current_wave_config]
# if { [string length $curr_wave] == 0 } {
#   if { [llength [get_objects]] > 0} {
#     add_wave /
#     set_property needs_save false [current_wave_config]
#   } else {
#      send_msg_id Add_Wave-1 WARNING "No top level signals found. Simulator will start without a wave window. If you want to open a wave window go to 'File->New Waveform Configuration' or type 'create_wave_config' in the TCL console."
#   }
# }
# run 1000 ns
INFO: [USF-XSim-96] XSim completed. Design snapshot 'tb_chronometer_behav' loaded.
INFO: [USF-XSim-97] XSim simulation ran for 1000 ns
launch_simulation: Time (s): cpu = 00:00:01 ; elapsed = 00:00:07 . Memory (MB): peak = 3602.602 ; gain = 0.000
close_sim
INFO: [Simtcl 6-16] Simulation closed
