Copyright 1986-2022 Xilinx, Inc. All Rights Reserved. Copyright 2022-2023 Advanced Micro Devices, Inc. All Rights Reserved.
------------------------------------------------------------------------------------------------------------------------------------------------------------------------------------------------------------------------------
| Tool Version : Vivado v.2023.1 (win64) Build 3865809 Sun May  7 15:05:29 MDT 2023
| Date         : Sat Dec 28 18:24:20 2024
| Host         : DESKTOP-4MKFJFT running 64-bit major release  (build 9200)
| Command      : report_timing_summary -max_paths 10 -report_unconstrained -file board_booth_timing_summary_routed.rpt -pb board_booth_timing_summary_routed.pb -rpx board_booth_timing_summary_routed.rpx -warn_on_violation
| Design       : board_booth
| Device       : 7a100t-csg324
| Speed File   : -1  PRODUCTION 1.23 2018-06-13
| Design State : Routed
------------------------------------------------------------------------------------------------------------------------------------------------------------------------------------------------------------------------------

Timing Summary Report

------------------------------------------------------------------------------------------------
| Timer Settings
| --------------
------------------------------------------------------------------------------------------------

  Enable Multi Corner Analysis               :  Yes
  Enable Pessimism Removal                   :  Yes
  Pessimism Removal Resolution               :  Nearest Common Node
  Enable Input Delay Default Clock           :  No
  Enable Preset / Clear Arcs                 :  No
  Disable Flight Delays                      :  No
  Ignore I/O Paths                           :  No
  Timing Early Launch at Borrowing Latches   :  No
  Borrow Time for Max Delay Exceptions       :  Yes
  Merge Timing Exceptions                    :  Yes

  Corner  Analyze    Analyze    
  Name    Max Paths  Min Paths  
  ------  ---------  ---------  
  Slow    Yes        Yes        
  Fast    Yes        Yes        


------------------------------------------------------------------------------------------------
| Report Methodology
| ------------------
------------------------------------------------------------------------------------------------

Rule       Severity  Description                    Violations  
---------  --------  -----------------------------  ----------  
TIMING-18  Warning   Missing input or output delay  35          

Note: This report is based on the most recent report_methodology run and may not be up-to-date. Run report_methodology on the current design for the latest report.



check_timing report

Table of Contents
-----------------
1. checking no_clock (0)
2. checking constant_clock (0)
3. checking pulse_width_clock (0)
4. checking unconstrained_internal_endpoints (0)
5. checking no_input_delay (18)
6. checking no_output_delay (16)
7. checking multiple_clock (0)
8. checking generated_clocks (0)
9. checking loops (0)
10. checking partial_input_delay (0)
11. checking partial_output_delay (0)
12. checking latch_loops (0)

1. checking no_clock (0)
------------------------
 There are 0 register/latch pins with no clock.


2. checking constant_clock (0)
------------------------------
 There are 0 register/latch pins with constant_clock.


3. checking pulse_width_clock (0)
---------------------------------
 There are 0 register/latch pins which need pulse_width check


4. checking unconstrained_internal_endpoints (0)
------------------------------------------------
 There are 0 pins that are not constrained for maximum delay.

 There are 0 pins that are not constrained for maximum delay due to constant clock.


5. checking no_input_delay (18)
-------------------------------
 There are 18 input ports with no input delay specified. (HIGH)

 There are 0 input ports with no input delay but user has a false path constraint.


6. checking no_output_delay (16)
--------------------------------
 There are 16 ports with no output delay specified. (HIGH)

 There are 0 ports with no output delay but user has a false path constraint

 There are 0 ports with no output delay but with a timing clock defined on it or propagating through it


7. checking multiple_clock (0)
------------------------------
 There are 0 register/latch pins with multiple clocks.


8. checking generated_clocks (0)
--------------------------------
 There are 0 generated clocks that are not connected to a clock source.


9. checking loops (0)
---------------------
 There are 0 combinational loops in the design.


10. checking partial_input_delay (0)
------------------------------------
 There are 0 input ports with partial input delay specified.


11. checking partial_output_delay (0)
-------------------------------------
 There are 0 ports with partial output delay specified.


12. checking latch_loops (0)
----------------------------
 There are 0 combinational latch loops in the design through latch input



------------------------------------------------------------------------------------------------
| Design Timing Summary
| ---------------------
------------------------------------------------------------------------------------------------

    WNS(ns)      TNS(ns)  TNS Failing Endpoints  TNS Total Endpoints      WHS(ns)      THS(ns)  THS Failing Endpoints  THS Total Endpoints     WPWS(ns)     TPWS(ns)  TPWS Failing Endpoints  TPWS Total Endpoints  
    -------      -------  ---------------------  -------------------      -------      -------  ---------------------  -------------------     --------     --------  ----------------------  --------------------  
      5.074        0.000                      0                  352        0.116        0.000                      0                  352        4.500        0.000                       0                   151  


All user specified timing constraints are met.


------------------------------------------------------------------------------------------------
| Clock Summary
| -------------
------------------------------------------------------------------------------------------------

Clock        Waveform(ns)       Period(ns)      Frequency(MHz)
-----        ------------       ----------      --------------
sys_clk_pin  {0.000 5.000}      10.000          100.000         


------------------------------------------------------------------------------------------------
| Intra Clock Table
| -----------------
------------------------------------------------------------------------------------------------

Clock             WNS(ns)      TNS(ns)  TNS Failing Endpoints  TNS Total Endpoints      WHS(ns)      THS(ns)  THS Failing Endpoints  THS Total Endpoints     WPWS(ns)     TPWS(ns)  TPWS Failing Endpoints  TPWS Total Endpoints  
-----             -------      -------  ---------------------  -------------------      -------      -------  ---------------------  -------------------     --------     --------  ----------------------  --------------------  
sys_clk_pin         5.074        0.000                      0                  352        0.116        0.000                      0                  352        4.500        0.000                       0                   151  


------------------------------------------------------------------------------------------------
| Inter Clock Table
| -----------------
------------------------------------------------------------------------------------------------

From Clock    To Clock          WNS(ns)      TNS(ns)  TNS Failing Endpoints  TNS Total Endpoints      WHS(ns)      THS(ns)  THS Failing Endpoints  THS Total Endpoints  
----------    --------          -------      -------  ---------------------  -------------------      -------      -------  ---------------------  -------------------  


------------------------------------------------------------------------------------------------
| Other Path Groups Table
| -----------------------
------------------------------------------------------------------------------------------------

Path Group    From Clock    To Clock          WNS(ns)      TNS(ns)  TNS Failing Endpoints  TNS Total Endpoints      WHS(ns)      THS(ns)  THS Failing Endpoints  THS Total Endpoints  
----------    ----------    --------          -------      -------  ---------------------  -------------------      -------      -------  ---------------------  -------------------  


------------------------------------------------------------------------------------------------
| User Ignored Path Table
| -----------------------
------------------------------------------------------------------------------------------------

Path Group    From Clock    To Clock    
----------    ----------    --------    


------------------------------------------------------------------------------------------------
| Unconstrained Path Table
| ------------------------
------------------------------------------------------------------------------------------------

Path Group    From Clock    To Clock    
----------    ----------    --------    
(none)        sys_clk_pin                 
(none)                      sys_clk_pin   


------------------------------------------------------------------------------------------------
| Timing Details
| --------------
------------------------------------------------------------------------------------------------


---------------------------------------------------------------------------------------------------
From Clock:  sys_clk_pin
  To Clock:  sys_clk_pin

Setup :            0  Failing Endpoints,  Worst Slack        5.074ns,  Total Violation        0.000ns
Hold  :            0  Failing Endpoints,  Worst Slack        0.116ns,  Total Violation        0.000ns
PW    :            0  Failing Endpoints,  Worst Slack        4.500ns,  Total Violation        0.000ns
---------------------------------------------------------------------------------------------------


Max Delay Paths
--------------------------------------------------------------------------------------
Slack (MET) :             5.074ns  (required time - arrival time)
  Source:                 bd_start/deb.count_reg[28]/C
                            (rising edge-triggered cell FDRE clocked by sys_clk_pin  {rise@0.000ns fall@5.000ns period=10.000ns})
  Destination:            bd_start/deb.count_reg[29]/R
                            (rising edge-triggered cell FDRE clocked by sys_clk_pin  {rise@0.000ns fall@5.000ns period=10.000ns})
  Path Group:             sys_clk_pin
  Path Type:              Setup (Max at Slow Process Corner)
  Requirement:            10.000ns  (sys_clk_pin rise@10.000ns - sys_clk_pin rise@0.000ns)
  Data Path Delay:        4.438ns  (logic 0.952ns (21.453%)  route 3.486ns (78.547%))
  Logic Levels:           4  (LUT2=1 LUT4=2 LUT5=1)
  Clock Path Skew:        -0.024ns (DCD - SCD + CPR)
    Destination Clock Delay (DCD):    5.027ns = ( 15.027 - 10.000 ) 
    Source Clock Delay      (SCD):    5.326ns
    Clock Pessimism Removal (CPR):    0.275ns
  Clock Uncertainty:      0.035ns  ((TSJ^2 + TIJ^2)^1/2 + DJ) / 2 + PE
    Total System Jitter     (TSJ):    0.071ns
    Total Input Jitter      (TIJ):    0.000ns
    Discrete Jitter          (DJ):    0.000ns
    Phase Error              (PE):    0.000ns

    Location             Delay type                Incr(ns)  Path(ns)    Netlist Resource(s)
  -------------------------------------------------------------------    -------------------
                         (clock sys_clk_pin rise edge)
                                                      0.000     0.000 r  
    E3                                                0.000     0.000 r  clk (IN)
                         net (fo=0)                   0.000     0.000    clk
    E3                   IBUF (Prop_ibuf_I_O)         1.482     1.482 r  clk_IBUF_inst/O
                         net (fo=1, routed)           2.025     3.506    clk_IBUF
    BUFGCTRL_X0Y16       BUFG (Prop_bufg_I_O)         0.096     3.602 r  clk_IBUF_BUFG_inst/O
                         net (fo=150, routed)         1.723     5.326    bd_start/clk_IBUF_BUFG
    SLICE_X0Y90          FDRE                                         r  bd_start/deb.count_reg[28]/C
  -------------------------------------------------------------------    -------------------
    SLICE_X0Y90          FDRE (Prop_fdre_C_Q)         0.456     5.782 f  bd_start/deb.count_reg[28]/Q
                         net (fo=2, routed)           0.814     6.595    bd_start/deb.count_reg_n_0_[28]
    SLICE_X1Y91          LUT4 (Prop_lut4_I1_O)        0.124     6.719 f  bd_start/FSM_sequential_BTN_state[1]_i_9__0/O
                         net (fo=1, routed)           0.401     7.121    bd_start/FSM_sequential_BTN_state[1]_i_9__0_n_0
    SLICE_X1Y90          LUT5 (Prop_lut5_I4_O)        0.124     7.245 f  bd_start/FSM_sequential_BTN_state[1]_i_5__0/O
                         net (fo=1, routed)           0.857     8.102    bd_start/FSM_sequential_BTN_state[1]_i_5__0_n_0
    SLICE_X1Y86          LUT4 (Prop_lut4_I2_O)        0.124     8.226 f  bd_start/FSM_sequential_BTN_state[1]_i_2__0/O
                         net (fo=4, routed)           0.313     8.539    bd_start/FSM_sequential_BTN_state[1]_i_2__0_n_0
    SLICE_X1Y85          LUT2 (Prop_lut2_I0_O)        0.124     8.663 r  bd_start/deb.count[31]_i_1__0/O
                         net (fo=31, routed)          1.100     9.763    bd_start/deb.count[31]_i_1__0_n_0
    SLICE_X0Y91          FDRE                                         r  bd_start/deb.count_reg[29]/R
  -------------------------------------------------------------------    -------------------

                         (clock sys_clk_pin rise edge)
                                                     10.000    10.000 r  
    E3                                                0.000    10.000 r  clk (IN)
                         net (fo=0)                   0.000    10.000    clk
    E3                   IBUF (Prop_ibuf_I_O)         1.411    11.411 r  clk_IBUF_inst/O
                         net (fo=1, routed)           1.920    13.331    clk_IBUF
    BUFGCTRL_X0Y16       BUFG (Prop_bufg_I_O)         0.091    13.422 r  clk_IBUF_BUFG_inst/O
                         net (fo=150, routed)         1.604    15.027    bd_start/clk_IBUF_BUFG
    SLICE_X0Y91          FDRE                                         r  bd_start/deb.count_reg[29]/C
                         clock pessimism              0.275    15.302    
                         clock uncertainty           -0.035    15.266    
    SLICE_X0Y91          FDRE (Setup_fdre_C_R)       -0.429    14.837    bd_start/deb.count_reg[29]
  -------------------------------------------------------------------
                         required time                         14.837    
                         arrival time                          -9.763    
  -------------------------------------------------------------------
                         slack                                  5.074    

Slack (MET) :             5.074ns  (required time - arrival time)
  Source:                 bd_start/deb.count_reg[28]/C
                            (rising edge-triggered cell FDRE clocked by sys_clk_pin  {rise@0.000ns fall@5.000ns period=10.000ns})
  Destination:            bd_start/deb.count_reg[30]/R
                            (rising edge-triggered cell FDRE clocked by sys_clk_pin  {rise@0.000ns fall@5.000ns period=10.000ns})
  Path Group:             sys_clk_pin
  Path Type:              Setup (Max at Slow Process Corner)
  Requirement:            10.000ns  (sys_clk_pin rise@10.000ns - sys_clk_pin rise@0.000ns)
  Data Path Delay:        4.438ns  (logic 0.952ns (21.453%)  route 3.486ns (78.547%))
  Logic Levels:           4  (LUT2=1 LUT4=2 LUT5=1)
  Clock Path Skew:        -0.024ns (DCD - SCD + CPR)
    Destination Clock Delay (DCD):    5.027ns = ( 15.027 - 10.000 ) 
    Source Clock Delay      (SCD):    5.326ns
    Clock Pessimism Removal (CPR):    0.275ns
  Clock Uncertainty:      0.035ns  ((TSJ^2 + TIJ^2)^1/2 + DJ) / 2 + PE
    Total System Jitter     (TSJ):    0.071ns
    Total Input Jitter      (TIJ):    0.000ns
    Discrete Jitter          (DJ):    0.000ns
    Phase Error              (PE):    0.000ns

    Location             Delay type                Incr(ns)  Path(ns)    Netlist Resource(s)
  -------------------------------------------------------------------    -------------------
                         (clock sys_clk_pin rise edge)
                                                      0.000     0.000 r  
    E3                                                0.000     0.000 r  clk (IN)
                         net (fo=0)                   0.000     0.000    clk
    E3                   IBUF (Prop_ibuf_I_O)         1.482     1.482 r  clk_IBUF_inst/O
                         net (fo=1, routed)           2.025     3.506    clk_IBUF
    BUFGCTRL_X0Y16       BUFG (Prop_bufg_I_O)         0.096     3.602 r  clk_IBUF_BUFG_inst/O
                         net (fo=150, routed)         1.723     5.326    bd_start/clk_IBUF_BUFG
    SLICE_X0Y90          FDRE                                         r  bd_start/deb.count_reg[28]/C
  -------------------------------------------------------------------    -------------------
    SLICE_X0Y90          FDRE (Prop_fdre_C_Q)         0.456     5.782 f  bd_start/deb.count_reg[28]/Q
                         net (fo=2, routed)           0.814     6.595    bd_start/deb.count_reg_n_0_[28]
    SLICE_X1Y91          LUT4 (Prop_lut4_I1_O)        0.124     6.719 f  bd_start/FSM_sequential_BTN_state[1]_i_9__0/O
                         net (fo=1, routed)           0.401     7.121    bd_start/FSM_sequential_BTN_state[1]_i_9__0_n_0
    SLICE_X1Y90          LUT5 (Prop_lut5_I4_O)        0.124     7.245 f  bd_start/FSM_sequential_BTN_state[1]_i_5__0/O
                         net (fo=1, routed)           0.857     8.102    bd_start/FSM_sequential_BTN_state[1]_i_5__0_n_0
    SLICE_X1Y86          LUT4 (Prop_lut4_I2_O)        0.124     8.226 f  bd_start/FSM_sequential_BTN_state[1]_i_2__0/O
                         net (fo=4, routed)           0.313     8.539    bd_start/FSM_sequential_BTN_state[1]_i_2__0_n_0
    SLICE_X1Y85          LUT2 (Prop_lut2_I0_O)        0.124     8.663 r  bd_start/deb.count[31]_i_1__0/O
                         net (fo=31, routed)          1.100     9.763    bd_start/deb.count[31]_i_1__0_n_0
    SLICE_X0Y91          FDRE                                         r  bd_start/deb.count_reg[30]/R
  -------------------------------------------------------------------    -------------------

                         (clock sys_clk_pin rise edge)
                                                     10.000    10.000 r  
    E3                                                0.000    10.000 r  clk (IN)
                         net (fo=0)                   0.000    10.000    clk
    E3                   IBUF (Prop_ibuf_I_O)         1.411    11.411 r  clk_IBUF_inst/O
                         net (fo=1, routed)           1.920    13.331    clk_IBUF
    BUFGCTRL_X0Y16       BUFG (Prop_bufg_I_O)         0.091    13.422 r  clk_IBUF_BUFG_inst/O
                         net (fo=150, routed)         1.604    15.027    bd_start/clk_IBUF_BUFG
    SLICE_X0Y91          FDRE                                         r  bd_start/deb.count_reg[30]/C
                         clock pessimism              0.275    15.302    
                         clock uncertainty           -0.035    15.266    
    SLICE_X0Y91          FDRE (Setup_fdre_C_R)       -0.429    14.837    bd_start/deb.count_reg[30]
  -------------------------------------------------------------------
                         required time                         14.837    
                         arrival time                          -9.763    
  -------------------------------------------------------------------
                         slack                                  5.074    

Slack (MET) :             5.074ns  (required time - arrival time)
  Source:                 bd_start/deb.count_reg[28]/C
                            (rising edge-triggered cell FDRE clocked by sys_clk_pin  {rise@0.000ns fall@5.000ns period=10.000ns})
  Destination:            bd_start/deb.count_reg[31]/R
                            (rising edge-triggered cell FDRE clocked by sys_clk_pin  {rise@0.000ns fall@5.000ns period=10.000ns})
  Path Group:             sys_clk_pin
  Path Type:              Setup (Max at Slow Process Corner)
  Requirement:            10.000ns  (sys_clk_pin rise@10.000ns - sys_clk_pin rise@0.000ns)
  Data Path Delay:        4.438ns  (logic 0.952ns (21.453%)  route 3.486ns (78.547%))
  Logic Levels:           4  (LUT2=1 LUT4=2 LUT5=1)
  Clock Path Skew:        -0.024ns (DCD - SCD + CPR)
    Destination Clock Delay (DCD):    5.027ns = ( 15.027 - 10.000 ) 
    Source Clock Delay      (SCD):    5.326ns
    Clock Pessimism Removal (CPR):    0.275ns
  Clock Uncertainty:      0.035ns  ((TSJ^2 + TIJ^2)^1/2 + DJ) / 2 + PE
    Total System Jitter     (TSJ):    0.071ns
    Total Input Jitter      (TIJ):    0.000ns
    Discrete Jitter          (DJ):    0.000ns
    Phase Error              (PE):    0.000ns

    Location             Delay type                Incr(ns)  Path(ns)    Netlist Resource(s)
  -------------------------------------------------------------------    -------------------
                         (clock sys_clk_pin rise edge)
                                                      0.000     0.000 r  
    E3                                                0.000     0.000 r  clk (IN)
                         net (fo=0)                   0.000     0.000    clk
    E3                   IBUF (Prop_ibuf_I_O)         1.482     1.482 r  clk_IBUF_inst/O
                         net (fo=1, routed)           2.025     3.506    clk_IBUF
    BUFGCTRL_X0Y16       BUFG (Prop_bufg_I_O)         0.096     3.602 r  clk_IBUF_BUFG_inst/O
                         net (fo=150, routed)         1.723     5.326    bd_start/clk_IBUF_BUFG
    SLICE_X0Y90          FDRE                                         r  bd_start/deb.count_reg[28]/C
  -------------------------------------------------------------------    -------------------
    SLICE_X0Y90          FDRE (Prop_fdre_C_Q)         0.456     5.782 f  bd_start/deb.count_reg[28]/Q
                         net (fo=2, routed)           0.814     6.595    bd_start/deb.count_reg_n_0_[28]
    SLICE_X1Y91          LUT4 (Prop_lut4_I1_O)        0.124     6.719 f  bd_start/FSM_sequential_BTN_state[1]_i_9__0/O
                         net (fo=1, routed)           0.401     7.121    bd_start/FSM_sequential_BTN_state[1]_i_9__0_n_0
    SLICE_X1Y90          LUT5 (Prop_lut5_I4_O)        0.124     7.245 f  bd_start/FSM_sequential_BTN_state[1]_i_5__0/O
                         net (fo=1, routed)           0.857     8.102    bd_start/FSM_sequential_BTN_state[1]_i_5__0_n_0
    SLICE_X1Y86          LUT4 (Prop_lut4_I2_O)        0.124     8.226 f  bd_start/FSM_sequential_BTN_state[1]_i_2__0/O
                         net (fo=4, routed)           0.313     8.539    bd_start/FSM_sequential_BTN_state[1]_i_2__0_n_0
    SLICE_X1Y85          LUT2 (Prop_lut2_I0_O)        0.124     8.663 r  bd_start/deb.count[31]_i_1__0/O
                         net (fo=31, routed)          1.100     9.763    bd_start/deb.count[31]_i_1__0_n_0
    SLICE_X0Y91          FDRE                                         r  bd_start/deb.count_reg[31]/R
  -------------------------------------------------------------------    -------------------

                         (clock sys_clk_pin rise edge)
                                                     10.000    10.000 r  
    E3                                                0.000    10.000 r  clk (IN)
                         net (fo=0)                   0.000    10.000    clk
    E3                   IBUF (Prop_ibuf_I_O)         1.411    11.411 r  clk_IBUF_inst/O
                         net (fo=1, routed)           1.920    13.331    clk_IBUF
    BUFGCTRL_X0Y16       BUFG (Prop_bufg_I_O)         0.091    13.422 r  clk_IBUF_BUFG_inst/O
                         net (fo=150, routed)         1.604    15.027    bd_start/clk_IBUF_BUFG
    SLICE_X0Y91          FDRE                                         r  bd_start/deb.count_reg[31]/C
                         clock pessimism              0.275    15.302    
                         clock uncertainty           -0.035    15.266    
    SLICE_X0Y91          FDRE (Setup_fdre_C_R)       -0.429    14.837    bd_start/deb.count_reg[31]
  -------------------------------------------------------------------
                         required time                         14.837    
                         arrival time                          -9.763    
  -------------------------------------------------------------------
                         slack                                  5.074    

Slack (MET) :             5.236ns  (required time - arrival time)
  Source:                 bd_start/deb.count_reg[28]/C
                            (rising edge-triggered cell FDRE clocked by sys_clk_pin  {rise@0.000ns fall@5.000ns period=10.000ns})
  Destination:            bd_start/deb.count_reg[25]/R
                            (rising edge-triggered cell FDRE clocked by sys_clk_pin  {rise@0.000ns fall@5.000ns period=10.000ns})
  Path Group:             sys_clk_pin
  Path Type:              Setup (Max at Slow Process Corner)
  Requirement:            10.000ns  (sys_clk_pin rise@10.000ns - sys_clk_pin rise@0.000ns)
  Data Path Delay:        4.299ns  (logic 0.952ns (22.143%)  route 3.347ns (77.857%))
  Logic Levels:           4  (LUT2=1 LUT4=2 LUT5=1)
  Clock Path Skew:        0.000ns (DCD - SCD + CPR)
    Destination Clock Delay (DCD):    5.026ns = ( 15.026 - 10.000 ) 
    Source Clock Delay      (SCD):    5.326ns
    Clock Pessimism Removal (CPR):    0.300ns
  Clock Uncertainty:      0.035ns  ((TSJ^2 + TIJ^2)^1/2 + DJ) / 2 + PE
    Total System Jitter     (TSJ):    0.071ns
    Total Input Jitter      (TIJ):    0.000ns
    Discrete Jitter          (DJ):    0.000ns
    Phase Error              (PE):    0.000ns

    Location             Delay type                Incr(ns)  Path(ns)    Netlist Resource(s)
  -------------------------------------------------------------------    -------------------
                         (clock sys_clk_pin rise edge)
                                                      0.000     0.000 r  
    E3                                                0.000     0.000 r  clk (IN)
                         net (fo=0)                   0.000     0.000    clk
    E3                   IBUF (Prop_ibuf_I_O)         1.482     1.482 r  clk_IBUF_inst/O
                         net (fo=1, routed)           2.025     3.506    clk_IBUF
    BUFGCTRL_X0Y16       BUFG (Prop_bufg_I_O)         0.096     3.602 r  clk_IBUF_BUFG_inst/O
                         net (fo=150, routed)         1.723     5.326    bd_start/clk_IBUF_BUFG
    SLICE_X0Y90          FDRE                                         r  bd_start/deb.count_reg[28]/C
  -------------------------------------------------------------------    -------------------
    SLICE_X0Y90          FDRE (Prop_fdre_C_Q)         0.456     5.782 f  bd_start/deb.count_reg[28]/Q
                         net (fo=2, routed)           0.814     6.595    bd_start/deb.count_reg_n_0_[28]
    SLICE_X1Y91          LUT4 (Prop_lut4_I1_O)        0.124     6.719 f  bd_start/FSM_sequential_BTN_state[1]_i_9__0/O
                         net (fo=1, routed)           0.401     7.121    bd_start/FSM_sequential_BTN_state[1]_i_9__0_n_0
    SLICE_X1Y90          LUT5 (Prop_lut5_I4_O)        0.124     7.245 f  bd_start/FSM_sequential_BTN_state[1]_i_5__0/O
                         net (fo=1, routed)           0.857     8.102    bd_start/FSM_sequential_BTN_state[1]_i_5__0_n_0
    SLICE_X1Y86          LUT4 (Prop_lut4_I2_O)        0.124     8.226 f  bd_start/FSM_sequential_BTN_state[1]_i_2__0/O
                         net (fo=4, routed)           0.313     8.539    bd_start/FSM_sequential_BTN_state[1]_i_2__0_n_0
    SLICE_X1Y85          LUT2 (Prop_lut2_I0_O)        0.124     8.663 r  bd_start/deb.count[31]_i_1__0/O
                         net (fo=31, routed)          0.962     9.625    bd_start/deb.count[31]_i_1__0_n_0
    SLICE_X0Y90          FDRE                                         r  bd_start/deb.count_reg[25]/R
  -------------------------------------------------------------------    -------------------

                         (clock sys_clk_pin rise edge)
                                                     10.000    10.000 r  
    E3                                                0.000    10.000 r  clk (IN)
                         net (fo=0)                   0.000    10.000    clk
    E3                   IBUF (Prop_ibuf_I_O)         1.411    11.411 r  clk_IBUF_inst/O
                         net (fo=1, routed)           1.920    13.331    clk_IBUF
    BUFGCTRL_X0Y16       BUFG (Prop_bufg_I_O)         0.091    13.422 r  clk_IBUF_BUFG_inst/O
                         net (fo=150, routed)         1.603    15.026    bd_start/clk_IBUF_BUFG
    SLICE_X0Y90          FDRE                                         r  bd_start/deb.count_reg[25]/C
                         clock pessimism              0.300    15.326    
                         clock uncertainty           -0.035    15.290    
    SLICE_X0Y90          FDRE (Setup_fdre_C_R)       -0.429    14.861    bd_start/deb.count_reg[25]
  -------------------------------------------------------------------
                         required time                         14.861    
                         arrival time                          -9.625    
  -------------------------------------------------------------------
                         slack                                  5.236    

Slack (MET) :             5.236ns  (required time - arrival time)
  Source:                 bd_start/deb.count_reg[28]/C
                            (rising edge-triggered cell FDRE clocked by sys_clk_pin  {rise@0.000ns fall@5.000ns period=10.000ns})
  Destination:            bd_start/deb.count_reg[26]/R
                            (rising edge-triggered cell FDRE clocked by sys_clk_pin  {rise@0.000ns fall@5.000ns period=10.000ns})
  Path Group:             sys_clk_pin
  Path Type:              Setup (Max at Slow Process Corner)
  Requirement:            10.000ns  (sys_clk_pin rise@10.000ns - sys_clk_pin rise@0.000ns)
  Data Path Delay:        4.299ns  (logic 0.952ns (22.143%)  route 3.347ns (77.857%))
  Logic Levels:           4  (LUT2=1 LUT4=2 LUT5=1)
  Clock Path Skew:        0.000ns (DCD - SCD + CPR)
    Destination Clock Delay (DCD):    5.026ns = ( 15.026 - 10.000 ) 
    Source Clock Delay      (SCD):    5.326ns
    Clock Pessimism Removal (CPR):    0.300ns
  Clock Uncertainty:      0.035ns  ((TSJ^2 + TIJ^2)^1/2 + DJ) / 2 + PE
    Total System Jitter     (TSJ):    0.071ns
    Total Input Jitter      (TIJ):    0.000ns
    Discrete Jitter          (DJ):    0.000ns
    Phase Error              (PE):    0.000ns

    Location             Delay type                Incr(ns)  Path(ns)    Netlist Resource(s)
  -------------------------------------------------------------------    -------------------
                         (clock sys_clk_pin rise edge)
                                                      0.000     0.000 r  
    E3                                                0.000     0.000 r  clk (IN)
                         net (fo=0)                   0.000     0.000    clk
    E3                   IBUF (Prop_ibuf_I_O)         1.482     1.482 r  clk_IBUF_inst/O
                         net (fo=1, routed)           2.025     3.506    clk_IBUF
    BUFGCTRL_X0Y16       BUFG (Prop_bufg_I_O)         0.096     3.602 r  clk_IBUF_BUFG_inst/O
                         net (fo=150, routed)         1.723     5.326    bd_start/clk_IBUF_BUFG
    SLICE_X0Y90          FDRE                                         r  bd_start/deb.count_reg[28]/C
  -------------------------------------------------------------------    -------------------
    SLICE_X0Y90          FDRE (Prop_fdre_C_Q)         0.456     5.782 f  bd_start/deb.count_reg[28]/Q
                         net (fo=2, routed)           0.814     6.595    bd_start/deb.count_reg_n_0_[28]
    SLICE_X1Y91          LUT4 (Prop_lut4_I1_O)        0.124     6.719 f  bd_start/FSM_sequential_BTN_state[1]_i_9__0/O
                         net (fo=1, routed)           0.401     7.121    bd_start/FSM_sequential_BTN_state[1]_i_9__0_n_0
    SLICE_X1Y90          LUT5 (Prop_lut5_I4_O)        0.124     7.245 f  bd_start/FSM_sequential_BTN_state[1]_i_5__0/O
                         net (fo=1, routed)           0.857     8.102    bd_start/FSM_sequential_BTN_state[1]_i_5__0_n_0
    SLICE_X1Y86          LUT4 (Prop_lut4_I2_O)        0.124     8.226 f  bd_start/FSM_sequential_BTN_state[1]_i_2__0/O
                         net (fo=4, routed)           0.313     8.539    bd_start/FSM_sequential_BTN_state[1]_i_2__0_n_0
    SLICE_X1Y85          LUT2 (Prop_lut2_I0_O)        0.124     8.663 r  bd_start/deb.count[31]_i_1__0/O
                         net (fo=31, routed)          0.962     9.625    bd_start/deb.count[31]_i_1__0_n_0
    SLICE_X0Y90          FDRE                                         r  bd_start/deb.count_reg[26]/R
  -------------------------------------------------------------------    -------------------

                         (clock sys_clk_pin rise edge)
                                                     10.000    10.000 r  
    E3                                                0.000    10.000 r  clk (IN)
                         net (fo=0)                   0.000    10.000    clk
    E3                   IBUF (Prop_ibuf_I_O)         1.411    11.411 r  clk_IBUF_inst/O
                         net (fo=1, routed)           1.920    13.331    clk_IBUF
    BUFGCTRL_X0Y16       BUFG (Prop_bufg_I_O)         0.091    13.422 r  clk_IBUF_BUFG_inst/O
                         net (fo=150, routed)         1.603    15.026    bd_start/clk_IBUF_BUFG
    SLICE_X0Y90          FDRE                                         r  bd_start/deb.count_reg[26]/C
                         clock pessimism              0.300    15.326    
                         clock uncertainty           -0.035    15.290    
    SLICE_X0Y90          FDRE (Setup_fdre_C_R)       -0.429    14.861    bd_start/deb.count_reg[26]
  -------------------------------------------------------------------
                         required time                         14.861    
                         arrival time                          -9.625    
  -------------------------------------------------------------------
                         slack                                  5.236    

Slack (MET) :             5.236ns  (required time - arrival time)
  Source:                 bd_start/deb.count_reg[28]/C
                            (rising edge-triggered cell FDRE clocked by sys_clk_pin  {rise@0.000ns fall@5.000ns period=10.000ns})
  Destination:            bd_start/deb.count_reg[27]/R
                            (rising edge-triggered cell FDRE clocked by sys_clk_pin  {rise@0.000ns fall@5.000ns period=10.000ns})
  Path Group:             sys_clk_pin
  Path Type:              Setup (Max at Slow Process Corner)
  Requirement:            10.000ns  (sys_clk_pin rise@10.000ns - sys_clk_pin rise@0.000ns)
  Data Path Delay:        4.299ns  (logic 0.952ns (22.143%)  route 3.347ns (77.857%))
  Logic Levels:           4  (LUT2=1 LUT4=2 LUT5=1)
  Clock Path Skew:        0.000ns (DCD - SCD + CPR)
    Destination Clock Delay (DCD):    5.026ns = ( 15.026 - 10.000 ) 
    Source Clock Delay      (SCD):    5.326ns
    Clock Pessimism Removal (CPR):    0.300ns
  Clock Uncertainty:      0.035ns  ((TSJ^2 + TIJ^2)^1/2 + DJ) / 2 + PE
    Total System Jitter     (TSJ):    0.071ns
    Total Input Jitter      (TIJ):    0.000ns
    Discrete Jitter          (DJ):    0.000ns
    Phase Error              (PE):    0.000ns

    Location             Delay type                Incr(ns)  Path(ns)    Netlist Resource(s)
  -------------------------------------------------------------------    -------------------
                         (clock sys_clk_pin rise edge)
                                                      0.000     0.000 r  
    E3                                                0.000     0.000 r  clk (IN)
                         net (fo=0)                   0.000     0.000    clk
    E3                   IBUF (Prop_ibuf_I_O)         1.482     1.482 r  clk_IBUF_inst/O
                         net (fo=1, routed)           2.025     3.506    clk_IBUF
    BUFGCTRL_X0Y16       BUFG (Prop_bufg_I_O)         0.096     3.602 r  clk_IBUF_BUFG_inst/O
                         net (fo=150, routed)         1.723     5.326    bd_start/clk_IBUF_BUFG
    SLICE_X0Y90          FDRE                                         r  bd_start/deb.count_reg[28]/C
  -------------------------------------------------------------------    -------------------
    SLICE_X0Y90          FDRE (Prop_fdre_C_Q)         0.456     5.782 f  bd_start/deb.count_reg[28]/Q
                         net (fo=2, routed)           0.814     6.595    bd_start/deb.count_reg_n_0_[28]
    SLICE_X1Y91          LUT4 (Prop_lut4_I1_O)        0.124     6.719 f  bd_start/FSM_sequential_BTN_state[1]_i_9__0/O
                         net (fo=1, routed)           0.401     7.121    bd_start/FSM_sequential_BTN_state[1]_i_9__0_n_0
    SLICE_X1Y90          LUT5 (Prop_lut5_I4_O)        0.124     7.245 f  bd_start/FSM_sequential_BTN_state[1]_i_5__0/O
                         net (fo=1, routed)           0.857     8.102    bd_start/FSM_sequential_BTN_state[1]_i_5__0_n_0
    SLICE_X1Y86          LUT4 (Prop_lut4_I2_O)        0.124     8.226 f  bd_start/FSM_sequential_BTN_state[1]_i_2__0/O
                         net (fo=4, routed)           0.313     8.539    bd_start/FSM_sequential_BTN_state[1]_i_2__0_n_0
    SLICE_X1Y85          LUT2 (Prop_lut2_I0_O)        0.124     8.663 r  bd_start/deb.count[31]_i_1__0/O
                         net (fo=31, routed)          0.962     9.625    bd_start/deb.count[31]_i_1__0_n_0
    SLICE_X0Y90          FDRE                                         r  bd_start/deb.count_reg[27]/R
  -------------------------------------------------------------------    -------------------

                         (clock sys_clk_pin rise edge)
                                                     10.000    10.000 r  
    E3                                                0.000    10.000 r  clk (IN)
                         net (fo=0)                   0.000    10.000    clk
    E3                   IBUF (Prop_ibuf_I_O)         1.411    11.411 r  clk_IBUF_inst/O
                         net (fo=1, routed)           1.920    13.331    clk_IBUF
    BUFGCTRL_X0Y16       BUFG (Prop_bufg_I_O)         0.091    13.422 r  clk_IBUF_BUFG_inst/O
                         net (fo=150, routed)         1.603    15.026    bd_start/clk_IBUF_BUFG
    SLICE_X0Y90          FDRE                                         r  bd_start/deb.count_reg[27]/C
                         clock pessimism              0.300    15.326    
                         clock uncertainty           -0.035    15.290    
    SLICE_X0Y90          FDRE (Setup_fdre_C_R)       -0.429    14.861    bd_start/deb.count_reg[27]
  -------------------------------------------------------------------
                         required time                         14.861    
                         arrival time                          -9.625    
  -------------------------------------------------------------------
                         slack                                  5.236    

Slack (MET) :             5.236ns  (required time - arrival time)
  Source:                 bd_start/deb.count_reg[28]/C
                            (rising edge-triggered cell FDRE clocked by sys_clk_pin  {rise@0.000ns fall@5.000ns period=10.000ns})
  Destination:            bd_start/deb.count_reg[28]/R
                            (rising edge-triggered cell FDRE clocked by sys_clk_pin  {rise@0.000ns fall@5.000ns period=10.000ns})
  Path Group:             sys_clk_pin
  Path Type:              Setup (Max at Slow Process Corner)
  Requirement:            10.000ns  (sys_clk_pin rise@10.000ns - sys_clk_pin rise@0.000ns)
  Data Path Delay:        4.299ns  (logic 0.952ns (22.143%)  route 3.347ns (77.857%))
  Logic Levels:           4  (LUT2=1 LUT4=2 LUT5=1)
  Clock Path Skew:        0.000ns (DCD - SCD + CPR)
    Destination Clock Delay (DCD):    5.026ns = ( 15.026 - 10.000 ) 
    Source Clock Delay      (SCD):    5.326ns
    Clock Pessimism Removal (CPR):    0.300ns
  Clock Uncertainty:      0.035ns  ((TSJ^2 + TIJ^2)^1/2 + DJ) / 2 + PE
    Total System Jitter     (TSJ):    0.071ns
    Total Input Jitter      (TIJ):    0.000ns
    Discrete Jitter          (DJ):    0.000ns
    Phase Error              (PE):    0.000ns

    Location             Delay type                Incr(ns)  Path(ns)    Netlist Resource(s)
  -------------------------------------------------------------------    -------------------
                         (clock sys_clk_pin rise edge)
                                                      0.000     0.000 r  
    E3                                                0.000     0.000 r  clk (IN)
                         net (fo=0)                   0.000     0.000    clk
    E3                   IBUF (Prop_ibuf_I_O)         1.482     1.482 r  clk_IBUF_inst/O
                         net (fo=1, routed)           2.025     3.506    clk_IBUF
    BUFGCTRL_X0Y16       BUFG (Prop_bufg_I_O)         0.096     3.602 r  clk_IBUF_BUFG_inst/O
                         net (fo=150, routed)         1.723     5.326    bd_start/clk_IBUF_BUFG
    SLICE_X0Y90          FDRE                                         r  bd_start/deb.count_reg[28]/C
  -------------------------------------------------------------------    -------------------
    SLICE_X0Y90          FDRE (Prop_fdre_C_Q)         0.456     5.782 f  bd_start/deb.count_reg[28]/Q
                         net (fo=2, routed)           0.814     6.595    bd_start/deb.count_reg_n_0_[28]
    SLICE_X1Y91          LUT4 (Prop_lut4_I1_O)        0.124     6.719 f  bd_start/FSM_sequential_BTN_state[1]_i_9__0/O
                         net (fo=1, routed)           0.401     7.121    bd_start/FSM_sequential_BTN_state[1]_i_9__0_n_0
    SLICE_X1Y90          LUT5 (Prop_lut5_I4_O)        0.124     7.245 f  bd_start/FSM_sequential_BTN_state[1]_i_5__0/O
                         net (fo=1, routed)           0.857     8.102    bd_start/FSM_sequential_BTN_state[1]_i_5__0_n_0
    SLICE_X1Y86          LUT4 (Prop_lut4_I2_O)        0.124     8.226 f  bd_start/FSM_sequential_BTN_state[1]_i_2__0/O
                         net (fo=4, routed)           0.313     8.539    bd_start/FSM_sequential_BTN_state[1]_i_2__0_n_0
    SLICE_X1Y85          LUT2 (Prop_lut2_I0_O)        0.124     8.663 r  bd_start/deb.count[31]_i_1__0/O
                         net (fo=31, routed)          0.962     9.625    bd_start/deb.count[31]_i_1__0_n_0
    SLICE_X0Y90          FDRE                                         r  bd_start/deb.count_reg[28]/R
  -------------------------------------------------------------------    -------------------

                         (clock sys_clk_pin rise edge)
                                                     10.000    10.000 r  
    E3                                                0.000    10.000 r  clk (IN)
                         net (fo=0)                   0.000    10.000    clk
    E3                   IBUF (Prop_ibuf_I_O)         1.411    11.411 r  clk_IBUF_inst/O
                         net (fo=1, routed)           1.920    13.331    clk_IBUF
    BUFGCTRL_X0Y16       BUFG (Prop_bufg_I_O)         0.091    13.422 r  clk_IBUF_BUFG_inst/O
                         net (fo=150, routed)         1.603    15.026    bd_start/clk_IBUF_BUFG
    SLICE_X0Y90          FDRE                                         r  bd_start/deb.count_reg[28]/C
                         clock pessimism              0.300    15.326    
                         clock uncertainty           -0.035    15.290    
    SLICE_X0Y90          FDRE (Setup_fdre_C_R)       -0.429    14.861    bd_start/deb.count_reg[28]
  -------------------------------------------------------------------
                         required time                         14.861    
                         arrival time                          -9.625    
  -------------------------------------------------------------------
                         slack                                  5.236    

Slack (MET) :             5.360ns  (required time - arrival time)
  Source:                 bd_start/deb.count_reg[28]/C
                            (rising edge-triggered cell FDRE clocked by sys_clk_pin  {rise@0.000ns fall@5.000ns period=10.000ns})
  Destination:            bd_start/deb.count_reg[21]/R
                            (rising edge-triggered cell FDRE clocked by sys_clk_pin  {rise@0.000ns fall@5.000ns period=10.000ns})
  Path Group:             sys_clk_pin
  Path Type:              Setup (Max at Slow Process Corner)
  Requirement:            10.000ns  (sys_clk_pin rise@10.000ns - sys_clk_pin rise@0.000ns)
  Data Path Delay:        4.151ns  (logic 0.952ns (22.934%)  route 3.199ns (77.065%))
  Logic Levels:           4  (LUT2=1 LUT4=2 LUT5=1)
  Clock Path Skew:        -0.025ns (DCD - SCD + CPR)
    Destination Clock Delay (DCD):    5.026ns = ( 15.026 - 10.000 ) 
    Source Clock Delay      (SCD):    5.326ns
    Clock Pessimism Removal (CPR):    0.275ns
  Clock Uncertainty:      0.035ns  ((TSJ^2 + TIJ^2)^1/2 + DJ) / 2 + PE
    Total System Jitter     (TSJ):    0.071ns
    Total Input Jitter      (TIJ):    0.000ns
    Discrete Jitter          (DJ):    0.000ns
    Phase Error              (PE):    0.000ns

    Location             Delay type                Incr(ns)  Path(ns)    Netlist Resource(s)
  -------------------------------------------------------------------    -------------------
                         (clock sys_clk_pin rise edge)
                                                      0.000     0.000 r  
    E3                                                0.000     0.000 r  clk (IN)
                         net (fo=0)                   0.000     0.000    clk
    E3                   IBUF (Prop_ibuf_I_O)         1.482     1.482 r  clk_IBUF_inst/O
                         net (fo=1, routed)           2.025     3.506    clk_IBUF
    BUFGCTRL_X0Y16       BUFG (Prop_bufg_I_O)         0.096     3.602 r  clk_IBUF_BUFG_inst/O
                         net (fo=150, routed)         1.723     5.326    bd_start/clk_IBUF_BUFG
    SLICE_X0Y90          FDRE                                         r  bd_start/deb.count_reg[28]/C
  -------------------------------------------------------------------    -------------------
    SLICE_X0Y90          FDRE (Prop_fdre_C_Q)         0.456     5.782 f  bd_start/deb.count_reg[28]/Q
                         net (fo=2, routed)           0.814     6.595    bd_start/deb.count_reg_n_0_[28]
    SLICE_X1Y91          LUT4 (Prop_lut4_I1_O)        0.124     6.719 f  bd_start/FSM_sequential_BTN_state[1]_i_9__0/O
                         net (fo=1, routed)           0.401     7.121    bd_start/FSM_sequential_BTN_state[1]_i_9__0_n_0
    SLICE_X1Y90          LUT5 (Prop_lut5_I4_O)        0.124     7.245 f  bd_start/FSM_sequential_BTN_state[1]_i_5__0/O
                         net (fo=1, routed)           0.857     8.102    bd_start/FSM_sequential_BTN_state[1]_i_5__0_n_0
    SLICE_X1Y86          LUT4 (Prop_lut4_I2_O)        0.124     8.226 f  bd_start/FSM_sequential_BTN_state[1]_i_2__0/O
                         net (fo=4, routed)           0.313     8.539    bd_start/FSM_sequential_BTN_state[1]_i_2__0_n_0
    SLICE_X1Y85          LUT2 (Prop_lut2_I0_O)        0.124     8.663 r  bd_start/deb.count[31]_i_1__0/O
                         net (fo=31, routed)          0.814     9.477    bd_start/deb.count[31]_i_1__0_n_0
    SLICE_X0Y89          FDRE                                         r  bd_start/deb.count_reg[21]/R
  -------------------------------------------------------------------    -------------------

                         (clock sys_clk_pin rise edge)
                                                     10.000    10.000 r  
    E3                                                0.000    10.000 r  clk (IN)
                         net (fo=0)                   0.000    10.000    clk
    E3                   IBUF (Prop_ibuf_I_O)         1.411    11.411 r  clk_IBUF_inst/O
                         net (fo=1, routed)           1.920    13.331    clk_IBUF
    BUFGCTRL_X0Y16       BUFG (Prop_bufg_I_O)         0.091    13.422 r  clk_IBUF_BUFG_inst/O
                         net (fo=150, routed)         1.603    15.026    bd_start/clk_IBUF_BUFG
    SLICE_X0Y89          FDRE                                         r  bd_start/deb.count_reg[21]/C
                         clock pessimism              0.275    15.301    
                         clock uncertainty           -0.035    15.265    
    SLICE_X0Y89          FDRE (Setup_fdre_C_R)       -0.429    14.836    bd_start/deb.count_reg[21]
  -------------------------------------------------------------------
                         required time                         14.836    
                         arrival time                          -9.477    
  -------------------------------------------------------------------
                         slack                                  5.360    

Slack (MET) :             5.360ns  (required time - arrival time)
  Source:                 bd_start/deb.count_reg[28]/C
                            (rising edge-triggered cell FDRE clocked by sys_clk_pin  {rise@0.000ns fall@5.000ns period=10.000ns})
  Destination:            bd_start/deb.count_reg[22]/R
                            (rising edge-triggered cell FDRE clocked by sys_clk_pin  {rise@0.000ns fall@5.000ns period=10.000ns})
  Path Group:             sys_clk_pin
  Path Type:              Setup (Max at Slow Process Corner)
  Requirement:            10.000ns  (sys_clk_pin rise@10.000ns - sys_clk_pin rise@0.000ns)
  Data Path Delay:        4.151ns  (logic 0.952ns (22.934%)  route 3.199ns (77.065%))
  Logic Levels:           4  (LUT2=1 LUT4=2 LUT5=1)
  Clock Path Skew:        -0.025ns (DCD - SCD + CPR)
    Destination Clock Delay (DCD):    5.026ns = ( 15.026 - 10.000 ) 
    Source Clock Delay      (SCD):    5.326ns
    Clock Pessimism Removal (CPR):    0.275ns
  Clock Uncertainty:      0.035ns  ((TSJ^2 + TIJ^2)^1/2 + DJ) / 2 + PE
    Total System Jitter     (TSJ):    0.071ns
    Total Input Jitter      (TIJ):    0.000ns
    Discrete Jitter          (DJ):    0.000ns
    Phase Error              (PE):    0.000ns

    Location             Delay type                Incr(ns)  Path(ns)    Netlist Resource(s)
  -------------------------------------------------------------------    -------------------
                         (clock sys_clk_pin rise edge)
                                                      0.000     0.000 r  
    E3                                                0.000     0.000 r  clk (IN)
                         net (fo=0)                   0.000     0.000    clk
    E3                   IBUF (Prop_ibuf_I_O)         1.482     1.482 r  clk_IBUF_inst/O
                         net (fo=1, routed)           2.025     3.506    clk_IBUF
    BUFGCTRL_X0Y16       BUFG (Prop_bufg_I_O)         0.096     3.602 r  clk_IBUF_BUFG_inst/O
                         net (fo=150, routed)         1.723     5.326    bd_start/clk_IBUF_BUFG
    SLICE_X0Y90          FDRE                                         r  bd_start/deb.count_reg[28]/C
  -------------------------------------------------------------------    -------------------
    SLICE_X0Y90          FDRE (Prop_fdre_C_Q)         0.456     5.782 f  bd_start/deb.count_reg[28]/Q
                         net (fo=2, routed)           0.814     6.595    bd_start/deb.count_reg_n_0_[28]
    SLICE_X1Y91          LUT4 (Prop_lut4_I1_O)        0.124     6.719 f  bd_start/FSM_sequential_BTN_state[1]_i_9__0/O
                         net (fo=1, routed)           0.401     7.121    bd_start/FSM_sequential_BTN_state[1]_i_9__0_n_0
    SLICE_X1Y90          LUT5 (Prop_lut5_I4_O)        0.124     7.245 f  bd_start/FSM_sequential_BTN_state[1]_i_5__0/O
                         net (fo=1, routed)           0.857     8.102    bd_start/FSM_sequential_BTN_state[1]_i_5__0_n_0
    SLICE_X1Y86          LUT4 (Prop_lut4_I2_O)        0.124     8.226 f  bd_start/FSM_sequential_BTN_state[1]_i_2__0/O
                         net (fo=4, routed)           0.313     8.539    bd_start/FSM_sequential_BTN_state[1]_i_2__0_n_0
    SLICE_X1Y85          LUT2 (Prop_lut2_I0_O)        0.124     8.663 r  bd_start/deb.count[31]_i_1__0/O
                         net (fo=31, routed)          0.814     9.477    bd_start/deb.count[31]_i_1__0_n_0
    SLICE_X0Y89          FDRE                                         r  bd_start/deb.count_reg[22]/R
  -------------------------------------------------------------------    -------------------

                         (clock sys_clk_pin rise edge)
                                                     10.000    10.000 r  
    E3                                                0.000    10.000 r  clk (IN)
                         net (fo=0)                   0.000    10.000    clk
    E3                   IBUF (Prop_ibuf_I_O)         1.411    11.411 r  clk_IBUF_inst/O
                         net (fo=1, routed)           1.920    13.331    clk_IBUF
    BUFGCTRL_X0Y16       BUFG (Prop_bufg_I_O)         0.091    13.422 r  clk_IBUF_BUFG_inst/O
                         net (fo=150, routed)         1.603    15.026    bd_start/clk_IBUF_BUFG
    SLICE_X0Y89          FDRE                                         r  bd_start/deb.count_reg[22]/C
                         clock pessimism              0.275    15.301    
                         clock uncertainty           -0.035    15.265    
    SLICE_X0Y89          FDRE (Setup_fdre_C_R)       -0.429    14.836    bd_start/deb.count_reg[22]
  -------------------------------------------------------------------
                         required time                         14.836    
                         arrival time                          -9.477    
  -------------------------------------------------------------------
                         slack                                  5.360    

Slack (MET) :             5.360ns  (required time - arrival time)
  Source:                 bd_start/deb.count_reg[28]/C
                            (rising edge-triggered cell FDRE clocked by sys_clk_pin  {rise@0.000ns fall@5.000ns period=10.000ns})
  Destination:            bd_start/deb.count_reg[23]/R
                            (rising edge-triggered cell FDRE clocked by sys_clk_pin  {rise@0.000ns fall@5.000ns period=10.000ns})
  Path Group:             sys_clk_pin
  Path Type:              Setup (Max at Slow Process Corner)
  Requirement:            10.000ns  (sys_clk_pin rise@10.000ns - sys_clk_pin rise@0.000ns)
  Data Path Delay:        4.151ns  (logic 0.952ns (22.934%)  route 3.199ns (77.065%))
  Logic Levels:           4  (LUT2=1 LUT4=2 LUT5=1)
  Clock Path Skew:        -0.025ns (DCD - SCD + CPR)
    Destination Clock Delay (DCD):    5.026ns = ( 15.026 - 10.000 ) 
    Source Clock Delay      (SCD):    5.326ns
    Clock Pessimism Removal (CPR):    0.275ns
  Clock Uncertainty:      0.035ns  ((TSJ^2 + TIJ^2)^1/2 + DJ) / 2 + PE
    Total System Jitter     (TSJ):    0.071ns
    Total Input Jitter      (TIJ):    0.000ns
    Discrete Jitter          (DJ):    0.000ns
    Phase Error              (PE):    0.000ns

    Location             Delay type                Incr(ns)  Path(ns)    Netlist Resource(s)
  -------------------------------------------------------------------    -------------------
                         (clock sys_clk_pin rise edge)
                                                      0.000     0.000 r  
    E3                                                0.000     0.000 r  clk (IN)
                         net (fo=0)                   0.000     0.000    clk
    E3                   IBUF (Prop_ibuf_I_O)         1.482     1.482 r  clk_IBUF_inst/O
                         net (fo=1, routed)           2.025     3.506    clk_IBUF
    BUFGCTRL_X0Y16       BUFG (Prop_bufg_I_O)         0.096     3.602 r  clk_IBUF_BUFG_inst/O
                         net (fo=150, routed)         1.723     5.326    bd_start/clk_IBUF_BUFG
    SLICE_X0Y90          FDRE                                         r  bd_start/deb.count_reg[28]/C
  -------------------------------------------------------------------    -------------------
    SLICE_X0Y90          FDRE (Prop_fdre_C_Q)         0.456     5.782 f  bd_start/deb.count_reg[28]/Q
                         net (fo=2, routed)           0.814     6.595    bd_start/deb.count_reg_n_0_[28]
    SLICE_X1Y91          LUT4 (Prop_lut4_I1_O)        0.124     6.719 f  bd_start/FSM_sequential_BTN_state[1]_i_9__0/O
                         net (fo=1, routed)           0.401     7.121    bd_start/FSM_sequential_BTN_state[1]_i_9__0_n_0
    SLICE_X1Y90          LUT5 (Prop_lut5_I4_O)        0.124     7.245 f  bd_start/FSM_sequential_BTN_state[1]_i_5__0/O
                         net (fo=1, routed)           0.857     8.102    bd_start/FSM_sequential_BTN_state[1]_i_5__0_n_0
    SLICE_X1Y86          LUT4 (Prop_lut4_I2_O)        0.124     8.226 f  bd_start/FSM_sequential_BTN_state[1]_i_2__0/O
                         net (fo=4, routed)           0.313     8.539    bd_start/FSM_sequential_BTN_state[1]_i_2__0_n_0
    SLICE_X1Y85          LUT2 (Prop_lut2_I0_O)        0.124     8.663 r  bd_start/deb.count[31]_i_1__0/O
                         net (fo=31, routed)          0.814     9.477    bd_start/deb.count[31]_i_1__0_n_0
    SLICE_X0Y89          FDRE                                         r  bd_start/deb.count_reg[23]/R
  -------------------------------------------------------------------    -------------------

                         (clock sys_clk_pin rise edge)
                                                     10.000    10.000 r  
    E3                                                0.000    10.000 r  clk (IN)
                         net (fo=0)                   0.000    10.000    clk
    E3                   IBUF (Prop_ibuf_I_O)         1.411    11.411 r  clk_IBUF_inst/O
                         net (fo=1, routed)           1.920    13.331    clk_IBUF
    BUFGCTRL_X0Y16       BUFG (Prop_bufg_I_O)         0.091    13.422 r  clk_IBUF_BUFG_inst/O
                         net (fo=150, routed)         1.603    15.026    bd_start/clk_IBUF_BUFG
    SLICE_X0Y89          FDRE                                         r  bd_start/deb.count_reg[23]/C
                         clock pessimism              0.275    15.301    
                         clock uncertainty           -0.035    15.265    
    SLICE_X0Y89          FDRE (Setup_fdre_C_R)       -0.429    14.836    bd_start/deb.count_reg[23]
  -------------------------------------------------------------------
                         required time                         14.836    
                         arrival time                          -9.477    
  -------------------------------------------------------------------
                         slack                                  5.360    





Min Delay Paths
--------------------------------------------------------------------------------------
Slack (MET) :             0.116ns  (arrival time - required time)
  Source:                 booth_mul/count_reg/C
                            (rising edge-triggered cell FDRE clocked by sys_clk_pin  {rise@0.000ns fall@5.000ns period=10.000ns})
  Destination:            booth_mul/cnt/curr_count_reg[0]/D
                            (rising edge-triggered cell FDRE clocked by sys_clk_pin  {rise@0.000ns fall@5.000ns period=10.000ns})
  Path Group:             sys_clk_pin
  Path Type:              Hold (Min at Fast Process Corner)
  Requirement:            0.000ns  (sys_clk_pin rise@0.000ns - sys_clk_pin rise@0.000ns)
  Data Path Delay:        0.250ns  (logic 0.186ns (74.329%)  route 0.064ns (25.671%))
  Logic Levels:           1  (LUT3=1)
  Clock Path Skew:        0.013ns (DCD - SCD - CPR)
    Destination Clock Delay (DCD):    2.032ns
    Source Clock Delay      (SCD):    1.517ns
    Clock Pessimism Removal (CPR):    0.501ns

    Location             Delay type                Incr(ns)  Path(ns)    Netlist Resource(s)
  -------------------------------------------------------------------    -------------------
                         (clock sys_clk_pin rise edge)
                                                      0.000     0.000 r  
    E3                                                0.000     0.000 r  clk (IN)
                         net (fo=0)                   0.000     0.000    clk
    E3                   IBUF (Prop_ibuf_I_O)         0.250     0.250 r  clk_IBUF_inst/O
                         net (fo=1, routed)           0.644     0.894    clk_IBUF
    BUFGCTRL_X0Y16       BUFG (Prop_bufg_I_O)         0.026     0.920 r  clk_IBUF_BUFG_inst/O
                         net (fo=150, routed)         0.598     1.517    booth_mul/clk_IBUF_BUFG
    SLICE_X7Y83          FDRE                                         r  booth_mul/count_reg/C
  -------------------------------------------------------------------    -------------------
    SLICE_X7Y83          FDRE (Prop_fdre_C_Q)         0.141     1.658 r  booth_mul/count_reg/Q
                         net (fo=3, routed)           0.064     1.723    booth_mul/cnt/count
    SLICE_X6Y83          LUT3 (Prop_lut3_I1_O)        0.045     1.768 r  booth_mul/cnt/curr_count[0]_i_1/O
                         net (fo=1, routed)           0.000     1.768    booth_mul/cnt/curr_count[0]_i_1_n_0
    SLICE_X6Y83          FDRE                                         r  booth_mul/cnt/curr_count_reg[0]/D
  -------------------------------------------------------------------    -------------------

                         (clock sys_clk_pin rise edge)
                                                      0.000     0.000 r  
    E3                                                0.000     0.000 r  clk (IN)
                         net (fo=0)                   0.000     0.000    clk
    E3                   IBUF (Prop_ibuf_I_O)         0.438     0.438 r  clk_IBUF_inst/O
                         net (fo=1, routed)           0.699     1.136    clk_IBUF
    BUFGCTRL_X0Y16       BUFG (Prop_bufg_I_O)         0.029     1.165 r  clk_IBUF_BUFG_inst/O
                         net (fo=150, routed)         0.867     2.032    booth_mul/cnt/clk_IBUF_BUFG
    SLICE_X6Y83          FDRE                                         r  booth_mul/cnt/curr_count_reg[0]/C
                         clock pessimism             -0.501     1.530    
    SLICE_X6Y83          FDRE (Hold_fdre_C_D)         0.121     1.651    booth_mul/cnt/curr_count_reg[0]
  -------------------------------------------------------------------
                         required time                         -1.651    
                         arrival time                           1.768    
  -------------------------------------------------------------------
                         slack                                  0.116    

Slack (MET) :             0.129ns  (arrival time - required time)
  Source:                 booth_mul/AQ_sel_reg/C
                            (rising edge-triggered cell FDRE clocked by sys_clk_pin  {rise@0.000ns fall@5.000ns period=10.000ns})
  Destination:            booth_mul/AQ/reg_reg[4]/D
                            (rising edge-triggered cell FDRE clocked by sys_clk_pin  {rise@0.000ns fall@5.000ns period=10.000ns})
  Path Group:             sys_clk_pin
  Path Type:              Hold (Min at Fast Process Corner)
  Requirement:            0.000ns  (sys_clk_pin rise@0.000ns - sys_clk_pin rise@0.000ns)
  Data Path Delay:        0.263ns  (logic 0.186ns (70.630%)  route 0.077ns (29.370%))
  Logic Levels:           1  (LUT5=1)
  Clock Path Skew:        0.013ns (DCD - SCD - CPR)
    Destination Clock Delay (DCD):    2.037ns
    Source Clock Delay      (SCD):    1.519ns
    Clock Pessimism Removal (CPR):    0.504ns

    Location             Delay type                Incr(ns)  Path(ns)    Netlist Resource(s)
  -------------------------------------------------------------------    -------------------
                         (clock sys_clk_pin rise edge)
                                                      0.000     0.000 r  
    E3                                                0.000     0.000 r  clk (IN)
                         net (fo=0)                   0.000     0.000    clk
    E3                   IBUF (Prop_ibuf_I_O)         0.250     0.250 r  clk_IBUF_inst/O
                         net (fo=1, routed)           0.644     0.894    clk_IBUF
    BUFGCTRL_X0Y16       BUFG (Prop_bufg_I_O)         0.026     0.920 r  clk_IBUF_BUFG_inst/O
                         net (fo=150, routed)         0.600     1.519    booth_mul/clk_IBUF_BUFG
    SLICE_X3Y86          FDRE                                         r  booth_mul/AQ_sel_reg/C
  -------------------------------------------------------------------    -------------------
    SLICE_X3Y86          FDRE (Prop_fdre_C_Q)         0.141     1.660 r  booth_mul/AQ_sel_reg/Q
                         net (fo=17, routed)          0.077     1.738    booth_mul/AQ/AQ_sel
    SLICE_X2Y86          LUT5 (Prop_lut5_I1_O)        0.045     1.783 r  booth_mul/AQ/reg[4]_i_1/O
                         net (fo=1, routed)           0.000     1.783    booth_mul/AQ/p_1_in[4]
    SLICE_X2Y86          FDRE                                         r  booth_mul/AQ/reg_reg[4]/D
  -------------------------------------------------------------------    -------------------

                         (clock sys_clk_pin rise edge)
                                                      0.000     0.000 r  
    E3                                                0.000     0.000 r  clk (IN)
                         net (fo=0)                   0.000     0.000    clk
    E3                   IBUF (Prop_ibuf_I_O)         0.438     0.438 r  clk_IBUF_inst/O
                         net (fo=1, routed)           0.699     1.136    clk_IBUF
    BUFGCTRL_X0Y16       BUFG (Prop_bufg_I_O)         0.029     1.165 r  clk_IBUF_BUFG_inst/O
                         net (fo=150, routed)         0.872     2.037    booth_mul/AQ/clk_IBUF_BUFG
    SLICE_X2Y86          FDRE                                         r  booth_mul/AQ/reg_reg[4]/C
                         clock pessimism             -0.504     1.532    
    SLICE_X2Y86          FDRE (Hold_fdre_C_D)         0.121     1.653    booth_mul/AQ/reg_reg[4]
  -------------------------------------------------------------------
                         required time                         -1.653    
                         arrival time                           1.783    
  -------------------------------------------------------------------
                         slack                                  0.129    

Slack (MET) :             0.172ns  (arrival time - required time)
  Source:                 booth_mul/AQ/reg_reg[11]/C
                            (rising edge-triggered cell FDRE clocked by sys_clk_pin  {rise@0.000ns fall@5.000ns period=10.000ns})
  Destination:            booth_mul/result_temp_reg[10]/D
                            (rising edge-triggered cell FDRE clocked by sys_clk_pin  {rise@0.000ns fall@5.000ns period=10.000ns})
  Path Group:             sys_clk_pin
  Path Type:              Hold (Min at Fast Process Corner)
  Requirement:            0.000ns  (sys_clk_pin rise@0.000ns - sys_clk_pin rise@0.000ns)
  Data Path Delay:        0.277ns  (logic 0.141ns (50.837%)  route 0.136ns (49.163%))
  Logic Levels:           0  
  Clock Path Skew:        0.035ns (DCD - SCD - CPR)
    Destination Clock Delay (DCD):    2.034ns
    Source Clock Delay      (SCD):    1.519ns
    Clock Pessimism Removal (CPR):    0.479ns

    Location             Delay type                Incr(ns)  Path(ns)    Netlist Resource(s)
  -------------------------------------------------------------------    -------------------
                         (clock sys_clk_pin rise edge)
                                                      0.000     0.000 r  
    E3                                                0.000     0.000 r  clk (IN)
                         net (fo=0)                   0.000     0.000    clk
    E3                   IBUF (Prop_ibuf_I_O)         0.250     0.250 r  clk_IBUF_inst/O
                         net (fo=1, routed)           0.644     0.894    clk_IBUF
    BUFGCTRL_X0Y16       BUFG (Prop_bufg_I_O)         0.026     0.920 r  clk_IBUF_BUFG_inst/O
                         net (fo=150, routed)         0.600     1.519    booth_mul/AQ/clk_IBUF_BUFG
    SLICE_X3Y85          FDRE                                         r  booth_mul/AQ/reg_reg[11]/C
  -------------------------------------------------------------------    -------------------
    SLICE_X3Y85          FDRE (Prop_fdre_C_Q)         0.141     1.660 r  booth_mul/AQ/reg_reg[11]/Q
                         net (fo=5, routed)           0.136     1.797    booth_mul/AQ_out[11]
    SLICE_X7Y85          FDRE                                         r  booth_mul/result_temp_reg[10]/D
  -------------------------------------------------------------------    -------------------

                         (clock sys_clk_pin rise edge)
                                                      0.000     0.000 r  
    E3                                                0.000     0.000 r  clk (IN)
                         net (fo=0)                   0.000     0.000    clk
    E3                   IBUF (Prop_ibuf_I_O)         0.438     0.438 r  clk_IBUF_inst/O
                         net (fo=1, routed)           0.699     1.136    clk_IBUF
    BUFGCTRL_X0Y16       BUFG (Prop_bufg_I_O)         0.029     1.165 r  clk_IBUF_BUFG_inst/O
                         net (fo=150, routed)         0.869     2.034    booth_mul/clk_IBUF_BUFG
    SLICE_X7Y85          FDRE                                         r  booth_mul/result_temp_reg[10]/C
                         clock pessimism             -0.479     1.554    
    SLICE_X7Y85          FDRE (Hold_fdre_C_D)         0.070     1.624    booth_mul/result_temp_reg[10]
  -------------------------------------------------------------------
                         required time                         -1.624    
                         arrival time                           1.797    
  -------------------------------------------------------------------
                         slack                                  0.172    

Slack (MET) :             0.175ns  (arrival time - required time)
  Source:                 booth_mul/M/reg_reg[0]/C
                            (rising edge-triggered cell FDRE clocked by sys_clk_pin  {rise@0.000ns fall@5.000ns period=10.000ns})
  Destination:            booth_mul/AQ/reg_reg[9]/D
                            (rising edge-triggered cell FDRE clocked by sys_clk_pin  {rise@0.000ns fall@5.000ns period=10.000ns})
  Path Group:             sys_clk_pin
  Path Type:              Hold (Min at Fast Process Corner)
  Requirement:            0.000ns  (sys_clk_pin rise@0.000ns - sys_clk_pin rise@0.000ns)
  Data Path Delay:        0.310ns  (logic 0.186ns (60.034%)  route 0.124ns (39.966%))
  Logic Levels:           1  (LUT5=1)
  Clock Path Skew:        0.015ns (DCD - SCD - CPR)
    Destination Clock Delay (DCD):    2.034ns
    Source Clock Delay      (SCD):    1.518ns
    Clock Pessimism Removal (CPR):    0.500ns

    Location             Delay type                Incr(ns)  Path(ns)    Netlist Resource(s)
  -------------------------------------------------------------------    -------------------
                         (clock sys_clk_pin rise edge)
                                                      0.000     0.000 r  
    E3                                                0.000     0.000 r  clk (IN)
                         net (fo=0)                   0.000     0.000    clk
    E3                   IBUF (Prop_ibuf_I_O)         0.250     0.250 r  clk_IBUF_inst/O
                         net (fo=1, routed)           0.644     0.894    clk_IBUF
    BUFGCTRL_X0Y16       BUFG (Prop_bufg_I_O)         0.026     0.920 r  clk_IBUF_BUFG_inst/O
                         net (fo=150, routed)         0.599     1.518    booth_mul/M/clk_IBUF_BUFG
    SLICE_X4Y85          FDRE                                         r  booth_mul/M/reg_reg[0]/C
  -------------------------------------------------------------------    -------------------
    SLICE_X4Y85          FDRE (Prop_fdre_C_Q)         0.141     1.659 r  booth_mul/M/reg_reg[0]/Q
                         net (fo=3, routed)           0.124     1.783    booth_mul/AQ/reg_reg[9]_0[0]
    SLICE_X6Y85          LUT5 (Prop_lut5_I1_O)        0.045     1.828 r  booth_mul/AQ/reg[9]_i_1/O
                         net (fo=1, routed)           0.000     1.828    booth_mul/AQ/p_1_in[9]
    SLICE_X6Y85          FDRE                                         r  booth_mul/AQ/reg_reg[9]/D
  -------------------------------------------------------------------    -------------------

                         (clock sys_clk_pin rise edge)
                                                      0.000     0.000 r  
    E3                                                0.000     0.000 r  clk (IN)
                         net (fo=0)                   0.000     0.000    clk
    E3                   IBUF (Prop_ibuf_I_O)         0.438     0.438 r  clk_IBUF_inst/O
                         net (fo=1, routed)           0.699     1.136    clk_IBUF
    BUFGCTRL_X0Y16       BUFG (Prop_bufg_I_O)         0.029     1.165 r  clk_IBUF_BUFG_inst/O
                         net (fo=150, routed)         0.869     2.034    booth_mul/AQ/clk_IBUF_BUFG
    SLICE_X6Y85          FDRE                                         r  booth_mul/AQ/reg_reg[9]/C
                         clock pessimism             -0.500     1.533    
    SLICE_X6Y85          FDRE (Hold_fdre_C_D)         0.120     1.653    booth_mul/AQ/reg_reg[9]
  -------------------------------------------------------------------
                         required time                         -1.653    
                         arrival time                           1.828    
  -------------------------------------------------------------------
                         slack                                  0.175    

Slack (MET) :             0.186ns  (arrival time - required time)
  Source:                 booth_mul/AQ/reg_reg[0]/C
                            (rising edge-triggered cell FDRE clocked by sys_clk_pin  {rise@0.000ns fall@5.000ns period=10.000ns})
  Destination:            booth_mul/subtract_reg/D
                            (rising edge-triggered cell FDRE clocked by sys_clk_pin  {rise@0.000ns fall@5.000ns period=10.000ns})
  Path Group:             sys_clk_pin
  Path Type:              Hold (Min at Fast Process Corner)
  Requirement:            0.000ns  (sys_clk_pin rise@0.000ns - sys_clk_pin rise@0.000ns)
  Data Path Delay:        0.306ns  (logic 0.212ns (69.213%)  route 0.094ns (30.787%))
  Logic Levels:           1  (LUT3=1)
  Clock Path Skew:        0.013ns (DCD - SCD - CPR)
    Destination Clock Delay (DCD):    2.037ns
    Source Clock Delay      (SCD):    1.519ns
    Clock Pessimism Removal (CPR):    0.504ns

    Location             Delay type                Incr(ns)  Path(ns)    Netlist Resource(s)
  -------------------------------------------------------------------    -------------------
                         (clock sys_clk_pin rise edge)
                                                      0.000     0.000 r  
    E3                                                0.000     0.000 r  clk (IN)
                         net (fo=0)                   0.000     0.000    clk
    E3                   IBUF (Prop_ibuf_I_O)         0.250     0.250 r  clk_IBUF_inst/O
                         net (fo=1, routed)           0.644     0.894    clk_IBUF
    BUFGCTRL_X0Y16       BUFG (Prop_bufg_I_O)         0.026     0.920 r  clk_IBUF_BUFG_inst/O
                         net (fo=150, routed)         0.600     1.519    booth_mul/AQ/clk_IBUF_BUFG
    SLICE_X2Y86          FDRE                                         r  booth_mul/AQ/reg_reg[0]/C
  -------------------------------------------------------------------    -------------------
    SLICE_X2Y86          FDRE (Prop_fdre_C_Q)         0.164     1.683 f  booth_mul/AQ/reg_reg[0]/Q
                         net (fo=4, routed)           0.094     1.778    booth_mul/AQ/AQ_out[0]
    SLICE_X3Y86          LUT3 (Prop_lut3_I2_O)        0.048     1.826 r  booth_mul/AQ/subtract_i_1/O
                         net (fo=1, routed)           0.000     1.826    booth_mul/subtract
    SLICE_X3Y86          FDRE                                         r  booth_mul/subtract_reg/D
  -------------------------------------------------------------------    -------------------

                         (clock sys_clk_pin rise edge)
                                                      0.000     0.000 r  
    E3                                                0.000     0.000 r  clk (IN)
                         net (fo=0)                   0.000     0.000    clk
    E3                   IBUF (Prop_ibuf_I_O)         0.438     0.438 r  clk_IBUF_inst/O
                         net (fo=1, routed)           0.699     1.136    clk_IBUF
    BUFGCTRL_X0Y16       BUFG (Prop_bufg_I_O)         0.029     1.165 r  clk_IBUF_BUFG_inst/O
                         net (fo=150, routed)         0.872     2.037    booth_mul/clk_IBUF_BUFG
    SLICE_X3Y86          FDRE                                         r  booth_mul/subtract_reg/C
                         clock pessimism             -0.504     1.532    
    SLICE_X3Y86          FDRE (Hold_fdre_C_D)         0.107     1.639    booth_mul/subtract_reg
  -------------------------------------------------------------------
                         required time                         -1.639    
                         arrival time                           1.826    
  -------------------------------------------------------------------
                         slack                                  0.186    

Slack (MET) :             0.199ns  (arrival time - required time)
  Source:                 booth_mul/load_AQ_reg/C
                            (rising edge-triggered cell FDRE clocked by sys_clk_pin  {rise@0.000ns fall@5.000ns period=10.000ns})
  Destination:            booth_mul/AQ/reg_reg[0]/D
                            (rising edge-triggered cell FDRE clocked by sys_clk_pin  {rise@0.000ns fall@5.000ns period=10.000ns})
  Path Group:             sys_clk_pin
  Path Type:              Hold (Min at Fast Process Corner)
  Requirement:            0.000ns  (sys_clk_pin rise@0.000ns - sys_clk_pin rise@0.000ns)
  Data Path Delay:        0.332ns  (logic 0.186ns (56.061%)  route 0.146ns (43.939%))
  Logic Levels:           1  (LUT4=1)
  Clock Path Skew:        0.013ns (DCD - SCD - CPR)
    Destination Clock Delay (DCD):    2.037ns
    Source Clock Delay      (SCD):    1.519ns
    Clock Pessimism Removal (CPR):    0.504ns

    Location             Delay type                Incr(ns)  Path(ns)    Netlist Resource(s)
  -------------------------------------------------------------------    -------------------
                         (clock sys_clk_pin rise edge)
                                                      0.000     0.000 r  
    E3                                                0.000     0.000 r  clk (IN)
                         net (fo=0)                   0.000     0.000    clk
    E3                   IBUF (Prop_ibuf_I_O)         0.250     0.250 r  clk_IBUF_inst/O
                         net (fo=1, routed)           0.644     0.894    clk_IBUF
    BUFGCTRL_X0Y16       BUFG (Prop_bufg_I_O)         0.026     0.920 r  clk_IBUF_BUFG_inst/O
                         net (fo=150, routed)         0.600     1.519    booth_mul/clk_IBUF_BUFG
    SLICE_X3Y86          FDRE                                         r  booth_mul/load_AQ_reg/C
  -------------------------------------------------------------------    -------------------
    SLICE_X3Y86          FDRE (Prop_fdre_C_Q)         0.141     1.660 r  booth_mul/load_AQ_reg/Q
                         net (fo=18, routed)          0.146     1.806    booth_mul/AQ/reg_reg[0]_0
    SLICE_X2Y86          LUT4 (Prop_lut4_I2_O)        0.045     1.851 r  booth_mul/AQ/reg[0]_i_1/O
                         net (fo=1, routed)           0.000     1.851    booth_mul/AQ/p_1_in[0]
    SLICE_X2Y86          FDRE                                         r  booth_mul/AQ/reg_reg[0]/D
  -------------------------------------------------------------------    -------------------

                         (clock sys_clk_pin rise edge)
                                                      0.000     0.000 r  
    E3                                                0.000     0.000 r  clk (IN)
                         net (fo=0)                   0.000     0.000    clk
    E3                   IBUF (Prop_ibuf_I_O)         0.438     0.438 r  clk_IBUF_inst/O
                         net (fo=1, routed)           0.699     1.136    clk_IBUF
    BUFGCTRL_X0Y16       BUFG (Prop_bufg_I_O)         0.029     1.165 r  clk_IBUF_BUFG_inst/O
                         net (fo=150, routed)         0.872     2.037    booth_mul/AQ/clk_IBUF_BUFG
    SLICE_X2Y86          FDRE                                         r  booth_mul/AQ/reg_reg[0]/C
                         clock pessimism             -0.504     1.532    
    SLICE_X2Y86          FDRE (Hold_fdre_C_D)         0.120     1.652    booth_mul/AQ/reg_reg[0]
  -------------------------------------------------------------------
                         required time                         -1.652    
                         arrival time                           1.851    
  -------------------------------------------------------------------
                         slack                                  0.199    

Slack (MET) :             0.199ns  (arrival time - required time)
  Source:                 booth_mul/AQ/reg_reg[0]/C
                            (rising edge-triggered cell FDRE clocked by sys_clk_pin  {rise@0.000ns fall@5.000ns period=10.000ns})
  Destination:            booth_mul/load_AQ_reg/D
                            (rising edge-triggered cell FDRE clocked by sys_clk_pin  {rise@0.000ns fall@5.000ns period=10.000ns})
  Path Group:             sys_clk_pin
  Path Type:              Hold (Min at Fast Process Corner)
  Requirement:            0.000ns  (sys_clk_pin rise@0.000ns - sys_clk_pin rise@0.000ns)
  Data Path Delay:        0.303ns  (logic 0.209ns (68.908%)  route 0.094ns (31.092%))
  Logic Levels:           1  (LUT4=1)
  Clock Path Skew:        0.013ns (DCD - SCD - CPR)
    Destination Clock Delay (DCD):    2.037ns
    Source Clock Delay      (SCD):    1.519ns
    Clock Pessimism Removal (CPR):    0.504ns

    Location             Delay type                Incr(ns)  Path(ns)    Netlist Resource(s)
  -------------------------------------------------------------------    -------------------
                         (clock sys_clk_pin rise edge)
                                                      0.000     0.000 r  
    E3                                                0.000     0.000 r  clk (IN)
                         net (fo=0)                   0.000     0.000    clk
    E3                   IBUF (Prop_ibuf_I_O)         0.250     0.250 r  clk_IBUF_inst/O
                         net (fo=1, routed)           0.644     0.894    clk_IBUF
    BUFGCTRL_X0Y16       BUFG (Prop_bufg_I_O)         0.026     0.920 r  clk_IBUF_BUFG_inst/O
                         net (fo=150, routed)         0.600     1.519    booth_mul/AQ/clk_IBUF_BUFG
    SLICE_X2Y86          FDRE                                         r  booth_mul/AQ/reg_reg[0]/C
  -------------------------------------------------------------------    -------------------
    SLICE_X2Y86          FDRE (Prop_fdre_C_Q)         0.164     1.683 r  booth_mul/AQ/reg_reg[0]/Q
                         net (fo=4, routed)           0.094     1.778    booth_mul/AQ/AQ_out[0]
    SLICE_X3Y86          LUT4 (Prop_lut4_I2_O)        0.045     1.823 r  booth_mul/AQ/load_AQ_i_1/O
                         net (fo=1, routed)           0.000     1.823    booth_mul/load_AQ
    SLICE_X3Y86          FDRE                                         r  booth_mul/load_AQ_reg/D
  -------------------------------------------------------------------    -------------------

                         (clock sys_clk_pin rise edge)
                                                      0.000     0.000 r  
    E3                                                0.000     0.000 r  clk (IN)
                         net (fo=0)                   0.000     0.000    clk
    E3                   IBUF (Prop_ibuf_I_O)         0.438     0.438 r  clk_IBUF_inst/O
                         net (fo=1, routed)           0.699     1.136    clk_IBUF
    BUFGCTRL_X0Y16       BUFG (Prop_bufg_I_O)         0.029     1.165 r  clk_IBUF_BUFG_inst/O
                         net (fo=150, routed)         0.872     2.037    booth_mul/clk_IBUF_BUFG
    SLICE_X3Y86          FDRE                                         r  booth_mul/load_AQ_reg/C
                         clock pessimism             -0.504     1.532    
    SLICE_X3Y86          FDRE (Hold_fdre_C_D)         0.091     1.623    booth_mul/load_AQ_reg
  -------------------------------------------------------------------
                         required time                         -1.623    
                         arrival time                           1.823    
  -------------------------------------------------------------------
                         slack                                  0.199    

Slack (MET) :             0.200ns  (arrival time - required time)
  Source:                 booth_mul/AQ/reg_reg[7]/C
                            (rising edge-triggered cell FDRE clocked by sys_clk_pin  {rise@0.000ns fall@5.000ns period=10.000ns})
  Destination:            booth_mul/result_temp_reg[6]/D
                            (rising edge-triggered cell FDRE clocked by sys_clk_pin  {rise@0.000ns fall@5.000ns period=10.000ns})
  Path Group:             sys_clk_pin
  Path Type:              Hold (Min at Fast Process Corner)
  Requirement:            0.000ns  (sys_clk_pin rise@0.000ns - sys_clk_pin rise@0.000ns)
  Data Path Delay:        0.267ns  (logic 0.141ns (52.837%)  route 0.126ns (47.163%))
  Logic Levels:           0  
  Clock Path Skew:        0.015ns (DCD - SCD - CPR)
    Destination Clock Delay (DCD):    2.034ns
    Source Clock Delay      (SCD):    1.518ns
    Clock Pessimism Removal (CPR):    0.500ns

    Location             Delay type                Incr(ns)  Path(ns)    Netlist Resource(s)
  -------------------------------------------------------------------    -------------------
                         (clock sys_clk_pin rise edge)
                                                      0.000     0.000 r  
    E3                                                0.000     0.000 r  clk (IN)
                         net (fo=0)                   0.000     0.000    clk
    E3                   IBUF (Prop_ibuf_I_O)         0.250     0.250 r  clk_IBUF_inst/O
                         net (fo=1, routed)           0.644     0.894    clk_IBUF
    BUFGCTRL_X0Y16       BUFG (Prop_bufg_I_O)         0.026     0.920 r  clk_IBUF_BUFG_inst/O
                         net (fo=150, routed)         0.599     1.518    booth_mul/AQ/clk_IBUF_BUFG
    SLICE_X4Y86          FDRE                                         r  booth_mul/AQ/reg_reg[7]/C
  -------------------------------------------------------------------    -------------------
    SLICE_X4Y86          FDRE (Prop_fdre_C_Q)         0.141     1.659 r  booth_mul/AQ/reg_reg[7]/Q
                         net (fo=3, routed)           0.126     1.785    booth_mul/p_0_in[6]
    SLICE_X6Y86          FDRE                                         r  booth_mul/result_temp_reg[6]/D
  -------------------------------------------------------------------    -------------------

                         (clock sys_clk_pin rise edge)
                                                      0.000     0.000 r  
    E3                                                0.000     0.000 r  clk (IN)
                         net (fo=0)                   0.000     0.000    clk
    E3                   IBUF (Prop_ibuf_I_O)         0.438     0.438 r  clk_IBUF_inst/O
                         net (fo=1, routed)           0.699     1.136    clk_IBUF
    BUFGCTRL_X0Y16       BUFG (Prop_bufg_I_O)         0.029     1.165 r  clk_IBUF_BUFG_inst/O
                         net (fo=150, routed)         0.869     2.034    booth_mul/clk_IBUF_BUFG
    SLICE_X6Y86          FDRE                                         r  booth_mul/result_temp_reg[6]/C
                         clock pessimism             -0.500     1.533    
    SLICE_X6Y86          FDRE (Hold_fdre_C_D)         0.052     1.585    booth_mul/result_temp_reg[6]
  -------------------------------------------------------------------
                         required time                         -1.585    
                         arrival time                           1.785    
  -------------------------------------------------------------------
                         slack                                  0.200    

Slack (MET) :             0.200ns  (arrival time - required time)
  Source:                 booth_mul/count_reg/C
                            (rising edge-triggered cell FDRE clocked by sys_clk_pin  {rise@0.000ns fall@5.000ns period=10.000ns})
  Destination:            booth_mul/cnt/curr_count_reg[2]/D
                            (rising edge-triggered cell FDRE clocked by sys_clk_pin  {rise@0.000ns fall@5.000ns period=10.000ns})
  Path Group:             sys_clk_pin
  Path Type:              Hold (Min at Fast Process Corner)
  Requirement:            0.000ns  (sys_clk_pin rise@0.000ns - sys_clk_pin rise@0.000ns)
  Data Path Delay:        0.344ns  (logic 0.190ns (55.188%)  route 0.154ns (44.812%))
  Logic Levels:           1  (LUT5=1)
  Clock Path Skew:        0.013ns (DCD - SCD - CPR)
    Destination Clock Delay (DCD):    2.032ns
    Source Clock Delay      (SCD):    1.517ns
    Clock Pessimism Removal (CPR):    0.501ns

    Location             Delay type                Incr(ns)  Path(ns)    Netlist Resource(s)
  -------------------------------------------------------------------    -------------------
                         (clock sys_clk_pin rise edge)
                                                      0.000     0.000 r  
    E3                                                0.000     0.000 r  clk (IN)
                         net (fo=0)                   0.000     0.000    clk
    E3                   IBUF (Prop_ibuf_I_O)         0.250     0.250 r  clk_IBUF_inst/O
                         net (fo=1, routed)           0.644     0.894    clk_IBUF
    BUFGCTRL_X0Y16       BUFG (Prop_bufg_I_O)         0.026     0.920 r  clk_IBUF_BUFG_inst/O
                         net (fo=150, routed)         0.598     1.517    booth_mul/clk_IBUF_BUFG
    SLICE_X7Y83          FDRE                                         r  booth_mul/count_reg/C
  -------------------------------------------------------------------    -------------------
    SLICE_X7Y83          FDRE (Prop_fdre_C_Q)         0.141     1.658 r  booth_mul/count_reg/Q
                         net (fo=3, routed)           0.154     1.813    booth_mul/cnt/count
    SLICE_X6Y83          LUT5 (Prop_lut5_I1_O)        0.049     1.862 r  booth_mul/cnt/curr_count[2]_i_1/O
                         net (fo=1, routed)           0.000     1.862    booth_mul/cnt/curr_count[2]_i_1_n_0
    SLICE_X6Y83          FDRE                                         r  booth_mul/cnt/curr_count_reg[2]/D
  -------------------------------------------------------------------    -------------------

                         (clock sys_clk_pin rise edge)
                                                      0.000     0.000 r  
    E3                                                0.000     0.000 r  clk (IN)
                         net (fo=0)                   0.000     0.000    clk
    E3                   IBUF (Prop_ibuf_I_O)         0.438     0.438 r  clk_IBUF_inst/O
                         net (fo=1, routed)           0.699     1.136    clk_IBUF
    BUFGCTRL_X0Y16       BUFG (Prop_bufg_I_O)         0.029     1.165 r  clk_IBUF_BUFG_inst/O
                         net (fo=150, routed)         0.867     2.032    booth_mul/cnt/clk_IBUF_BUFG
    SLICE_X6Y83          FDRE                                         r  booth_mul/cnt/curr_count_reg[2]/C
                         clock pessimism             -0.501     1.530    
    SLICE_X6Y83          FDRE (Hold_fdre_C_D)         0.131     1.661    booth_mul/cnt/curr_count_reg[2]
  -------------------------------------------------------------------
                         required time                         -1.661    
                         arrival time                           1.862    
  -------------------------------------------------------------------
                         slack                                  0.200    

Slack (MET) :             0.204ns  (arrival time - required time)
  Source:                 booth_mul/FSM_onehot_curr_state_reg[0]/C
                            (rising edge-triggered cell FDRE clocked by sys_clk_pin  {rise@0.000ns fall@5.000ns period=10.000ns})
  Destination:            booth_mul/rst_sys_reg/D
                            (rising edge-triggered cell FDRE clocked by sys_clk_pin  {rise@0.000ns fall@5.000ns period=10.000ns})
  Path Group:             sys_clk_pin
  Path Type:              Hold (Min at Fast Process Corner)
  Requirement:            0.000ns  (sys_clk_pin rise@0.000ns - sys_clk_pin rise@0.000ns)
  Data Path Delay:        0.280ns  (logic 0.141ns (50.402%)  route 0.139ns (49.598%))
  Logic Levels:           0  
  Clock Path Skew:        0.000ns (DCD - SCD - CPR)
    Destination Clock Delay (DCD):    2.037ns
    Source Clock Delay      (SCD):    1.519ns
    Clock Pessimism Removal (CPR):    0.517ns

    Location             Delay type                Incr(ns)  Path(ns)    Netlist Resource(s)
  -------------------------------------------------------------------    -------------------
                         (clock sys_clk_pin rise edge)
                                                      0.000     0.000 r  
    E3                                                0.000     0.000 r  clk (IN)
                         net (fo=0)                   0.000     0.000    clk
    E3                   IBUF (Prop_ibuf_I_O)         0.250     0.250 r  clk_IBUF_inst/O
                         net (fo=1, routed)           0.644     0.894    clk_IBUF
    BUFGCTRL_X0Y16       BUFG (Prop_bufg_I_O)         0.026     0.920 r  clk_IBUF_BUFG_inst/O
                         net (fo=150, routed)         0.600     1.519    booth_mul/clk_IBUF_BUFG
    SLICE_X3Y86          FDRE                                         r  booth_mul/FSM_onehot_curr_state_reg[0]/C
  -------------------------------------------------------------------    -------------------
    SLICE_X3Y86          FDRE (Prop_fdre_C_Q)         0.141     1.660 r  booth_mul/FSM_onehot_curr_state_reg[0]/Q
                         net (fo=4, routed)           0.139     1.799    booth_mul/rst_sys_2
    SLICE_X3Y86          FDRE                                         r  booth_mul/rst_sys_reg/D
  -------------------------------------------------------------------    -------------------

                         (clock sys_clk_pin rise edge)
                                                      0.000     0.000 r  
    E3                                                0.000     0.000 r  clk (IN)
                         net (fo=0)                   0.000     0.000    clk
    E3                   IBUF (Prop_ibuf_I_O)         0.438     0.438 r  clk_IBUF_inst/O
                         net (fo=1, routed)           0.699     1.136    clk_IBUF
    BUFGCTRL_X0Y16       BUFG (Prop_bufg_I_O)         0.029     1.165 r  clk_IBUF_BUFG_inst/O
                         net (fo=150, routed)         0.872     2.037    booth_mul/clk_IBUF_BUFG
    SLICE_X3Y86          FDRE                                         r  booth_mul/rst_sys_reg/C
                         clock pessimism             -0.517     1.519    
    SLICE_X3Y86          FDRE (Hold_fdre_C_D)         0.076     1.595    booth_mul/rst_sys_reg
  -------------------------------------------------------------------
                         required time                         -1.595    
                         arrival time                           1.799    
  -------------------------------------------------------------------
                         slack                                  0.204    





Pulse Width Checks
--------------------------------------------------------------------------------------
Clock Name:         sys_clk_pin
Waveform(ns):       { 0.000 5.000 }
Period(ns):         10.000
Sources:            { clk }

Check Type        Corner  Lib Pin  Reference Pin  Required(ns)  Actual(ns)  Slack(ns)  Location        Pin
Min Period        n/a     BUFG/I   n/a            2.155         10.000      7.845      BUFGCTRL_X0Y16  clk_IBUF_BUFG_inst/I
Min Period        n/a     FDRE/C   n/a            1.000         10.000      9.000      SLICE_X4Y83     bd_rst/CLEARED_BTN_reg/C
Min Period        n/a     FDRE/C   n/a            1.000         10.000      9.000      SLICE_X4Y83     bd_rst/FSM_sequential_BTN_state_reg[0]/C
Min Period        n/a     FDRE/C   n/a            1.000         10.000      9.000      SLICE_X4Y83     bd_rst/FSM_sequential_BTN_state_reg[1]/C
Min Period        n/a     FDRE/C   n/a            1.000         10.000      9.000      SLICE_X4Y83     bd_rst/deb.count_reg[0]/C
Min Period        n/a     FDRE/C   n/a            1.000         10.000      9.000      SLICE_X5Y85     bd_rst/deb.count_reg[10]/C
Min Period        n/a     FDRE/C   n/a            1.000         10.000      9.000      SLICE_X5Y85     bd_rst/deb.count_reg[11]/C
Min Period        n/a     FDRE/C   n/a            1.000         10.000      9.000      SLICE_X5Y85     bd_rst/deb.count_reg[12]/C
Min Period        n/a     FDRE/C   n/a            1.000         10.000      9.000      SLICE_X5Y86     bd_rst/deb.count_reg[13]/C
Min Period        n/a     FDRE/C   n/a            1.000         10.000      9.000      SLICE_X5Y86     bd_rst/deb.count_reg[14]/C
Low Pulse Width   Slow    FDRE/C   n/a            0.500         5.000       4.500      SLICE_X4Y83     bd_rst/CLEARED_BTN_reg/C
Low Pulse Width   Fast    FDRE/C   n/a            0.500         5.000       4.500      SLICE_X4Y83     bd_rst/CLEARED_BTN_reg/C
Low Pulse Width   Slow    FDRE/C   n/a            0.500         5.000       4.500      SLICE_X4Y83     bd_rst/FSM_sequential_BTN_state_reg[0]/C
Low Pulse Width   Fast    FDRE/C   n/a            0.500         5.000       4.500      SLICE_X4Y83     bd_rst/FSM_sequential_BTN_state_reg[0]/C
Low Pulse Width   Slow    FDRE/C   n/a            0.500         5.000       4.500      SLICE_X4Y83     bd_rst/FSM_sequential_BTN_state_reg[1]/C
Low Pulse Width   Fast    FDRE/C   n/a            0.500         5.000       4.500      SLICE_X4Y83     bd_rst/FSM_sequential_BTN_state_reg[1]/C
Low Pulse Width   Slow    FDRE/C   n/a            0.500         5.000       4.500      SLICE_X4Y83     bd_rst/deb.count_reg[0]/C
Low Pulse Width   Fast    FDRE/C   n/a            0.500         5.000       4.500      SLICE_X4Y83     bd_rst/deb.count_reg[0]/C
Low Pulse Width   Slow    FDRE/C   n/a            0.500         5.000       4.500      SLICE_X5Y85     bd_rst/deb.count_reg[10]/C
Low Pulse Width   Fast    FDRE/C   n/a            0.500         5.000       4.500      SLICE_X5Y85     bd_rst/deb.count_reg[10]/C
High Pulse Width  Slow    FDRE/C   n/a            0.500         5.000       4.500      SLICE_X4Y83     bd_rst/CLEARED_BTN_reg/C
High Pulse Width  Fast    FDRE/C   n/a            0.500         5.000       4.500      SLICE_X4Y83     bd_rst/CLEARED_BTN_reg/C
High Pulse Width  Slow    FDRE/C   n/a            0.500         5.000       4.500      SLICE_X4Y83     bd_rst/FSM_sequential_BTN_state_reg[0]/C
High Pulse Width  Fast    FDRE/C   n/a            0.500         5.000       4.500      SLICE_X4Y83     bd_rst/FSM_sequential_BTN_state_reg[0]/C
High Pulse Width  Slow    FDRE/C   n/a            0.500         5.000       4.500      SLICE_X4Y83     bd_rst/FSM_sequential_BTN_state_reg[1]/C
High Pulse Width  Fast    FDRE/C   n/a            0.500         5.000       4.500      SLICE_X4Y83     bd_rst/FSM_sequential_BTN_state_reg[1]/C
High Pulse Width  Slow    FDRE/C   n/a            0.500         5.000       4.500      SLICE_X4Y83     bd_rst/deb.count_reg[0]/C
High Pulse Width  Fast    FDRE/C   n/a            0.500         5.000       4.500      SLICE_X4Y83     bd_rst/deb.count_reg[0]/C
High Pulse Width  Slow    FDRE/C   n/a            0.500         5.000       4.500      SLICE_X5Y85     bd_rst/deb.count_reg[10]/C
High Pulse Width  Fast    FDRE/C   n/a            0.500         5.000       4.500      SLICE_X5Y85     bd_rst/deb.count_reg[10]/C



--------------------------------------------------------------------------------------
Path Group:  (none)
From Clock:  sys_clk_pin
  To Clock:  

Max Delay            16 Endpoints
Min Delay            16 Endpoints
--------------------------------------------------------------------------------------


Max Delay Paths
--------------------------------------------------------------------------------------
Slack:                    inf
  Source:                 booth_mul/result_temp_reg[11]/C
                            (rising edge-triggered cell FDRE clocked by sys_clk_pin  {rise@0.000ns fall@5.000ns period=10.000ns})
  Destination:            cathodes_out[0]
                            (output port)
  Path Group:             (none)
  Path Type:              Max at Slow Process Corner
  Data Path Delay:        16.305ns  (logic 5.323ns (32.648%)  route 10.982ns (67.352%))
  Logic Levels:           9  (LUT4=1 LUT6=7 OBUF=1)
  Clock Uncertainty:      0.025ns  ((TSJ^2 + TIJ^2)^1/2 + DJ) / 2 + PE
    Total System Jitter     (TSJ):    0.050ns
    Total Input Jitter      (TIJ):    0.000ns
    Discrete Jitter          (DJ):    0.000ns
    Phase Error              (PE):    0.000ns

    Location             Delay type                Incr(ns)  Path(ns)    Netlist Resource(s)
  -------------------------------------------------------------------    -------------------
                         (clock sys_clk_pin rise edge)
                                                      0.000     0.000 r  
    E3                                                0.000     0.000 r  clk (IN)
                         net (fo=0)                   0.000     0.000    clk
    E3                   IBUF (Prop_ibuf_I_O)         1.482     1.482 r  clk_IBUF_inst/O
                         net (fo=1, routed)           2.025     3.506    clk_IBUF
    BUFGCTRL_X0Y16       BUFG (Prop_bufg_I_O)         0.096     3.602 r  clk_IBUF_BUFG_inst/O
                         net (fo=150, routed)         1.717     5.320    booth_mul/clk_IBUF_BUFG
    SLICE_X6Y84          FDRE                                         r  booth_mul/result_temp_reg[11]/C
  -------------------------------------------------------------------    -------------------
    SLICE_X6Y84          FDRE (Prop_fdre_C_Q)         0.518     5.838 r  booth_mul/result_temp_reg[11]/Q
                         net (fo=5, routed)           1.106     6.943    booth_mul/result[11]
    SLICE_X6Y84          LUT6 (Prop_lut6_I1_O)        0.124     7.067 r  booth_mul/cathodes_out_OBUF[6]_inst_i_28/O
                         net (fo=3, routed)           0.692     7.759    booth_mul/cathodes_out_OBUF[6]_inst_i_28_n_0
    SLICE_X6Y84          LUT6 (Prop_lut6_I1_O)        0.124     7.883 r  booth_mul/cathodes_out_OBUF[6]_inst_i_25/O
                         net (fo=3, routed)           0.817     8.700    booth_mul/cathodes_out_OBUF[6]_inst_i_25_n_0
    SLICE_X7Y86          LUT6 (Prop_lut6_I0_O)        0.124     8.824 r  booth_mul/cathodes_out_OBUF[6]_inst_i_16/O
                         net (fo=6, routed)           1.564    10.388    booth_mul/result_temp_reg[8]_0
    SLICE_X6Y87          LUT6 (Prop_lut6_I3_O)        0.124    10.512 r  booth_mul/cathodes_out_OBUF[6]_inst_i_20/O
                         net (fo=4, routed)           0.625    11.137    booth_mul/result_temp_reg[6]_0
    SLICE_X6Y86          LUT6 (Prop_lut6_I3_O)        0.124    11.261 r  booth_mul/cathodes_out_OBUF[6]_inst_i_18/O
                         net (fo=3, routed)           1.177    12.438    booth_mul/result_temp_reg[5]_0
    SLICE_X3Y87          LUT6 (Prop_lut6_I2_O)        0.124    12.562 r  booth_mul/cathodes_out_OBUF[6]_inst_i_7/O
                         net (fo=4, routed)           1.267    13.829    display/counter_instance/cathodes_out_OBUF[6]_inst_i_1
    SLICE_X3Y87          LUT6 (Prop_lut6_I5_O)        0.124    13.953 r  display/counter_instance/cathodes_out_OBUF[6]_inst_i_5/O
                         net (fo=7, routed)           0.665    14.618    booth_mul/cathodes_out[0][0]
    SLICE_X1Y88          LUT4 (Prop_lut4_I0_O)        0.152    14.770 r  booth_mul/cathodes_out_OBUF[0]_inst_i_1/O
                         net (fo=1, routed)           3.070    17.839    cathodes_out_OBUF[0]
    T10                  OBUF (Prop_obuf_I_O)         3.785    21.624 r  cathodes_out_OBUF[0]_inst/O
                         net (fo=0)                   0.000    21.624    cathodes_out[0]
    T10                                                               r  cathodes_out[0] (OUT)
  -------------------------------------------------------------------    -------------------

Slack:                    inf
  Source:                 booth_mul/result_temp_reg[11]/C
                            (rising edge-triggered cell FDRE clocked by sys_clk_pin  {rise@0.000ns fall@5.000ns period=10.000ns})
  Destination:            cathodes_out[1]
                            (output port)
  Path Group:             (none)
  Path Type:              Max at Slow Process Corner
  Data Path Delay:        16.234ns  (logic 5.065ns (31.203%)  route 11.168ns (68.797%))
  Logic Levels:           9  (LUT4=1 LUT6=7 OBUF=1)
  Clock Uncertainty:      0.025ns  ((TSJ^2 + TIJ^2)^1/2 + DJ) / 2 + PE
    Total System Jitter     (TSJ):    0.050ns
    Total Input Jitter      (TIJ):    0.000ns
    Discrete Jitter          (DJ):    0.000ns
    Phase Error              (PE):    0.000ns

    Location             Delay type                Incr(ns)  Path(ns)    Netlist Resource(s)
  -------------------------------------------------------------------    -------------------
                         (clock sys_clk_pin rise edge)
                                                      0.000     0.000 r  
    E3                                                0.000     0.000 r  clk (IN)
                         net (fo=0)                   0.000     0.000    clk
    E3                   IBUF (Prop_ibuf_I_O)         1.482     1.482 r  clk_IBUF_inst/O
                         net (fo=1, routed)           2.025     3.506    clk_IBUF
    BUFGCTRL_X0Y16       BUFG (Prop_bufg_I_O)         0.096     3.602 r  clk_IBUF_BUFG_inst/O
                         net (fo=150, routed)         1.717     5.320    booth_mul/clk_IBUF_BUFG
    SLICE_X6Y84          FDRE                                         r  booth_mul/result_temp_reg[11]/C
  -------------------------------------------------------------------    -------------------
    SLICE_X6Y84          FDRE (Prop_fdre_C_Q)         0.518     5.838 r  booth_mul/result_temp_reg[11]/Q
                         net (fo=5, routed)           1.106     6.943    booth_mul/result[11]
    SLICE_X6Y84          LUT6 (Prop_lut6_I1_O)        0.124     7.067 r  booth_mul/cathodes_out_OBUF[6]_inst_i_28/O
                         net (fo=3, routed)           0.692     7.759    booth_mul/cathodes_out_OBUF[6]_inst_i_28_n_0
    SLICE_X6Y84          LUT6 (Prop_lut6_I1_O)        0.124     7.883 r  booth_mul/cathodes_out_OBUF[6]_inst_i_25/O
                         net (fo=3, routed)           0.817     8.700    booth_mul/cathodes_out_OBUF[6]_inst_i_25_n_0
    SLICE_X7Y86          LUT6 (Prop_lut6_I0_O)        0.124     8.824 r  booth_mul/cathodes_out_OBUF[6]_inst_i_16/O
                         net (fo=6, routed)           1.564    10.388    booth_mul/result_temp_reg[8]_0
    SLICE_X6Y87          LUT6 (Prop_lut6_I3_O)        0.124    10.512 r  booth_mul/cathodes_out_OBUF[6]_inst_i_20/O
                         net (fo=4, routed)           0.625    11.137    booth_mul/result_temp_reg[6]_0
    SLICE_X6Y86          LUT6 (Prop_lut6_I3_O)        0.124    11.261 r  booth_mul/cathodes_out_OBUF[6]_inst_i_18/O
                         net (fo=3, routed)           1.177    12.438    booth_mul/result_temp_reg[5]_0
    SLICE_X3Y87          LUT6 (Prop_lut6_I2_O)        0.124    12.562 r  booth_mul/cathodes_out_OBUF[6]_inst_i_7/O
                         net (fo=4, routed)           1.267    13.829    display/counter_instance/cathodes_out_OBUF[6]_inst_i_1
    SLICE_X3Y87          LUT6 (Prop_lut6_I5_O)        0.124    13.953 r  display/counter_instance/cathodes_out_OBUF[6]_inst_i_5/O
                         net (fo=7, routed)           0.823    14.776    booth_mul/cathodes_out[0][0]
    SLICE_X1Y87          LUT4 (Prop_lut4_I3_O)        0.124    14.900 r  booth_mul/cathodes_out_OBUF[1]_inst_i_1/O
                         net (fo=1, routed)           3.099    17.998    cathodes_out_OBUF[1]
    R10                  OBUF (Prop_obuf_I_O)         3.555    21.554 r  cathodes_out_OBUF[1]_inst/O
                         net (fo=0)                   0.000    21.554    cathodes_out[1]
    R10                                                               r  cathodes_out[1] (OUT)
  -------------------------------------------------------------------    -------------------

Slack:                    inf
  Source:                 booth_mul/result_temp_reg[11]/C
                            (rising edge-triggered cell FDRE clocked by sys_clk_pin  {rise@0.000ns fall@5.000ns period=10.000ns})
  Destination:            cathodes_out[5]
                            (output port)
  Path Group:             (none)
  Path Type:              Max at Slow Process Corner
  Data Path Delay:        15.890ns  (logic 5.301ns (33.358%)  route 10.590ns (66.642%))
  Logic Levels:           9  (LUT4=1 LUT6=7 OBUF=1)
  Clock Uncertainty:      0.025ns  ((TSJ^2 + TIJ^2)^1/2 + DJ) / 2 + PE
    Total System Jitter     (TSJ):    0.050ns
    Total Input Jitter      (TIJ):    0.000ns
    Discrete Jitter          (DJ):    0.000ns
    Phase Error              (PE):    0.000ns

    Location             Delay type                Incr(ns)  Path(ns)    Netlist Resource(s)
  -------------------------------------------------------------------    -------------------
                         (clock sys_clk_pin rise edge)
                                                      0.000     0.000 r  
    E3                                                0.000     0.000 r  clk (IN)
                         net (fo=0)                   0.000     0.000    clk
    E3                   IBUF (Prop_ibuf_I_O)         1.482     1.482 r  clk_IBUF_inst/O
                         net (fo=1, routed)           2.025     3.506    clk_IBUF
    BUFGCTRL_X0Y16       BUFG (Prop_bufg_I_O)         0.096     3.602 r  clk_IBUF_BUFG_inst/O
                         net (fo=150, routed)         1.717     5.320    booth_mul/clk_IBUF_BUFG
    SLICE_X6Y84          FDRE                                         r  booth_mul/result_temp_reg[11]/C
  -------------------------------------------------------------------    -------------------
    SLICE_X6Y84          FDRE (Prop_fdre_C_Q)         0.518     5.838 r  booth_mul/result_temp_reg[11]/Q
                         net (fo=5, routed)           1.106     6.943    booth_mul/result[11]
    SLICE_X6Y84          LUT6 (Prop_lut6_I1_O)        0.124     7.067 r  booth_mul/cathodes_out_OBUF[6]_inst_i_28/O
                         net (fo=3, routed)           0.692     7.759    booth_mul/cathodes_out_OBUF[6]_inst_i_28_n_0
    SLICE_X6Y84          LUT6 (Prop_lut6_I1_O)        0.124     7.883 r  booth_mul/cathodes_out_OBUF[6]_inst_i_25/O
                         net (fo=3, routed)           0.817     8.700    booth_mul/cathodes_out_OBUF[6]_inst_i_25_n_0
    SLICE_X7Y86          LUT6 (Prop_lut6_I0_O)        0.124     8.824 r  booth_mul/cathodes_out_OBUF[6]_inst_i_16/O
                         net (fo=6, routed)           1.564    10.388    booth_mul/result_temp_reg[8]_0
    SLICE_X6Y87          LUT6 (Prop_lut6_I3_O)        0.124    10.512 r  booth_mul/cathodes_out_OBUF[6]_inst_i_20/O
                         net (fo=4, routed)           0.625    11.137    booth_mul/result_temp_reg[6]_0
    SLICE_X6Y86          LUT6 (Prop_lut6_I3_O)        0.124    11.261 r  booth_mul/cathodes_out_OBUF[6]_inst_i_18/O
                         net (fo=3, routed)           1.177    12.438    booth_mul/result_temp_reg[5]_0
    SLICE_X3Y87          LUT6 (Prop_lut6_I2_O)        0.124    12.562 r  booth_mul/cathodes_out_OBUF[6]_inst_i_7/O
                         net (fo=4, routed)           1.267    13.829    display/counter_instance/cathodes_out_OBUF[6]_inst_i_1
    SLICE_X3Y87          LUT6 (Prop_lut6_I5_O)        0.124    13.953 r  display/counter_instance/cathodes_out_OBUF[6]_inst_i_5/O
                         net (fo=7, routed)           0.823    14.776    booth_mul/cathodes_out[0][0]
    SLICE_X1Y87          LUT4 (Prop_lut4_I1_O)        0.152    14.928 r  booth_mul/cathodes_out_OBUF[5]_inst_i_1/O
                         net (fo=1, routed)           2.520    17.447    cathodes_out_OBUF[5]
    T11                  OBUF (Prop_obuf_I_O)         3.763    21.210 r  cathodes_out_OBUF[5]_inst/O
                         net (fo=0)                   0.000    21.210    cathodes_out[5]
    T11                                                               r  cathodes_out[5] (OUT)
  -------------------------------------------------------------------    -------------------

Slack:                    inf
  Source:                 booth_mul/result_temp_reg[11]/C
                            (rising edge-triggered cell FDRE clocked by sys_clk_pin  {rise@0.000ns fall@5.000ns period=10.000ns})
  Destination:            cathodes_out[3]
                            (output port)
  Path Group:             (none)
  Path Type:              Max at Slow Process Corner
  Data Path Delay:        15.621ns  (logic 5.060ns (32.394%)  route 10.561ns (67.606%))
  Logic Levels:           9  (LUT4=1 LUT6=7 OBUF=1)
  Clock Uncertainty:      0.025ns  ((TSJ^2 + TIJ^2)^1/2 + DJ) / 2 + PE
    Total System Jitter     (TSJ):    0.050ns
    Total Input Jitter      (TIJ):    0.000ns
    Discrete Jitter          (DJ):    0.000ns
    Phase Error              (PE):    0.000ns

    Location             Delay type                Incr(ns)  Path(ns)    Netlist Resource(s)
  -------------------------------------------------------------------    -------------------
                         (clock sys_clk_pin rise edge)
                                                      0.000     0.000 r  
    E3                                                0.000     0.000 r  clk (IN)
                         net (fo=0)                   0.000     0.000    clk
    E3                   IBUF (Prop_ibuf_I_O)         1.482     1.482 r  clk_IBUF_inst/O
                         net (fo=1, routed)           2.025     3.506    clk_IBUF
    BUFGCTRL_X0Y16       BUFG (Prop_bufg_I_O)         0.096     3.602 r  clk_IBUF_BUFG_inst/O
                         net (fo=150, routed)         1.717     5.320    booth_mul/clk_IBUF_BUFG
    SLICE_X6Y84          FDRE                                         r  booth_mul/result_temp_reg[11]/C
  -------------------------------------------------------------------    -------------------
    SLICE_X6Y84          FDRE (Prop_fdre_C_Q)         0.518     5.838 r  booth_mul/result_temp_reg[11]/Q
                         net (fo=5, routed)           1.106     6.943    booth_mul/result[11]
    SLICE_X6Y84          LUT6 (Prop_lut6_I1_O)        0.124     7.067 r  booth_mul/cathodes_out_OBUF[6]_inst_i_28/O
                         net (fo=3, routed)           0.692     7.759    booth_mul/cathodes_out_OBUF[6]_inst_i_28_n_0
    SLICE_X6Y84          LUT6 (Prop_lut6_I1_O)        0.124     7.883 r  booth_mul/cathodes_out_OBUF[6]_inst_i_25/O
                         net (fo=3, routed)           0.817     8.700    booth_mul/cathodes_out_OBUF[6]_inst_i_25_n_0
    SLICE_X7Y86          LUT6 (Prop_lut6_I0_O)        0.124     8.824 r  booth_mul/cathodes_out_OBUF[6]_inst_i_16/O
                         net (fo=6, routed)           1.564    10.388    booth_mul/result_temp_reg[8]_0
    SLICE_X6Y87          LUT6 (Prop_lut6_I3_O)        0.124    10.512 r  booth_mul/cathodes_out_OBUF[6]_inst_i_20/O
                         net (fo=4, routed)           0.625    11.137    booth_mul/result_temp_reg[6]_0
    SLICE_X6Y86          LUT6 (Prop_lut6_I3_O)        0.124    11.261 r  booth_mul/cathodes_out_OBUF[6]_inst_i_18/O
                         net (fo=3, routed)           1.177    12.438    booth_mul/result_temp_reg[5]_0
    SLICE_X3Y87          LUT6 (Prop_lut6_I2_O)        0.124    12.562 r  booth_mul/cathodes_out_OBUF[6]_inst_i_7/O
                         net (fo=4, routed)           1.267    13.829    display/counter_instance/cathodes_out_OBUF[6]_inst_i_1
    SLICE_X3Y87          LUT6 (Prop_lut6_I5_O)        0.124    13.953 r  display/counter_instance/cathodes_out_OBUF[6]_inst_i_5/O
                         net (fo=7, routed)           0.665    14.618    booth_mul/cathodes_out[0][0]
    SLICE_X1Y88          LUT4 (Prop_lut4_I0_O)        0.124    14.742 r  booth_mul/cathodes_out_OBUF[3]_inst_i_1/O
                         net (fo=1, routed)           2.649    17.390    cathodes_out_OBUF[3]
    K13                  OBUF (Prop_obuf_I_O)         3.550    20.941 r  cathodes_out_OBUF[3]_inst/O
                         net (fo=0)                   0.000    20.941    cathodes_out[3]
    K13                                                               r  cathodes_out[3] (OUT)
  -------------------------------------------------------------------    -------------------

Slack:                    inf
  Source:                 booth_mul/result_temp_reg[11]/C
                            (rising edge-triggered cell FDRE clocked by sys_clk_pin  {rise@0.000ns fall@5.000ns period=10.000ns})
  Destination:            cathodes_out[4]
                            (output port)
  Path Group:             (none)
  Path Type:              Max at Slow Process Corner
  Data Path Delay:        15.151ns  (logic 5.529ns (36.490%)  route 9.622ns (63.510%))
  Logic Levels:           9  (LUT4=1 LUT5=1 LUT6=6 OBUF=1)
  Clock Uncertainty:      0.025ns  ((TSJ^2 + TIJ^2)^1/2 + DJ) / 2 + PE
    Total System Jitter     (TSJ):    0.050ns
    Total Input Jitter      (TIJ):    0.000ns
    Discrete Jitter          (DJ):    0.000ns
    Phase Error              (PE):    0.000ns

    Location             Delay type                Incr(ns)  Path(ns)    Netlist Resource(s)
  -------------------------------------------------------------------    -------------------
                         (clock sys_clk_pin rise edge)
                                                      0.000     0.000 r  
    E3                                                0.000     0.000 r  clk (IN)
                         net (fo=0)                   0.000     0.000    clk
    E3                   IBUF (Prop_ibuf_I_O)         1.482     1.482 r  clk_IBUF_inst/O
                         net (fo=1, routed)           2.025     3.506    clk_IBUF
    BUFGCTRL_X0Y16       BUFG (Prop_bufg_I_O)         0.096     3.602 r  clk_IBUF_BUFG_inst/O
                         net (fo=150, routed)         1.717     5.320    booth_mul/clk_IBUF_BUFG
    SLICE_X6Y84          FDRE                                         r  booth_mul/result_temp_reg[11]/C
  -------------------------------------------------------------------    -------------------
    SLICE_X6Y84          FDRE (Prop_fdre_C_Q)         0.518     5.838 r  booth_mul/result_temp_reg[11]/Q
                         net (fo=5, routed)           1.106     6.943    booth_mul/result[11]
    SLICE_X6Y84          LUT6 (Prop_lut6_I1_O)        0.124     7.067 r  booth_mul/cathodes_out_OBUF[6]_inst_i_28/O
                         net (fo=3, routed)           0.692     7.759    booth_mul/cathodes_out_OBUF[6]_inst_i_28_n_0
    SLICE_X6Y84          LUT6 (Prop_lut6_I1_O)        0.124     7.883 r  booth_mul/cathodes_out_OBUF[6]_inst_i_25/O
                         net (fo=3, routed)           0.817     8.700    booth_mul/cathodes_out_OBUF[6]_inst_i_25_n_0
    SLICE_X7Y86          LUT6 (Prop_lut6_I0_O)        0.124     8.824 r  booth_mul/cathodes_out_OBUF[6]_inst_i_16/O
                         net (fo=6, routed)           1.564    10.388    booth_mul/result_temp_reg[8]_0
    SLICE_X6Y87          LUT6 (Prop_lut6_I3_O)        0.124    10.512 r  booth_mul/cathodes_out_OBUF[6]_inst_i_20/O
                         net (fo=4, routed)           0.625    11.137    booth_mul/result_temp_reg[6]_0
    SLICE_X6Y86          LUT6 (Prop_lut6_I3_O)        0.124    11.261 r  booth_mul/cathodes_out_OBUF[6]_inst_i_18/O
                         net (fo=3, routed)           0.898    12.159    display/counter_instance/cathodes_out_OBUF[6]_inst_i_4_0
    SLICE_X2Y86          LUT5 (Prop_lut5_I4_O)        0.150    12.309 r  display/counter_instance/cathodes_out_OBUF[6]_inst_i_11/O
                         net (fo=1, routed)           0.854    13.163    booth_mul/cathodes_out_OBUF[0]_inst_i_1_1
    SLICE_X2Y87          LUT6 (Prop_lut6_I0_O)        0.355    13.518 r  booth_mul/cathodes_out_OBUF[6]_inst_i_4/O
                         net (fo=7, routed)           0.915    14.434    booth_mul/sel0[2]
    SLICE_X1Y88          LUT4 (Prop_lut4_I3_O)        0.150    14.584 r  booth_mul/cathodes_out_OBUF[4]_inst_i_1/O
                         net (fo=1, routed)           2.152    16.735    cathodes_out_OBUF[4]
    P15                  OBUF (Prop_obuf_I_O)         3.736    20.471 r  cathodes_out_OBUF[4]_inst/O
                         net (fo=0)                   0.000    20.471    cathodes_out[4]
    P15                                                               r  cathodes_out[4] (OUT)
  -------------------------------------------------------------------    -------------------

Slack:                    inf
  Source:                 booth_mul/result_temp_reg[11]/C
                            (rising edge-triggered cell FDRE clocked by sys_clk_pin  {rise@0.000ns fall@5.000ns period=10.000ns})
  Destination:            cathodes_out[2]
                            (output port)
  Path Group:             (none)
  Path Type:              Max at Slow Process Corner
  Data Path Delay:        14.781ns  (logic 5.260ns (35.588%)  route 9.521ns (64.412%))
  Logic Levels:           9  (LUT4=1 LUT5=1 LUT6=6 OBUF=1)
  Clock Uncertainty:      0.025ns  ((TSJ^2 + TIJ^2)^1/2 + DJ) / 2 + PE
    Total System Jitter     (TSJ):    0.050ns
    Total Input Jitter      (TIJ):    0.000ns
    Discrete Jitter          (DJ):    0.000ns
    Phase Error              (PE):    0.000ns

    Location             Delay type                Incr(ns)  Path(ns)    Netlist Resource(s)
  -------------------------------------------------------------------    -------------------
                         (clock sys_clk_pin rise edge)
                                                      0.000     0.000 r  
    E3                                                0.000     0.000 r  clk (IN)
                         net (fo=0)                   0.000     0.000    clk
    E3                   IBUF (Prop_ibuf_I_O)         1.482     1.482 r  clk_IBUF_inst/O
                         net (fo=1, routed)           2.025     3.506    clk_IBUF
    BUFGCTRL_X0Y16       BUFG (Prop_bufg_I_O)         0.096     3.602 r  clk_IBUF_BUFG_inst/O
                         net (fo=150, routed)         1.717     5.320    booth_mul/clk_IBUF_BUFG
    SLICE_X6Y84          FDRE                                         r  booth_mul/result_temp_reg[11]/C
  -------------------------------------------------------------------    -------------------
    SLICE_X6Y84          FDRE (Prop_fdre_C_Q)         0.518     5.838 r  booth_mul/result_temp_reg[11]/Q
                         net (fo=5, routed)           1.106     6.943    booth_mul/result[11]
    SLICE_X6Y84          LUT6 (Prop_lut6_I1_O)        0.124     7.067 r  booth_mul/cathodes_out_OBUF[6]_inst_i_28/O
                         net (fo=3, routed)           0.692     7.759    booth_mul/cathodes_out_OBUF[6]_inst_i_28_n_0
    SLICE_X6Y84          LUT6 (Prop_lut6_I1_O)        0.124     7.883 r  booth_mul/cathodes_out_OBUF[6]_inst_i_25/O
                         net (fo=3, routed)           0.817     8.700    booth_mul/cathodes_out_OBUF[6]_inst_i_25_n_0
    SLICE_X7Y86          LUT6 (Prop_lut6_I0_O)        0.124     8.824 r  booth_mul/cathodes_out_OBUF[6]_inst_i_16/O
                         net (fo=6, routed)           1.564    10.388    booth_mul/result_temp_reg[8]_0
    SLICE_X6Y87          LUT6 (Prop_lut6_I3_O)        0.124    10.512 r  booth_mul/cathodes_out_OBUF[6]_inst_i_20/O
                         net (fo=4, routed)           0.625    11.137    booth_mul/result_temp_reg[6]_0
    SLICE_X6Y86          LUT6 (Prop_lut6_I3_O)        0.124    11.261 r  booth_mul/cathodes_out_OBUF[6]_inst_i_18/O
                         net (fo=3, routed)           0.898    12.159    display/counter_instance/cathodes_out_OBUF[6]_inst_i_4_0
    SLICE_X2Y86          LUT5 (Prop_lut5_I4_O)        0.150    12.309 r  display/counter_instance/cathodes_out_OBUF[6]_inst_i_11/O
                         net (fo=1, routed)           0.854    13.163    booth_mul/cathodes_out_OBUF[0]_inst_i_1_1
    SLICE_X2Y87          LUT6 (Prop_lut6_I0_O)        0.355    13.518 r  booth_mul/cathodes_out_OBUF[6]_inst_i_4/O
                         net (fo=7, routed)           0.915    14.434    booth_mul/sel0[2]
    SLICE_X1Y88          LUT4 (Prop_lut4_I2_O)        0.124    14.558 r  booth_mul/cathodes_out_OBUF[2]_inst_i_1/O
                         net (fo=1, routed)           2.050    16.607    cathodes_out_OBUF[2]
    K16                  OBUF (Prop_obuf_I_O)         3.493    20.100 r  cathodes_out_OBUF[2]_inst/O
                         net (fo=0)                   0.000    20.100    cathodes_out[2]
    K16                                                               r  cathodes_out[2] (OUT)
  -------------------------------------------------------------------    -------------------

Slack:                    inf
  Source:                 booth_mul/result_temp_reg[11]/C
                            (rising edge-triggered cell FDRE clocked by sys_clk_pin  {rise@0.000ns fall@5.000ns period=10.000ns})
  Destination:            cathodes_out[6]
                            (output port)
  Path Group:             (none)
  Path Type:              Max at Slow Process Corner
  Data Path Delay:        14.725ns  (logic 5.304ns (36.022%)  route 9.421ns (63.978%))
  Logic Levels:           9  (LUT4=1 LUT5=1 LUT6=6 OBUF=1)
  Clock Uncertainty:      0.025ns  ((TSJ^2 + TIJ^2)^1/2 + DJ) / 2 + PE
    Total System Jitter     (TSJ):    0.050ns
    Total Input Jitter      (TIJ):    0.000ns
    Discrete Jitter          (DJ):    0.000ns
    Phase Error              (PE):    0.000ns

    Location             Delay type                Incr(ns)  Path(ns)    Netlist Resource(s)
  -------------------------------------------------------------------    -------------------
                         (clock sys_clk_pin rise edge)
                                                      0.000     0.000 r  
    E3                                                0.000     0.000 r  clk (IN)
                         net (fo=0)                   0.000     0.000    clk
    E3                   IBUF (Prop_ibuf_I_O)         1.482     1.482 r  clk_IBUF_inst/O
                         net (fo=1, routed)           2.025     3.506    clk_IBUF
    BUFGCTRL_X0Y16       BUFG (Prop_bufg_I_O)         0.096     3.602 r  clk_IBUF_BUFG_inst/O
                         net (fo=150, routed)         1.717     5.320    booth_mul/clk_IBUF_BUFG
    SLICE_X6Y84          FDRE                                         r  booth_mul/result_temp_reg[11]/C
  -------------------------------------------------------------------    -------------------
    SLICE_X6Y84          FDRE (Prop_fdre_C_Q)         0.518     5.838 r  booth_mul/result_temp_reg[11]/Q
                         net (fo=5, routed)           1.106     6.943    booth_mul/result[11]
    SLICE_X6Y84          LUT6 (Prop_lut6_I1_O)        0.124     7.067 r  booth_mul/cathodes_out_OBUF[6]_inst_i_28/O
                         net (fo=3, routed)           0.692     7.759    booth_mul/cathodes_out_OBUF[6]_inst_i_28_n_0
    SLICE_X6Y84          LUT6 (Prop_lut6_I1_O)        0.124     7.883 r  booth_mul/cathodes_out_OBUF[6]_inst_i_25/O
                         net (fo=3, routed)           0.817     8.700    booth_mul/cathodes_out_OBUF[6]_inst_i_25_n_0
    SLICE_X7Y86          LUT6 (Prop_lut6_I0_O)        0.124     8.824 r  booth_mul/cathodes_out_OBUF[6]_inst_i_16/O
                         net (fo=6, routed)           1.564    10.388    booth_mul/result_temp_reg[8]_0
    SLICE_X6Y87          LUT6 (Prop_lut6_I3_O)        0.124    10.512 r  booth_mul/cathodes_out_OBUF[6]_inst_i_20/O
                         net (fo=4, routed)           0.625    11.137    booth_mul/result_temp_reg[6]_0
    SLICE_X6Y86          LUT6 (Prop_lut6_I3_O)        0.124    11.261 r  booth_mul/cathodes_out_OBUF[6]_inst_i_18/O
                         net (fo=3, routed)           0.898    12.159    display/counter_instance/cathodes_out_OBUF[6]_inst_i_4_0
    SLICE_X2Y86          LUT5 (Prop_lut5_I4_O)        0.150    12.309 r  display/counter_instance/cathodes_out_OBUF[6]_inst_i_11/O
                         net (fo=1, routed)           0.854    13.163    booth_mul/cathodes_out_OBUF[0]_inst_i_1_1
    SLICE_X2Y87          LUT6 (Prop_lut6_I0_O)        0.355    13.518 r  booth_mul/cathodes_out_OBUF[6]_inst_i_4/O
                         net (fo=7, routed)           1.153    14.672    booth_mul/sel0[2]
    SLICE_X1Y88          LUT4 (Prop_lut4_I2_O)        0.124    14.796 r  booth_mul/cathodes_out_OBUF[6]_inst_i_1/O
                         net (fo=1, routed)           1.712    16.508    cathodes_out_OBUF[6]
    L18                  OBUF (Prop_obuf_I_O)         3.537    20.045 r  cathodes_out_OBUF[6]_inst/O
                         net (fo=0)                   0.000    20.045    cathodes_out[6]
    L18                                                               r  cathodes_out[6] (OUT)
  -------------------------------------------------------------------    -------------------

Slack:                    inf
  Source:                 display/counter_instance/c_reg[0]/C
                            (rising edge-triggered cell FDRE clocked by sys_clk_pin  {rise@0.000ns fall@5.000ns period=10.000ns})
  Destination:            anodes_out[6]
                            (output port)
  Path Group:             (none)
  Path Type:              Max at Slow Process Corner
  Data Path Delay:        10.149ns  (logic 4.160ns (40.985%)  route 5.989ns (59.015%))
  Logic Levels:           2  (LUT3=1 OBUF=1)
  Clock Uncertainty:      0.025ns  ((TSJ^2 + TIJ^2)^1/2 + DJ) / 2 + PE
    Total System Jitter     (TSJ):    0.050ns
    Total Input Jitter      (TIJ):    0.000ns
    Discrete Jitter          (DJ):    0.000ns
    Phase Error              (PE):    0.000ns

    Location             Delay type                Incr(ns)  Path(ns)    Netlist Resource(s)
  -------------------------------------------------------------------    -------------------
                         (clock sys_clk_pin rise edge)
                                                      0.000     0.000 r  
    E3                                                0.000     0.000 r  clk (IN)
                         net (fo=0)                   0.000     0.000    clk
    E3                   IBUF (Prop_ibuf_I_O)         1.482     1.482 r  clk_IBUF_inst/O
                         net (fo=1, routed)           2.025     3.506    clk_IBUF
    BUFGCTRL_X0Y16       BUFG (Prop_bufg_I_O)         0.096     3.602 r  clk_IBUF_BUFG_inst/O
                         net (fo=150, routed)         1.717     5.320    display/counter_instance/clk_IBUF_BUFG
    SLICE_X2Y83          FDRE                                         r  display/counter_instance/c_reg[0]/C
  -------------------------------------------------------------------    -------------------
    SLICE_X2Y83          FDRE (Prop_fdre_C_Q)         0.518     5.838 r  display/counter_instance/c_reg[0]/Q
                         net (fo=16, routed)          1.449     7.286    display/counter_instance/c_reg[0]_0
    SLICE_X3Y87          LUT3 (Prop_lut3_I1_O)        0.124     7.410 r  display/counter_instance/anodes_out_OBUF[6]_inst_i_1/O
                         net (fo=1, routed)           4.541    11.951    anodes_out_OBUF[6]
    K2                   OBUF (Prop_obuf_I_O)         3.518    15.469 r  anodes_out_OBUF[6]_inst/O
                         net (fo=0)                   0.000    15.469    anodes_out[6]
    K2                                                                r  anodes_out[6] (OUT)
  -------------------------------------------------------------------    -------------------

Slack:                    inf
  Source:                 display/counter_instance/c_reg[0]/C
                            (rising edge-triggered cell FDRE clocked by sys_clk_pin  {rise@0.000ns fall@5.000ns period=10.000ns})
  Destination:            anodes_out[7]
                            (output port)
  Path Group:             (none)
  Path Type:              Max at Slow Process Corner
  Data Path Delay:        8.390ns  (logic 4.195ns (50.005%)  route 4.195ns (49.995%))
  Logic Levels:           2  (LUT3=1 OBUF=1)
  Clock Uncertainty:      0.025ns  ((TSJ^2 + TIJ^2)^1/2 + DJ) / 2 + PE
    Total System Jitter     (TSJ):    0.050ns
    Total Input Jitter      (TIJ):    0.000ns
    Discrete Jitter          (DJ):    0.000ns
    Phase Error              (PE):    0.000ns

    Location             Delay type                Incr(ns)  Path(ns)    Netlist Resource(s)
  -------------------------------------------------------------------    -------------------
                         (clock sys_clk_pin rise edge)
                                                      0.000     0.000 r  
    E3                                                0.000     0.000 r  clk (IN)
                         net (fo=0)                   0.000     0.000    clk
    E3                   IBUF (Prop_ibuf_I_O)         1.482     1.482 r  clk_IBUF_inst/O
                         net (fo=1, routed)           2.025     3.506    clk_IBUF
    BUFGCTRL_X0Y16       BUFG (Prop_bufg_I_O)         0.096     3.602 r  clk_IBUF_BUFG_inst/O
                         net (fo=150, routed)         1.717     5.320    display/counter_instance/clk_IBUF_BUFG
    SLICE_X2Y83          FDRE                                         r  display/counter_instance/c_reg[0]/C
  -------------------------------------------------------------------    -------------------
    SLICE_X2Y83          FDRE (Prop_fdre_C_Q)         0.518     5.838 f  display/counter_instance/c_reg[0]/Q
                         net (fo=16, routed)          1.284     7.121    display/counter_instance/c_reg[0]_0
    SLICE_X2Y86          LUT3 (Prop_lut3_I1_O)        0.124     7.245 r  display/counter_instance/anodes_out_OBUF[7]_inst_i_1/O
                         net (fo=1, routed)           2.911    10.156    anodes_out_OBUF[7]
    U13                  OBUF (Prop_obuf_I_O)         3.553    13.710 r  anodes_out_OBUF[7]_inst/O
                         net (fo=0)                   0.000    13.710    anodes_out[7]
    U13                                                               r  anodes_out[7] (OUT)
  -------------------------------------------------------------------    -------------------

Slack:                    inf
  Source:                 display/counter_instance/c_reg[0]/C
                            (rising edge-triggered cell FDRE clocked by sys_clk_pin  {rise@0.000ns fall@5.000ns period=10.000ns})
  Destination:            anodes_out[3]
                            (output port)
  Path Group:             (none)
  Path Type:              Max at Slow Process Corner
  Data Path Delay:        8.229ns  (logic 4.194ns (50.966%)  route 4.035ns (49.034%))
  Logic Levels:           2  (LUT3=1 OBUF=1)
  Clock Uncertainty:      0.025ns  ((TSJ^2 + TIJ^2)^1/2 + DJ) / 2 + PE
    Total System Jitter     (TSJ):    0.050ns
    Total Input Jitter      (TIJ):    0.000ns
    Discrete Jitter          (DJ):    0.000ns
    Phase Error              (PE):    0.000ns

    Location             Delay type                Incr(ns)  Path(ns)    Netlist Resource(s)
  -------------------------------------------------------------------    -------------------
                         (clock sys_clk_pin rise edge)
                                                      0.000     0.000 r  
    E3                                                0.000     0.000 r  clk (IN)
                         net (fo=0)                   0.000     0.000    clk
    E3                   IBUF (Prop_ibuf_I_O)         1.482     1.482 r  clk_IBUF_inst/O
                         net (fo=1, routed)           2.025     3.506    clk_IBUF
    BUFGCTRL_X0Y16       BUFG (Prop_bufg_I_O)         0.096     3.602 r  clk_IBUF_BUFG_inst/O
                         net (fo=150, routed)         1.717     5.320    display/counter_instance/clk_IBUF_BUFG
    SLICE_X2Y83          FDRE                                         r  display/counter_instance/c_reg[0]/C
  -------------------------------------------------------------------    -------------------
    SLICE_X2Y83          FDRE (Prop_fdre_C_Q)         0.518     5.838 f  display/counter_instance/c_reg[0]/Q
                         net (fo=16, routed)          1.447     7.284    display/counter_instance/c_reg[0]_0
    SLICE_X3Y87          LUT3 (Prop_lut3_I1_O)        0.124     7.408 r  display/counter_instance/anodes_out_OBUF[3]_inst_i_1/O
                         net (fo=1, routed)           2.588     9.997    anodes_out_OBUF[3]
    J14                  OBUF (Prop_obuf_I_O)         3.552    13.549 r  anodes_out_OBUF[3]_inst/O
                         net (fo=0)                   0.000    13.549    anodes_out[3]
    J14                                                               r  anodes_out[3] (OUT)
  -------------------------------------------------------------------    -------------------





Min Delay Paths
--------------------------------------------------------------------------------------
Slack:                    inf
  Source:                 booth_mul/mul_ended_reg/C
                            (rising edge-triggered cell FDRE clocked by sys_clk_pin  {rise@0.000ns fall@5.000ns period=10.000ns})
  Destination:            ended
                            (output port)
  Path Group:             (none)
  Path Type:              Min at Fast Process Corner
  Data Path Delay:        1.937ns  (logic 1.362ns (70.331%)  route 0.575ns (29.669%))
  Logic Levels:           1  (OBUF=1)
  Clock Uncertainty:      0.025ns  ((TSJ^2 + TIJ^2)^1/2 + DJ) / 2 + PE
    Total System Jitter     (TSJ):    0.050ns
    Total Input Jitter      (TIJ):    0.000ns
    Discrete Jitter          (DJ):    0.000ns
    Phase Error              (PE):    0.000ns

    Location             Delay type                Incr(ns)  Path(ns)    Netlist Resource(s)
  -------------------------------------------------------------------    -------------------
                         (clock sys_clk_pin rise edge)
                                                      0.000     0.000 r  
    E3                                                0.000     0.000 r  clk (IN)
                         net (fo=0)                   0.000     0.000    clk
    E3                   IBUF (Prop_ibuf_I_O)         0.250     0.250 r  clk_IBUF_inst/O
                         net (fo=1, routed)           0.644     0.894    clk_IBUF
    BUFGCTRL_X0Y16       BUFG (Prop_bufg_I_O)         0.026     0.920 r  clk_IBUF_BUFG_inst/O
                         net (fo=150, routed)         0.600     1.519    booth_mul/clk_IBUF_BUFG
    SLICE_X1Y86          FDRE                                         r  booth_mul/mul_ended_reg/C
  -------------------------------------------------------------------    -------------------
    SLICE_X1Y86          FDRE (Prop_fdre_C_Q)         0.141     1.660 r  booth_mul/mul_ended_reg/Q
                         net (fo=1, routed)           0.575     2.235    ended_OBUF
    H17                  OBUF (Prop_obuf_I_O)         1.221     3.456 r  ended_OBUF_inst/O
                         net (fo=0)                   0.000     3.456    ended
    H17                                                               r  ended (OUT)
  -------------------------------------------------------------------    -------------------

Slack:                    inf
  Source:                 display/counter_instance/c_reg[1]/C
                            (rising edge-triggered cell FDRE clocked by sys_clk_pin  {rise@0.000ns fall@5.000ns period=10.000ns})
  Destination:            anodes_out[4]
                            (output port)
  Path Group:             (none)
  Path Type:              Min at Fast Process Corner
  Data Path Delay:        1.973ns  (logic 1.460ns (73.998%)  route 0.513ns (26.002%))
  Logic Levels:           2  (LUT3=1 OBUF=1)
  Clock Uncertainty:      0.025ns  ((TSJ^2 + TIJ^2)^1/2 + DJ) / 2 + PE
    Total System Jitter     (TSJ):    0.050ns
    Total Input Jitter      (TIJ):    0.000ns
    Discrete Jitter          (DJ):    0.000ns
    Phase Error              (PE):    0.000ns

    Location             Delay type                Incr(ns)  Path(ns)    Netlist Resource(s)
  -------------------------------------------------------------------    -------------------
                         (clock sys_clk_pin rise edge)
                                                      0.000     0.000 r  
    E3                                                0.000     0.000 r  clk (IN)
                         net (fo=0)                   0.000     0.000    clk
    E3                   IBUF (Prop_ibuf_I_O)         0.250     0.250 r  clk_IBUF_inst/O
                         net (fo=1, routed)           0.644     0.894    clk_IBUF
    BUFGCTRL_X0Y16       BUFG (Prop_bufg_I_O)         0.026     0.920 r  clk_IBUF_BUFG_inst/O
                         net (fo=150, routed)         0.599     1.518    display/counter_instance/clk_IBUF_BUFG
    SLICE_X2Y83          FDRE                                         r  display/counter_instance/c_reg[1]/C
  -------------------------------------------------------------------    -------------------
    SLICE_X2Y83          FDRE (Prop_fdre_C_Q)         0.164     1.682 r  display/counter_instance/c_reg[1]/Q
                         net (fo=16, routed)          0.186     1.869    display/counter_instance/c_reg[1]_0
    SLICE_X2Y83          LUT3 (Prop_lut3_I2_O)        0.045     1.914 r  display/counter_instance/anodes_out_OBUF[4]_inst_i_1/O
                         net (fo=1, routed)           0.327     2.240    anodes_out_OBUF[4]
    P14                  OBUF (Prop_obuf_I_O)         1.251     3.491 r  anodes_out_OBUF[4]_inst/O
                         net (fo=0)                   0.000     3.491    anodes_out[4]
    P14                                                               r  anodes_out[4] (OUT)
  -------------------------------------------------------------------    -------------------

Slack:                    inf
  Source:                 display/counter_instance/c_reg[0]/C
                            (rising edge-triggered cell FDRE clocked by sys_clk_pin  {rise@0.000ns fall@5.000ns period=10.000ns})
  Destination:            anodes_out[1]
                            (output port)
  Path Group:             (none)
  Path Type:              Min at Fast Process Corner
  Data Path Delay:        2.232ns  (logic 1.445ns (64.751%)  route 0.787ns (35.249%))
  Logic Levels:           2  (LUT3=1 OBUF=1)
  Clock Uncertainty:      0.025ns  ((TSJ^2 + TIJ^2)^1/2 + DJ) / 2 + PE
    Total System Jitter     (TSJ):    0.050ns
    Total Input Jitter      (TIJ):    0.000ns
    Discrete Jitter          (DJ):    0.000ns
    Phase Error              (PE):    0.000ns

    Location             Delay type                Incr(ns)  Path(ns)    Netlist Resource(s)
  -------------------------------------------------------------------    -------------------
                         (clock sys_clk_pin rise edge)
                                                      0.000     0.000 r  
    E3                                                0.000     0.000 r  clk (IN)
                         net (fo=0)                   0.000     0.000    clk
    E3                   IBUF (Prop_ibuf_I_O)         0.250     0.250 r  clk_IBUF_inst/O
                         net (fo=1, routed)           0.644     0.894    clk_IBUF
    BUFGCTRL_X0Y16       BUFG (Prop_bufg_I_O)         0.026     0.920 r  clk_IBUF_BUFG_inst/O
                         net (fo=150, routed)         0.599     1.518    display/counter_instance/clk_IBUF_BUFG
    SLICE_X2Y83          FDRE                                         r  display/counter_instance/c_reg[0]/C
  -------------------------------------------------------------------    -------------------
    SLICE_X2Y83          FDRE (Prop_fdre_C_Q)         0.164     1.682 f  display/counter_instance/c_reg[0]/Q
                         net (fo=16, routed)          0.186     1.869    display/counter_instance/c_reg[0]_0
    SLICE_X2Y83          LUT3 (Prop_lut3_I0_O)        0.045     1.914 r  display/counter_instance/anodes_out_OBUF[1]_inst_i_1/O
                         net (fo=1, routed)           0.600     2.514    anodes_out_OBUF[1]
    J18                  OBUF (Prop_obuf_I_O)         1.236     3.751 r  anodes_out_OBUF[1]_inst/O
                         net (fo=0)                   0.000     3.751    anodes_out[1]
    J18                                                               r  anodes_out[1] (OUT)
  -------------------------------------------------------------------    -------------------

Slack:                    inf
  Source:                 display/counter_instance/c_reg[0]/C
                            (rising edge-triggered cell FDRE clocked by sys_clk_pin  {rise@0.000ns fall@5.000ns period=10.000ns})
  Destination:            anodes_out[5]
                            (output port)
  Path Group:             (none)
  Path Type:              Min at Fast Process Corner
  Data Path Delay:        2.248ns  (logic 1.532ns (68.161%)  route 0.716ns (31.839%))
  Logic Levels:           2  (LUT3=1 OBUF=1)
  Clock Uncertainty:      0.025ns  ((TSJ^2 + TIJ^2)^1/2 + DJ) / 2 + PE
    Total System Jitter     (TSJ):    0.050ns
    Total Input Jitter      (TIJ):    0.000ns
    Discrete Jitter          (DJ):    0.000ns
    Phase Error              (PE):    0.000ns

    Location             Delay type                Incr(ns)  Path(ns)    Netlist Resource(s)
  -------------------------------------------------------------------    -------------------
                         (clock sys_clk_pin rise edge)
                                                      0.000     0.000 r  
    E3                                                0.000     0.000 r  clk (IN)
                         net (fo=0)                   0.000     0.000    clk
    E3                   IBUF (Prop_ibuf_I_O)         0.250     0.250 r  clk_IBUF_inst/O
                         net (fo=1, routed)           0.644     0.894    clk_IBUF
    BUFGCTRL_X0Y16       BUFG (Prop_bufg_I_O)         0.026     0.920 r  clk_IBUF_BUFG_inst/O
                         net (fo=150, routed)         0.599     1.518    display/counter_instance/clk_IBUF_BUFG
    SLICE_X2Y83          FDRE                                         r  display/counter_instance/c_reg[0]/C
  -------------------------------------------------------------------    -------------------
    SLICE_X2Y83          FDRE (Prop_fdre_C_Q)         0.164     1.682 f  display/counter_instance/c_reg[0]/Q
                         net (fo=16, routed)          0.186     1.869    display/counter_instance/c_reg[0]_0
    SLICE_X2Y83          LUT3 (Prop_lut3_I0_O)        0.043     1.912 r  display/counter_instance/anodes_out_OBUF[5]_inst_i_1/O
                         net (fo=1, routed)           0.529     2.441    anodes_out_OBUF[5]
    T14                  OBUF (Prop_obuf_I_O)         1.325     3.766 r  anodes_out_OBUF[5]_inst/O
                         net (fo=0)                   0.000     3.766    anodes_out[5]
    T14                                                               r  anodes_out[5] (OUT)
  -------------------------------------------------------------------    -------------------

Slack:                    inf
  Source:                 booth_mul/result_temp_reg[0]/C
                            (rising edge-triggered cell FDRE clocked by sys_clk_pin  {rise@0.000ns fall@5.000ns period=10.000ns})
  Destination:            cathodes_out[6]
                            (output port)
  Path Group:             (none)
  Path Type:              Min at Fast Process Corner
  Data Path Delay:        2.269ns  (logic 1.492ns (65.760%)  route 0.777ns (34.240%))
  Logic Levels:           3  (LUT4=1 LUT6=1 OBUF=1)
  Clock Uncertainty:      0.025ns  ((TSJ^2 + TIJ^2)^1/2 + DJ) / 2 + PE
    Total System Jitter     (TSJ):    0.050ns
    Total Input Jitter      (TIJ):    0.000ns
    Discrete Jitter          (DJ):    0.000ns
    Phase Error              (PE):    0.000ns

    Location             Delay type                Incr(ns)  Path(ns)    Netlist Resource(s)
  -------------------------------------------------------------------    -------------------
                         (clock sys_clk_pin rise edge)
                                                      0.000     0.000 r  
    E3                                                0.000     0.000 r  clk (IN)
                         net (fo=0)                   0.000     0.000    clk
    E3                   IBUF (Prop_ibuf_I_O)         0.250     0.250 r  clk_IBUF_inst/O
                         net (fo=1, routed)           0.644     0.894    clk_IBUF
    BUFGCTRL_X0Y16       BUFG (Prop_bufg_I_O)         0.026     0.920 r  clk_IBUF_BUFG_inst/O
                         net (fo=150, routed)         0.601     1.520    booth_mul/clk_IBUF_BUFG
    SLICE_X2Y87          FDRE                                         r  booth_mul/result_temp_reg[0]/C
  -------------------------------------------------------------------    -------------------
    SLICE_X2Y87          FDRE (Prop_fdre_C_Q)         0.164     1.684 r  booth_mul/result_temp_reg[0]/Q
                         net (fo=1, routed)           0.163     1.847    booth_mul/result[0]
    SLICE_X2Y87          LUT6 (Prop_lut6_I0_O)        0.045     1.892 r  booth_mul/cathodes_out_OBUF[6]_inst_i_2/O
                         net (fo=7, routed)           0.261     2.153    booth_mul/sel0[0]
    SLICE_X1Y88          LUT4 (Prop_lut4_I0_O)        0.045     2.198 r  booth_mul/cathodes_out_OBUF[6]_inst_i_1/O
                         net (fo=1, routed)           0.353     2.551    cathodes_out_OBUF[6]
    L18                  OBUF (Prop_obuf_I_O)         1.238     3.789 r  cathodes_out_OBUF[6]_inst/O
                         net (fo=0)                   0.000     3.789    cathodes_out[6]
    L18                                                               r  cathodes_out[6] (OUT)
  -------------------------------------------------------------------    -------------------

Slack:                    inf
  Source:                 display/counter_instance/c_reg[0]/C
                            (rising edge-triggered cell FDRE clocked by sys_clk_pin  {rise@0.000ns fall@5.000ns period=10.000ns})
  Destination:            anodes_out[0]
                            (output port)
  Path Group:             (none)
  Path Type:              Min at Fast Process Corner
  Data Path Delay:        2.335ns  (logic 1.445ns (61.906%)  route 0.889ns (38.094%))
  Logic Levels:           2  (LUT3=1 OBUF=1)
  Clock Uncertainty:      0.025ns  ((TSJ^2 + TIJ^2)^1/2 + DJ) / 2 + PE
    Total System Jitter     (TSJ):    0.050ns
    Total Input Jitter      (TIJ):    0.000ns
    Discrete Jitter          (DJ):    0.000ns
    Phase Error              (PE):    0.000ns

    Location             Delay type                Incr(ns)  Path(ns)    Netlist Resource(s)
  -------------------------------------------------------------------    -------------------
                         (clock sys_clk_pin rise edge)
                                                      0.000     0.000 r  
    E3                                                0.000     0.000 r  clk (IN)
                         net (fo=0)                   0.000     0.000    clk
    E3                   IBUF (Prop_ibuf_I_O)         0.250     0.250 r  clk_IBUF_inst/O
                         net (fo=1, routed)           0.644     0.894    clk_IBUF
    BUFGCTRL_X0Y16       BUFG (Prop_bufg_I_O)         0.026     0.920 r  clk_IBUF_BUFG_inst/O
                         net (fo=150, routed)         0.599     1.518    display/counter_instance/clk_IBUF_BUFG
    SLICE_X2Y83          FDRE                                         r  display/counter_instance/c_reg[0]/C
  -------------------------------------------------------------------    -------------------
    SLICE_X2Y83          FDRE (Prop_fdre_C_Q)         0.164     1.682 r  display/counter_instance/c_reg[0]/Q
                         net (fo=16, routed)          0.186     1.869    display/counter_instance/c_reg[0]_0
    SLICE_X2Y83          LUT3 (Prop_lut3_I1_O)        0.045     1.914 r  display/counter_instance/anodes_out_OBUF[0]_inst_i_1/O
                         net (fo=3, routed)           0.703     2.617    anodes_out_OBUF[0]
    J17                  OBUF (Prop_obuf_I_O)         1.236     3.853 r  anodes_out_OBUF[0]_inst/O
                         net (fo=0)                   0.000     3.853    anodes_out[0]
    J17                                                               r  anodes_out[0] (OUT)
  -------------------------------------------------------------------    -------------------

Slack:                    inf
  Source:                 booth_mul/result_temp_reg[1]/C
                            (rising edge-triggered cell FDRE clocked by sys_clk_pin  {rise@0.000ns fall@5.000ns period=10.000ns})
  Destination:            cathodes_out[2]
                            (output port)
  Path Group:             (none)
  Path Type:              Min at Fast Process Corner
  Data Path Delay:        2.357ns  (logic 1.448ns (61.440%)  route 0.909ns (38.560%))
  Logic Levels:           3  (LUT4=1 LUT6=1 OBUF=1)
  Clock Uncertainty:      0.025ns  ((TSJ^2 + TIJ^2)^1/2 + DJ) / 2 + PE
    Total System Jitter     (TSJ):    0.050ns
    Total Input Jitter      (TIJ):    0.000ns
    Discrete Jitter          (DJ):    0.000ns
    Phase Error              (PE):    0.000ns

    Location             Delay type                Incr(ns)  Path(ns)    Netlist Resource(s)
  -------------------------------------------------------------------    -------------------
                         (clock sys_clk_pin rise edge)
                                                      0.000     0.000 r  
    E3                                                0.000     0.000 r  clk (IN)
                         net (fo=0)                   0.000     0.000    clk
    E3                   IBUF (Prop_ibuf_I_O)         0.250     0.250 r  clk_IBUF_inst/O
                         net (fo=1, routed)           0.644     0.894    clk_IBUF
    BUFGCTRL_X0Y16       BUFG (Prop_bufg_I_O)         0.026     0.920 r  clk_IBUF_BUFG_inst/O
                         net (fo=150, routed)         0.601     1.520    booth_mul/clk_IBUF_BUFG
    SLICE_X2Y87          FDRE                                         r  booth_mul/result_temp_reg[1]/C
  -------------------------------------------------------------------    -------------------
    SLICE_X2Y87          FDRE (Prop_fdre_C_Q)         0.164     1.684 r  booth_mul/result_temp_reg[1]/Q
                         net (fo=6, routed)           0.252     1.937    display/counter_instance/Q[0]
    SLICE_X3Y87          LUT6 (Prop_lut6_I1_O)        0.045     1.982 r  display/counter_instance/cathodes_out_OBUF[6]_inst_i_5/O
                         net (fo=7, routed)           0.160     2.142    booth_mul/cathodes_out[0][0]
    SLICE_X1Y88          LUT4 (Prop_lut4_I3_O)        0.045     2.187 r  booth_mul/cathodes_out_OBUF[2]_inst_i_1/O
                         net (fo=1, routed)           0.497     2.683    cathodes_out_OBUF[2]
    K16                  OBUF (Prop_obuf_I_O)         1.194     3.878 r  cathodes_out_OBUF[2]_inst/O
                         net (fo=0)                   0.000     3.878    cathodes_out[2]
    K16                                                               r  cathodes_out[2] (OUT)
  -------------------------------------------------------------------    -------------------

Slack:                    inf
  Source:                 booth_mul/result_temp_reg[1]/C
                            (rising edge-triggered cell FDRE clocked by sys_clk_pin  {rise@0.000ns fall@5.000ns period=10.000ns})
  Destination:            cathodes_out[4]
                            (output port)
  Path Group:             (none)
  Path Type:              Min at Fast Process Corner
  Data Path Delay:        2.524ns  (logic 1.553ns (61.539%)  route 0.971ns (38.461%))
  Logic Levels:           3  (LUT4=1 LUT6=1 OBUF=1)
  Clock Uncertainty:      0.025ns  ((TSJ^2 + TIJ^2)^1/2 + DJ) / 2 + PE
    Total System Jitter     (TSJ):    0.050ns
    Total Input Jitter      (TIJ):    0.000ns
    Discrete Jitter          (DJ):    0.000ns
    Phase Error              (PE):    0.000ns

    Location             Delay type                Incr(ns)  Path(ns)    Netlist Resource(s)
  -------------------------------------------------------------------    -------------------
                         (clock sys_clk_pin rise edge)
                                                      0.000     0.000 r  
    E3                                                0.000     0.000 r  clk (IN)
                         net (fo=0)                   0.000     0.000    clk
    E3                   IBUF (Prop_ibuf_I_O)         0.250     0.250 r  clk_IBUF_inst/O
                         net (fo=1, routed)           0.644     0.894    clk_IBUF
    BUFGCTRL_X0Y16       BUFG (Prop_bufg_I_O)         0.026     0.920 r  clk_IBUF_BUFG_inst/O
                         net (fo=150, routed)         0.601     1.520    booth_mul/clk_IBUF_BUFG
    SLICE_X2Y87          FDRE                                         r  booth_mul/result_temp_reg[1]/C
  -------------------------------------------------------------------    -------------------
    SLICE_X2Y87          FDRE (Prop_fdre_C_Q)         0.164     1.684 r  booth_mul/result_temp_reg[1]/Q
                         net (fo=6, routed)           0.252     1.937    display/counter_instance/Q[0]
    SLICE_X3Y87          LUT6 (Prop_lut6_I1_O)        0.045     1.982 r  display/counter_instance/cathodes_out_OBUF[6]_inst_i_5/O
                         net (fo=7, routed)           0.160     2.142    booth_mul/cathodes_out[0][0]
    SLICE_X1Y88          LUT4 (Prop_lut4_I2_O)        0.048     2.190 r  booth_mul/cathodes_out_OBUF[4]_inst_i_1/O
                         net (fo=1, routed)           0.559     2.748    cathodes_out_OBUF[4]
    P15                  OBUF (Prop_obuf_I_O)         1.296     4.045 r  cathodes_out_OBUF[4]_inst/O
                         net (fo=0)                   0.000     4.045    cathodes_out[4]
    P15                                                               r  cathodes_out[4] (OUT)
  -------------------------------------------------------------------    -------------------

Slack:                    inf
  Source:                 display/counter_instance/c_reg[1]/C
                            (rising edge-triggered cell FDRE clocked by sys_clk_pin  {rise@0.000ns fall@5.000ns period=10.000ns})
  Destination:            anodes_out[3]
                            (output port)
  Path Group:             (none)
  Path Type:              Min at Fast Process Corner
  Data Path Delay:        2.540ns  (logic 1.462ns (57.556%)  route 1.078ns (42.444%))
  Logic Levels:           2  (LUT3=1 OBUF=1)
  Clock Uncertainty:      0.025ns  ((TSJ^2 + TIJ^2)^1/2 + DJ) / 2 + PE
    Total System Jitter     (TSJ):    0.050ns
    Total Input Jitter      (TIJ):    0.000ns
    Discrete Jitter          (DJ):    0.000ns
    Phase Error              (PE):    0.000ns

    Location             Delay type                Incr(ns)  Path(ns)    Netlist Resource(s)
  -------------------------------------------------------------------    -------------------
                         (clock sys_clk_pin rise edge)
                                                      0.000     0.000 r  
    E3                                                0.000     0.000 r  clk (IN)
                         net (fo=0)                   0.000     0.000    clk
    E3                   IBUF (Prop_ibuf_I_O)         0.250     0.250 r  clk_IBUF_inst/O
                         net (fo=1, routed)           0.644     0.894    clk_IBUF
    BUFGCTRL_X0Y16       BUFG (Prop_bufg_I_O)         0.026     0.920 r  clk_IBUF_BUFG_inst/O
                         net (fo=150, routed)         0.599     1.518    display/counter_instance/clk_IBUF_BUFG
    SLICE_X2Y83          FDRE                                         r  display/counter_instance/c_reg[1]/C
  -------------------------------------------------------------------    -------------------
    SLICE_X2Y83          FDRE (Prop_fdre_C_Q)         0.164     1.682 f  display/counter_instance/c_reg[1]/Q
                         net (fo=16, routed)          0.373     2.055    display/counter_instance/c_reg[1]_0
    SLICE_X3Y87          LUT3 (Prop_lut3_I0_O)        0.045     2.100 r  display/counter_instance/anodes_out_OBUF[3]_inst_i_1/O
                         net (fo=1, routed)           0.705     2.805    anodes_out_OBUF[3]
    J14                  OBUF (Prop_obuf_I_O)         1.253     4.058 r  anodes_out_OBUF[3]_inst/O
                         net (fo=0)                   0.000     4.058    anodes_out[3]
    J14                                                               r  anodes_out[3] (OUT)
  -------------------------------------------------------------------    -------------------

Slack:                    inf
  Source:                 display/counter_instance/c_reg[0]/C
                            (rising edge-triggered cell FDRE clocked by sys_clk_pin  {rise@0.000ns fall@5.000ns period=10.000ns})
  Destination:            anodes_out[2]
                            (output port)
  Path Group:             (none)
  Path Type:              Min at Fast Process Corner
  Data Path Delay:        2.576ns  (logic 1.548ns (60.078%)  route 1.029ns (39.922%))
  Logic Levels:           2  (LUT3=1 OBUF=1)
  Clock Uncertainty:      0.025ns  ((TSJ^2 + TIJ^2)^1/2 + DJ) / 2 + PE
    Total System Jitter     (TSJ):    0.050ns
    Total Input Jitter      (TIJ):    0.000ns
    Discrete Jitter          (DJ):    0.000ns
    Phase Error              (PE):    0.000ns

    Location             Delay type                Incr(ns)  Path(ns)    Netlist Resource(s)
  -------------------------------------------------------------------    -------------------
                         (clock sys_clk_pin rise edge)
                                                      0.000     0.000 r  
    E3                                                0.000     0.000 r  clk (IN)
                         net (fo=0)                   0.000     0.000    clk
    E3                   IBUF (Prop_ibuf_I_O)         0.250     0.250 r  clk_IBUF_inst/O
                         net (fo=1, routed)           0.644     0.894    clk_IBUF
    BUFGCTRL_X0Y16       BUFG (Prop_bufg_I_O)         0.026     0.920 r  clk_IBUF_BUFG_inst/O
                         net (fo=150, routed)         0.599     1.518    display/counter_instance/clk_IBUF_BUFG
    SLICE_X2Y83          FDRE                                         r  display/counter_instance/c_reg[0]/C
  -------------------------------------------------------------------    -------------------
    SLICE_X2Y83          FDRE (Prop_fdre_C_Q)         0.164     1.682 r  display/counter_instance/c_reg[0]/Q
                         net (fo=16, routed)          0.186     1.869    display/counter_instance/c_reg[0]_0
    SLICE_X2Y83          LUT3 (Prop_lut3_I1_O)        0.043     1.912 r  display/counter_instance/anodes_out_OBUF[2]_inst_i_1/O
                         net (fo=1, routed)           0.842     2.754    anodes_out_OBUF[2]
    T9                   OBUF (Prop_obuf_I_O)         1.341     4.095 r  anodes_out_OBUF[2]_inst/O
                         net (fo=0)                   0.000     4.095    anodes_out[2]
    T9                                                                r  anodes_out[2] (OUT)
  -------------------------------------------------------------------    -------------------





--------------------------------------------------------------------------------------
Path Group:  (none)
From Clock:  
  To Clock:  sys_clk_pin

Max Delay            22 Endpoints
Min Delay            22 Endpoints
--------------------------------------------------------------------------------------


Max Delay Paths
--------------------------------------------------------------------------------------
Slack:                    inf
  Source:                 y[1]
                            (input port)
  Destination:            booth_mul/M/reg_reg[1]/D
                            (rising edge-triggered cell FDRE clocked by sys_clk_pin  {rise@0.000ns fall@5.000ns period=10.000ns})
  Path Group:             (none)
  Path Type:              Setup (Max at Slow Process Corner)
  Data Path Delay:        5.648ns  (logic 0.967ns (17.120%)  route 4.681ns (82.880%))
  Logic Levels:           1  (IBUF=1)
  Clock Path Skew:        5.021ns (DCD - SCD + CPR)
    Destination Clock Delay (DCD):    5.021ns
    Source Clock Delay      (SCD):    0.000ns
    Clock Pessimism Removal (CPR):    0.000ns
  Clock Uncertainty:      0.025ns  ((TSJ^2 + TIJ^2)^1/2 + DJ) / 2 + PE
    Total System Jitter     (TSJ):    0.050ns
    Total Input Jitter      (TIJ):    0.000ns
    Discrete Jitter          (DJ):    0.000ns
    Phase Error              (PE):    0.000ns

    Location             Delay type                Incr(ns)  Path(ns)    Netlist Resource(s)
  -------------------------------------------------------------------    -------------------
    U8                                                0.000     0.000 r  y[1] (IN)
                         net (fo=0)                   0.000     0.000    y[1]
    U8                   IBUF (Prop_ibuf_I_O)         0.967     0.967 r  y_IBUF[1]_inst/O
                         net (fo=1, routed)           4.681     5.648    booth_mul/M/reg_reg[7]_0[1]
    SLICE_X4Y85          FDRE                                         r  booth_mul/M/reg_reg[1]/D
  -------------------------------------------------------------------    -------------------

                         (clock sys_clk_pin rise edge)
                                                      0.000     0.000 r  
    E3                                                0.000     0.000 r  clk (IN)
                         net (fo=0)                   0.000     0.000    clk
    E3                   IBUF (Prop_ibuf_I_O)         1.411     1.411 r  clk_IBUF_inst/O
                         net (fo=1, routed)           1.920     3.331    clk_IBUF
    BUFGCTRL_X0Y16       BUFG (Prop_bufg_I_O)         0.091     3.422 r  clk_IBUF_BUFG_inst/O
                         net (fo=150, routed)         1.598     5.021    booth_mul/M/clk_IBUF_BUFG
    SLICE_X4Y85          FDRE                                         r  booth_mul/M/reg_reg[1]/C

Slack:                    inf
  Source:                 y[4]
                            (input port)
  Destination:            booth_mul/M/reg_reg[4]/D
                            (rising edge-triggered cell FDRE clocked by sys_clk_pin  {rise@0.000ns fall@5.000ns period=10.000ns})
  Path Group:             (none)
  Path Type:              Setup (Max at Slow Process Corner)
  Data Path Delay:        5.401ns  (logic 1.467ns (27.153%)  route 3.935ns (72.847%))
  Logic Levels:           1  (IBUF=1)
  Clock Path Skew:        5.021ns (DCD - SCD + CPR)
    Destination Clock Delay (DCD):    5.021ns
    Source Clock Delay      (SCD):    0.000ns
    Clock Pessimism Removal (CPR):    0.000ns
  Clock Uncertainty:      0.025ns  ((TSJ^2 + TIJ^2)^1/2 + DJ) / 2 + PE
    Total System Jitter     (TSJ):    0.050ns
    Total Input Jitter      (TIJ):    0.000ns
    Discrete Jitter          (DJ):    0.000ns
    Phase Error              (PE):    0.000ns

    Location             Delay type                Incr(ns)  Path(ns)    Netlist Resource(s)
  -------------------------------------------------------------------    -------------------
    H6                                                0.000     0.000 r  y[4] (IN)
                         net (fo=0)                   0.000     0.000    y[4]
    H6                   IBUF (Prop_ibuf_I_O)         1.467     1.467 r  y_IBUF[4]_inst/O
                         net (fo=1, routed)           3.935     5.401    booth_mul/M/reg_reg[7]_0[4]
    SLICE_X4Y85          FDRE                                         r  booth_mul/M/reg_reg[4]/D
  -------------------------------------------------------------------    -------------------

                         (clock sys_clk_pin rise edge)
                                                      0.000     0.000 r  
    E3                                                0.000     0.000 r  clk (IN)
                         net (fo=0)                   0.000     0.000    clk
    E3                   IBUF (Prop_ibuf_I_O)         1.411     1.411 r  clk_IBUF_inst/O
                         net (fo=1, routed)           1.920     3.331    clk_IBUF
    BUFGCTRL_X0Y16       BUFG (Prop_bufg_I_O)         0.091     3.422 r  clk_IBUF_BUFG_inst/O
                         net (fo=150, routed)         1.598     5.021    booth_mul/M/clk_IBUF_BUFG
    SLICE_X4Y85          FDRE                                         r  booth_mul/M/reg_reg[4]/C

Slack:                    inf
  Source:                 y[0]
                            (input port)
  Destination:            booth_mul/M/reg_reg[0]/D
                            (rising edge-triggered cell FDRE clocked by sys_clk_pin  {rise@0.000ns fall@5.000ns period=10.000ns})
  Path Group:             (none)
  Path Type:              Setup (Max at Slow Process Corner)
  Data Path Delay:        5.386ns  (logic 0.982ns (18.234%)  route 4.404ns (81.766%))
  Logic Levels:           1  (IBUF=1)
  Clock Path Skew:        5.021ns (DCD - SCD + CPR)
    Destination Clock Delay (DCD):    5.021ns
    Source Clock Delay      (SCD):    0.000ns
    Clock Pessimism Removal (CPR):    0.000ns
  Clock Uncertainty:      0.025ns  ((TSJ^2 + TIJ^2)^1/2 + DJ) / 2 + PE
    Total System Jitter     (TSJ):    0.050ns
    Total Input Jitter      (TIJ):    0.000ns
    Discrete Jitter          (DJ):    0.000ns
    Phase Error              (PE):    0.000ns

    Location             Delay type                Incr(ns)  Path(ns)    Netlist Resource(s)
  -------------------------------------------------------------------    -------------------
    T8                                                0.000     0.000 r  y[0] (IN)
                         net (fo=0)                   0.000     0.000    y[0]
    T8                   IBUF (Prop_ibuf_I_O)         0.982     0.982 r  y_IBUF[0]_inst/O
                         net (fo=1, routed)           4.404     5.386    booth_mul/M/reg_reg[7]_0[0]
    SLICE_X4Y85          FDRE                                         r  booth_mul/M/reg_reg[0]/D
  -------------------------------------------------------------------    -------------------

                         (clock sys_clk_pin rise edge)
                                                      0.000     0.000 r  
    E3                                                0.000     0.000 r  clk (IN)
                         net (fo=0)                   0.000     0.000    clk
    E3                   IBUF (Prop_ibuf_I_O)         1.411     1.411 r  clk_IBUF_inst/O
                         net (fo=1, routed)           1.920     3.331    clk_IBUF
    BUFGCTRL_X0Y16       BUFG (Prop_bufg_I_O)         0.091     3.422 r  clk_IBUF_BUFG_inst/O
                         net (fo=150, routed)         1.598     5.021    booth_mul/M/clk_IBUF_BUFG
    SLICE_X4Y85          FDRE                                         r  booth_mul/M/reg_reg[0]/C

Slack:                    inf
  Source:                 y[3]
                            (input port)
  Destination:            booth_mul/M/reg_reg[3]/D
                            (rising edge-triggered cell FDRE clocked by sys_clk_pin  {rise@0.000ns fall@5.000ns period=10.000ns})
  Path Group:             (none)
  Path Type:              Setup (Max at Slow Process Corner)
  Data Path Delay:        3.725ns  (logic 1.502ns (40.321%)  route 2.223ns (59.679%))
  Logic Levels:           1  (IBUF=1)
  Clock Path Skew:        5.018ns (DCD - SCD + CPR)
    Destination Clock Delay (DCD):    5.018ns
    Source Clock Delay      (SCD):    0.000ns
    Clock Pessimism Removal (CPR):    0.000ns
  Clock Uncertainty:      0.025ns  ((TSJ^2 + TIJ^2)^1/2 + DJ) / 2 + PE
    Total System Jitter     (TSJ):    0.050ns
    Total Input Jitter      (TIJ):    0.000ns
    Discrete Jitter          (DJ):    0.000ns
    Phase Error              (PE):    0.000ns

    Location             Delay type                Incr(ns)  Path(ns)    Netlist Resource(s)
  -------------------------------------------------------------------    -------------------
    T13                                               0.000     0.000 r  y[3] (IN)
                         net (fo=0)                   0.000     0.000    y[3]
    T13                  IBUF (Prop_ibuf_I_O)         1.502     1.502 r  y_IBUF[3]_inst/O
                         net (fo=1, routed)           2.223     3.725    booth_mul/M/reg_reg[7]_0[3]
    SLICE_X3Y81          FDRE                                         r  booth_mul/M/reg_reg[3]/D
  -------------------------------------------------------------------    -------------------

                         (clock sys_clk_pin rise edge)
                                                      0.000     0.000 r  
    E3                                                0.000     0.000 r  clk (IN)
                         net (fo=0)                   0.000     0.000    clk
    E3                   IBUF (Prop_ibuf_I_O)         1.411     1.411 r  clk_IBUF_inst/O
                         net (fo=1, routed)           1.920     3.331    clk_IBUF
    BUFGCTRL_X0Y16       BUFG (Prop_bufg_I_O)         0.091     3.422 r  clk_IBUF_BUFG_inst/O
                         net (fo=150, routed)         1.595     5.018    booth_mul/M/clk_IBUF_BUFG
    SLICE_X3Y81          FDRE                                         r  booth_mul/M/reg_reg[3]/C

Slack:                    inf
  Source:                 y[5]
                            (input port)
  Destination:            booth_mul/M/reg_reg[5]/D
                            (rising edge-triggered cell FDRE clocked by sys_clk_pin  {rise@0.000ns fall@5.000ns period=10.000ns})
  Path Group:             (none)
  Path Type:              Setup (Max at Slow Process Corner)
  Data Path Delay:        3.561ns  (logic 1.523ns (42.781%)  route 2.038ns (57.219%))
  Logic Levels:           1  (IBUF=1)
  Clock Path Skew:        5.018ns (DCD - SCD + CPR)
    Destination Clock Delay (DCD):    5.018ns
    Source Clock Delay      (SCD):    0.000ns
    Clock Pessimism Removal (CPR):    0.000ns
  Clock Uncertainty:      0.025ns  ((TSJ^2 + TIJ^2)^1/2 + DJ) / 2 + PE
    Total System Jitter     (TSJ):    0.050ns
    Total Input Jitter      (TIJ):    0.000ns
    Discrete Jitter          (DJ):    0.000ns
    Phase Error              (PE):    0.000ns

    Location             Delay type                Incr(ns)  Path(ns)    Netlist Resource(s)
  -------------------------------------------------------------------    -------------------
    U12                                               0.000     0.000 r  y[5] (IN)
                         net (fo=0)                   0.000     0.000    y[5]
    U12                  IBUF (Prop_ibuf_I_O)         1.523     1.523 r  y_IBUF[5]_inst/O
                         net (fo=1, routed)           2.038     3.561    booth_mul/M/reg_reg[7]_0[5]
    SLICE_X3Y81          FDRE                                         r  booth_mul/M/reg_reg[5]/D
  -------------------------------------------------------------------    -------------------

                         (clock sys_clk_pin rise edge)
                                                      0.000     0.000 r  
    E3                                                0.000     0.000 r  clk (IN)
                         net (fo=0)                   0.000     0.000    clk
    E3                   IBUF (Prop_ibuf_I_O)         1.411     1.411 r  clk_IBUF_inst/O
                         net (fo=1, routed)           1.920     3.331    clk_IBUF
    BUFGCTRL_X0Y16       BUFG (Prop_bufg_I_O)         0.091     3.422 r  clk_IBUF_BUFG_inst/O
                         net (fo=150, routed)         1.595     5.018    booth_mul/M/clk_IBUF_BUFG
    SLICE_X3Y81          FDRE                                         r  booth_mul/M/reg_reg[5]/C

Slack:                    inf
  Source:                 y[7]
                            (input port)
  Destination:            booth_mul/M/reg_reg[7]/D
                            (rising edge-triggered cell FDRE clocked by sys_clk_pin  {rise@0.000ns fall@5.000ns period=10.000ns})
  Path Group:             (none)
  Path Type:              Setup (Max at Slow Process Corner)
  Data Path Delay:        3.474ns  (logic 1.524ns (43.868%)  route 1.950ns (56.132%))
  Logic Levels:           1  (IBUF=1)
  Clock Path Skew:        5.018ns (DCD - SCD + CPR)
    Destination Clock Delay (DCD):    5.018ns
    Source Clock Delay      (SCD):    0.000ns
    Clock Pessimism Removal (CPR):    0.000ns
  Clock Uncertainty:      0.025ns  ((TSJ^2 + TIJ^2)^1/2 + DJ) / 2 + PE
    Total System Jitter     (TSJ):    0.050ns
    Total Input Jitter      (TIJ):    0.000ns
    Discrete Jitter          (DJ):    0.000ns
    Phase Error              (PE):    0.000ns

    Location             Delay type                Incr(ns)  Path(ns)    Netlist Resource(s)
  -------------------------------------------------------------------    -------------------
    V10                                               0.000     0.000 r  y[7] (IN)
                         net (fo=0)                   0.000     0.000    y[7]
    V10                  IBUF (Prop_ibuf_I_O)         1.524     1.524 r  y_IBUF[7]_inst/O
                         net (fo=1, routed)           1.950     3.474    booth_mul/M/reg_reg[7]_0[7]
    SLICE_X3Y81          FDRE                                         r  booth_mul/M/reg_reg[7]/D
  -------------------------------------------------------------------    -------------------

                         (clock sys_clk_pin rise edge)
                                                      0.000     0.000 r  
    E3                                                0.000     0.000 r  clk (IN)
                         net (fo=0)                   0.000     0.000    clk
    E3                   IBUF (Prop_ibuf_I_O)         1.411     1.411 r  clk_IBUF_inst/O
                         net (fo=1, routed)           1.920     3.331    clk_IBUF
    BUFGCTRL_X0Y16       BUFG (Prop_bufg_I_O)         0.091     3.422 r  clk_IBUF_BUFG_inst/O
                         net (fo=150, routed)         1.595     5.018    booth_mul/M/clk_IBUF_BUFG
    SLICE_X3Y81          FDRE                                         r  booth_mul/M/reg_reg[7]/C

Slack:                    inf
  Source:                 y[6]
                            (input port)
  Destination:            booth_mul/M/reg_reg[6]/D
                            (rising edge-triggered cell FDRE clocked by sys_clk_pin  {rise@0.000ns fall@5.000ns period=10.000ns})
  Path Group:             (none)
  Path Type:              Setup (Max at Slow Process Corner)
  Data Path Delay:        3.381ns  (logic 1.510ns (44.653%)  route 1.871ns (55.347%))
  Logic Levels:           1  (IBUF=1)
  Clock Path Skew:        5.021ns (DCD - SCD + CPR)
    Destination Clock Delay (DCD):    5.021ns
    Source Clock Delay      (SCD):    0.000ns
    Clock Pessimism Removal (CPR):    0.000ns
  Clock Uncertainty:      0.025ns  ((TSJ^2 + TIJ^2)^1/2 + DJ) / 2 + PE
    Total System Jitter     (TSJ):    0.050ns
    Total Input Jitter      (TIJ):    0.000ns
    Discrete Jitter          (DJ):    0.000ns
    Phase Error              (PE):    0.000ns

    Location             Delay type                Incr(ns)  Path(ns)    Netlist Resource(s)
  -------------------------------------------------------------------    -------------------
    U11                                               0.000     0.000 r  y[6] (IN)
                         net (fo=0)                   0.000     0.000    y[6]
    U11                  IBUF (Prop_ibuf_I_O)         1.510     1.510 r  y_IBUF[6]_inst/O
                         net (fo=1, routed)           1.871     3.381    booth_mul/M/reg_reg[7]_0[6]
    SLICE_X3Y83          FDRE                                         r  booth_mul/M/reg_reg[6]/D
  -------------------------------------------------------------------    -------------------

                         (clock sys_clk_pin rise edge)
                                                      0.000     0.000 r  
    E3                                                0.000     0.000 r  clk (IN)
                         net (fo=0)                   0.000     0.000    clk
    E3                   IBUF (Prop_ibuf_I_O)         1.411     1.411 r  clk_IBUF_inst/O
                         net (fo=1, routed)           1.920     3.331    clk_IBUF
    BUFGCTRL_X0Y16       BUFG (Prop_bufg_I_O)         0.091     3.422 r  clk_IBUF_BUFG_inst/O
                         net (fo=150, routed)         1.598     5.021    booth_mul/M/clk_IBUF_BUFG
    SLICE_X3Y83          FDRE                                         r  booth_mul/M/reg_reg[6]/C

Slack:                    inf
  Source:                 rst
                            (input port)
  Destination:            bd_rst/FSM_sequential_BTN_state_reg[1]/D
                            (rising edge-triggered cell FDRE clocked by sys_clk_pin  {rise@0.000ns fall@5.000ns period=10.000ns})
  Path Group:             (none)
  Path Type:              Setup (Max at Slow Process Corner)
  Data Path Delay:        3.348ns  (logic 1.632ns (48.752%)  route 1.716ns (51.248%))
  Logic Levels:           2  (IBUF=1 LUT4=1)
  Clock Path Skew:        5.019ns (DCD - SCD + CPR)
    Destination Clock Delay (DCD):    5.019ns
    Source Clock Delay      (SCD):    0.000ns
    Clock Pessimism Removal (CPR):    0.000ns
  Clock Uncertainty:      0.025ns  ((TSJ^2 + TIJ^2)^1/2 + DJ) / 2 + PE
    Total System Jitter     (TSJ):    0.050ns
    Total Input Jitter      (TIJ):    0.000ns
    Discrete Jitter          (DJ):    0.000ns
    Phase Error              (PE):    0.000ns

    Location             Delay type                Incr(ns)  Path(ns)    Netlist Resource(s)
  -------------------------------------------------------------------    -------------------
    P18                                               0.000     0.000 r  rst (IN)
                         net (fo=0)                   0.000     0.000    rst
    P18                  IBUF (Prop_ibuf_I_O)         1.480     1.480 r  rst_IBUF_inst/O
                         net (fo=3, routed)           1.716     3.196    bd_rst/rst_IBUF
    SLICE_X4Y83          LUT4 (Prop_lut4_I3_O)        0.152     3.348 r  bd_rst/FSM_sequential_BTN_state[1]_i_1/O
                         net (fo=1, routed)           0.000     3.348    bd_rst/BTN_state__0[1]
    SLICE_X4Y83          FDRE                                         r  bd_rst/FSM_sequential_BTN_state_reg[1]/D
  -------------------------------------------------------------------    -------------------

                         (clock sys_clk_pin rise edge)
                                                      0.000     0.000 r  
    E3                                                0.000     0.000 r  clk (IN)
                         net (fo=0)                   0.000     0.000    clk
    E3                   IBUF (Prop_ibuf_I_O)         1.411     1.411 r  clk_IBUF_inst/O
                         net (fo=1, routed)           1.920     3.331    clk_IBUF
    BUFGCTRL_X0Y16       BUFG (Prop_bufg_I_O)         0.091     3.422 r  clk_IBUF_BUFG_inst/O
                         net (fo=150, routed)         1.596     5.019    bd_rst/clk_IBUF_BUFG
    SLICE_X4Y83          FDRE                                         r  bd_rst/FSM_sequential_BTN_state_reg[1]/C

Slack:                    inf
  Source:                 x[6]
                            (input port)
  Destination:            booth_mul/AQ/reg_reg[7]/D
                            (rising edge-triggered cell FDRE clocked by sys_clk_pin  {rise@0.000ns fall@5.000ns period=10.000ns})
  Path Group:             (none)
  Path Type:              Setup (Max at Slow Process Corner)
  Data Path Delay:        3.331ns  (logic 1.618ns (48.579%)  route 1.713ns (51.421%))
  Logic Levels:           2  (IBUF=1 LUT5=1)
  Clock Path Skew:        5.021ns (DCD - SCD + CPR)
    Destination Clock Delay (DCD):    5.021ns
    Source Clock Delay      (SCD):    0.000ns
    Clock Pessimism Removal (CPR):    0.000ns
  Clock Uncertainty:      0.025ns  ((TSJ^2 + TIJ^2)^1/2 + DJ) / 2 + PE
    Total System Jitter     (TSJ):    0.050ns
    Total Input Jitter      (TIJ):    0.000ns
    Discrete Jitter          (DJ):    0.000ns
    Phase Error              (PE):    0.000ns

    Location             Delay type                Incr(ns)  Path(ns)    Netlist Resource(s)
  -------------------------------------------------------------------    -------------------
    U18                                               0.000     0.000 r  x[6] (IN)
                         net (fo=0)                   0.000     0.000    x[6]
    U18                  IBUF (Prop_ibuf_I_O)         1.494     1.494 r  x_IBUF[6]_inst/O
                         net (fo=1, routed)           1.713     3.207    booth_mul/AQ/x_IBUF[6]
    SLICE_X4Y86          LUT5 (Prop_lut5_I2_O)        0.124     3.331 r  booth_mul/AQ/reg[7]_i_1/O
                         net (fo=1, routed)           0.000     3.331    booth_mul/AQ/p_1_in[7]
    SLICE_X4Y86          FDRE                                         r  booth_mul/AQ/reg_reg[7]/D
  -------------------------------------------------------------------    -------------------

                         (clock sys_clk_pin rise edge)
                                                      0.000     0.000 r  
    E3                                                0.000     0.000 r  clk (IN)
                         net (fo=0)                   0.000     0.000    clk
    E3                   IBUF (Prop_ibuf_I_O)         1.411     1.411 r  clk_IBUF_inst/O
                         net (fo=1, routed)           1.920     3.331    clk_IBUF
    BUFGCTRL_X0Y16       BUFG (Prop_bufg_I_O)         0.091     3.422 r  clk_IBUF_BUFG_inst/O
                         net (fo=150, routed)         1.598     5.021    booth_mul/AQ/clk_IBUF_BUFG
    SLICE_X4Y86          FDRE                                         r  booth_mul/AQ/reg_reg[7]/C

Slack:                    inf
  Source:                 rst
                            (input port)
  Destination:            bd_rst/CLEARED_BTN_reg/D
                            (rising edge-triggered cell FDRE clocked by sys_clk_pin  {rise@0.000ns fall@5.000ns period=10.000ns})
  Path Group:             (none)
  Path Type:              Setup (Max at Slow Process Corner)
  Data Path Delay:        3.320ns  (logic 1.604ns (48.320%)  route 1.716ns (51.680%))
  Logic Levels:           2  (IBUF=1 LUT5=1)
  Clock Path Skew:        5.019ns (DCD - SCD + CPR)
    Destination Clock Delay (DCD):    5.019ns
    Source Clock Delay      (SCD):    0.000ns
    Clock Pessimism Removal (CPR):    0.000ns
  Clock Uncertainty:      0.025ns  ((TSJ^2 + TIJ^2)^1/2 + DJ) / 2 + PE
    Total System Jitter     (TSJ):    0.050ns
    Total Input Jitter      (TIJ):    0.000ns
    Discrete Jitter          (DJ):    0.000ns
    Phase Error              (PE):    0.000ns

    Location             Delay type                Incr(ns)  Path(ns)    Netlist Resource(s)
  -------------------------------------------------------------------    -------------------
    P18                                               0.000     0.000 r  rst (IN)
                         net (fo=0)                   0.000     0.000    rst
    P18                  IBUF (Prop_ibuf_I_O)         1.480     1.480 r  rst_IBUF_inst/O
                         net (fo=3, routed)           1.716     3.196    bd_rst/rst_IBUF
    SLICE_X4Y83          LUT5 (Prop_lut5_I2_O)        0.124     3.320 r  bd_rst/CLEARED_BTN_i_1/O
                         net (fo=1, routed)           0.000     3.320    bd_rst/CLEARED_BTN_i_1_n_0
    SLICE_X4Y83          FDRE                                         r  bd_rst/CLEARED_BTN_reg/D
  -------------------------------------------------------------------    -------------------

                         (clock sys_clk_pin rise edge)
                                                      0.000     0.000 r  
    E3                                                0.000     0.000 r  clk (IN)
                         net (fo=0)                   0.000     0.000    clk
    E3                   IBUF (Prop_ibuf_I_O)         1.411     1.411 r  clk_IBUF_inst/O
                         net (fo=1, routed)           1.920     3.331    clk_IBUF
    BUFGCTRL_X0Y16       BUFG (Prop_bufg_I_O)         0.091     3.422 r  clk_IBUF_BUFG_inst/O
                         net (fo=150, routed)         1.596     5.019    bd_rst/clk_IBUF_BUFG
    SLICE_X4Y83          FDRE                                         r  bd_rst/CLEARED_BTN_reg/C





Min Delay Paths
--------------------------------------------------------------------------------------
Slack:                    inf
  Source:                 start
                            (input port)
  Destination:            bd_start/CLEARED_BTN_reg/D
                            (rising edge-triggered cell FDRE clocked by sys_clk_pin  {rise@0.000ns fall@5.000ns period=10.000ns})
  Path Group:             (none)
  Path Type:              Hold (Min at Fast Process Corner)
  Data Path Delay:        0.717ns  (logic 0.299ns (41.657%)  route 0.418ns (58.343%))
  Logic Levels:           2  (IBUF=1 LUT5=1)
  Clock Path Skew:        2.037ns (DCD - SCD - CPR)
    Destination Clock Delay (DCD):    2.037ns
    Source Clock Delay      (SCD):    0.000ns
    Clock Pessimism Removal (CPR):    -0.000ns

    Location             Delay type                Incr(ns)  Path(ns)    Netlist Resource(s)
  -------------------------------------------------------------------    -------------------
    M18                                               0.000     0.000 r  start (IN)
                         net (fo=0)                   0.000     0.000    start
    M18                  IBUF (Prop_ibuf_I_O)         0.254     0.254 r  start_IBUF_inst/O
                         net (fo=3, routed)           0.418     0.672    bd_start/start_IBUF
    SLICE_X1Y85          LUT5 (Prop_lut5_I2_O)        0.045     0.717 r  bd_start/CLEARED_BTN_i_1__0/O
                         net (fo=1, routed)           0.000     0.717    bd_start/CLEARED_BTN_i_1__0_n_0
    SLICE_X1Y85          FDRE                                         r  bd_start/CLEARED_BTN_reg/D
  -------------------------------------------------------------------    -------------------

                         (clock sys_clk_pin rise edge)
                                                      0.000     0.000 r  
    E3                                                0.000     0.000 r  clk (IN)
                         net (fo=0)                   0.000     0.000    clk
    E3                   IBUF (Prop_ibuf_I_O)         0.438     0.438 r  clk_IBUF_inst/O
                         net (fo=1, routed)           0.699     1.136    clk_IBUF
    BUFGCTRL_X0Y16       BUFG (Prop_bufg_I_O)         0.029     1.165 r  clk_IBUF_BUFG_inst/O
                         net (fo=150, routed)         0.872     2.037    bd_start/clk_IBUF_BUFG
    SLICE_X1Y85          FDRE                                         r  bd_start/CLEARED_BTN_reg/C

Slack:                    inf
  Source:                 start
                            (input port)
  Destination:            bd_start/FSM_sequential_BTN_state_reg[0]/D
                            (rising edge-triggered cell FDRE clocked by sys_clk_pin  {rise@0.000ns fall@5.000ns period=10.000ns})
  Path Group:             (none)
  Path Type:              Hold (Min at Fast Process Corner)
  Data Path Delay:        0.718ns  (logic 0.299ns (41.599%)  route 0.419ns (58.401%))
  Logic Levels:           2  (IBUF=1 LUT4=1)
  Clock Path Skew:        2.037ns (DCD - SCD - CPR)
    Destination Clock Delay (DCD):    2.037ns
    Source Clock Delay      (SCD):    0.000ns
    Clock Pessimism Removal (CPR):    -0.000ns

    Location             Delay type                Incr(ns)  Path(ns)    Netlist Resource(s)
  -------------------------------------------------------------------    -------------------
    M18                                               0.000     0.000 r  start (IN)
                         net (fo=0)                   0.000     0.000    start
    M18                  IBUF (Prop_ibuf_I_O)         0.254     0.254 r  start_IBUF_inst/O
                         net (fo=3, routed)           0.419     0.673    bd_start/start_IBUF
    SLICE_X1Y85          LUT4 (Prop_lut4_I3_O)        0.045     0.718 r  bd_start/FSM_sequential_BTN_state[0]_i_1__0/O
                         net (fo=1, routed)           0.000     0.718    bd_start/BTN_state__0[0]
    SLICE_X1Y85          FDRE                                         r  bd_start/FSM_sequential_BTN_state_reg[0]/D
  -------------------------------------------------------------------    -------------------

                         (clock sys_clk_pin rise edge)
                                                      0.000     0.000 r  
    E3                                                0.000     0.000 r  clk (IN)
                         net (fo=0)                   0.000     0.000    clk
    E3                   IBUF (Prop_ibuf_I_O)         0.438     0.438 r  clk_IBUF_inst/O
                         net (fo=1, routed)           0.699     1.136    clk_IBUF
    BUFGCTRL_X0Y16       BUFG (Prop_bufg_I_O)         0.029     1.165 r  clk_IBUF_BUFG_inst/O
                         net (fo=150, routed)         0.872     2.037    bd_start/clk_IBUF_BUFG
    SLICE_X1Y85          FDRE                                         r  bd_start/FSM_sequential_BTN_state_reg[0]/C

Slack:                    inf
  Source:                 start
                            (input port)
  Destination:            bd_start/FSM_sequential_BTN_state_reg[1]/D
                            (rising edge-triggered cell FDRE clocked by sys_clk_pin  {rise@0.000ns fall@5.000ns period=10.000ns})
  Path Group:             (none)
  Path Type:              Hold (Min at Fast Process Corner)
  Data Path Delay:        0.720ns  (logic 0.302ns (41.900%)  route 0.418ns (58.100%))
  Logic Levels:           2  (IBUF=1 LUT4=1)
  Clock Path Skew:        2.037ns (DCD - SCD - CPR)
    Destination Clock Delay (DCD):    2.037ns
    Source Clock Delay      (SCD):    0.000ns
    Clock Pessimism Removal (CPR):    -0.000ns

    Location             Delay type                Incr(ns)  Path(ns)    Netlist Resource(s)
  -------------------------------------------------------------------    -------------------
    M18                                               0.000     0.000 r  start (IN)
                         net (fo=0)                   0.000     0.000    start
    M18                  IBUF (Prop_ibuf_I_O)         0.254     0.254 r  start_IBUF_inst/O
                         net (fo=3, routed)           0.418     0.672    bd_start/start_IBUF
    SLICE_X1Y85          LUT4 (Prop_lut4_I3_O)        0.048     0.720 r  bd_start/FSM_sequential_BTN_state[1]_i_1__0/O
                         net (fo=1, routed)           0.000     0.720    bd_start/BTN_state__0[1]
    SLICE_X1Y85          FDRE                                         r  bd_start/FSM_sequential_BTN_state_reg[1]/D
  -------------------------------------------------------------------    -------------------

                         (clock sys_clk_pin rise edge)
                                                      0.000     0.000 r  
    E3                                                0.000     0.000 r  clk (IN)
                         net (fo=0)                   0.000     0.000    clk
    E3                   IBUF (Prop_ibuf_I_O)         0.438     0.438 r  clk_IBUF_inst/O
                         net (fo=1, routed)           0.699     1.136    clk_IBUF
    BUFGCTRL_X0Y16       BUFG (Prop_bufg_I_O)         0.029     1.165 r  clk_IBUF_BUFG_inst/O
                         net (fo=150, routed)         0.872     2.037    bd_start/clk_IBUF_BUFG
    SLICE_X1Y85          FDRE                                         r  bd_start/FSM_sequential_BTN_state_reg[1]/C

Slack:                    inf
  Source:                 x[2]
                            (input port)
  Destination:            booth_mul/AQ/reg_reg[3]/D
                            (rising edge-triggered cell FDRE clocked by sys_clk_pin  {rise@0.000ns fall@5.000ns period=10.000ns})
  Path Group:             (none)
  Path Type:              Hold (Min at Fast Process Corner)
  Data Path Delay:        0.722ns  (logic 0.298ns (41.271%)  route 0.424ns (58.729%))
  Logic Levels:           2  (IBUF=1 LUT5=1)
  Clock Path Skew:        2.040ns (DCD - SCD - CPR)
    Destination Clock Delay (DCD):    2.040ns
    Source Clock Delay      (SCD):    0.000ns
    Clock Pessimism Removal (CPR):    -0.000ns

    Location             Delay type                Incr(ns)  Path(ns)    Netlist Resource(s)
  -------------------------------------------------------------------    -------------------
    M13                                               0.000     0.000 r  x[2] (IN)
                         net (fo=0)                   0.000     0.000    x[2]
    M13                  IBUF (Prop_ibuf_I_O)         0.253     0.253 r  x_IBUF[2]_inst/O
                         net (fo=1, routed)           0.424     0.677    booth_mul/AQ/x_IBUF[2]
    SLICE_X2Y88          LUT5 (Prop_lut5_I2_O)        0.045     0.722 r  booth_mul/AQ/reg[3]_i_1/O
                         net (fo=1, routed)           0.000     0.722    booth_mul/AQ/p_1_in[3]
    SLICE_X2Y88          FDRE                                         r  booth_mul/AQ/reg_reg[3]/D
  -------------------------------------------------------------------    -------------------

                         (clock sys_clk_pin rise edge)
                                                      0.000     0.000 r  
    E3                                                0.000     0.000 r  clk (IN)
                         net (fo=0)                   0.000     0.000    clk
    E3                   IBUF (Prop_ibuf_I_O)         0.438     0.438 r  clk_IBUF_inst/O
                         net (fo=1, routed)           0.699     1.136    clk_IBUF
    BUFGCTRL_X0Y16       BUFG (Prop_bufg_I_O)         0.029     1.165 r  clk_IBUF_BUFG_inst/O
                         net (fo=150, routed)         0.875     2.040    booth_mul/AQ/clk_IBUF_BUFG
    SLICE_X2Y88          FDRE                                         r  booth_mul/AQ/reg_reg[3]/C

Slack:                    inf
  Source:                 x[7]
                            (input port)
  Destination:            booth_mul/AQ/reg_reg[8]/D
                            (rising edge-triggered cell FDRE clocked by sys_clk_pin  {rise@0.000ns fall@5.000ns period=10.000ns})
  Path Group:             (none)
  Path Type:              Hold (Min at Fast Process Corner)
  Data Path Delay:        0.744ns  (logic 0.320ns (43.056%)  route 0.424ns (56.944%))
  Logic Levels:           2  (IBUF=1 LUT5=1)
  Clock Path Skew:        2.034ns (DCD - SCD - CPR)
    Destination Clock Delay (DCD):    2.034ns
    Source Clock Delay      (SCD):    0.000ns
    Clock Pessimism Removal (CPR):    -0.000ns

    Location             Delay type                Incr(ns)  Path(ns)    Netlist Resource(s)
  -------------------------------------------------------------------    -------------------
    R13                                               0.000     0.000 r  x[7] (IN)
                         net (fo=0)                   0.000     0.000    x[7]
    R13                  IBUF (Prop_ibuf_I_O)         0.275     0.275 r  x_IBUF[7]_inst/O
                         net (fo=1, routed)           0.424     0.699    booth_mul/AQ/x_IBUF[7]
    SLICE_X4Y86          LUT5 (Prop_lut5_I2_O)        0.045     0.744 r  booth_mul/AQ/reg[8]_i_1/O
                         net (fo=1, routed)           0.000     0.744    booth_mul/AQ/p_1_in[8]
    SLICE_X4Y86          FDRE                                         r  booth_mul/AQ/reg_reg[8]/D
  -------------------------------------------------------------------    -------------------

                         (clock sys_clk_pin rise edge)
                                                      0.000     0.000 r  
    E3                                                0.000     0.000 r  clk (IN)
                         net (fo=0)                   0.000     0.000    clk
    E3                   IBUF (Prop_ibuf_I_O)         0.438     0.438 r  clk_IBUF_inst/O
                         net (fo=1, routed)           0.699     1.136    clk_IBUF
    BUFGCTRL_X0Y16       BUFG (Prop_bufg_I_O)         0.029     1.165 r  clk_IBUF_BUFG_inst/O
                         net (fo=150, routed)         0.869     2.034    booth_mul/AQ/clk_IBUF_BUFG
    SLICE_X4Y86          FDRE                                         r  booth_mul/AQ/reg_reg[8]/C

Slack:                    inf
  Source:                 rst
                            (input port)
  Destination:            bd_rst/FSM_sequential_BTN_state_reg[0]/D
                            (rising edge-triggered cell FDRE clocked by sys_clk_pin  {rise@0.000ns fall@5.000ns period=10.000ns})
  Path Group:             (none)
  Path Type:              Hold (Min at Fast Process Corner)
  Data Path Delay:        0.758ns  (logic 0.293ns (38.621%)  route 0.465ns (61.379%))
  Logic Levels:           2  (IBUF=1 LUT4=1)
  Clock Path Skew:        2.032ns (DCD - SCD - CPR)
    Destination Clock Delay (DCD):    2.032ns
    Source Clock Delay      (SCD):    0.000ns
    Clock Pessimism Removal (CPR):    -0.000ns

    Location             Delay type                Incr(ns)  Path(ns)    Netlist Resource(s)
  -------------------------------------------------------------------    -------------------
    P18                                               0.000     0.000 r  rst (IN)
                         net (fo=0)                   0.000     0.000    rst
    P18                  IBUF (Prop_ibuf_I_O)         0.248     0.248 r  rst_IBUF_inst/O
                         net (fo=3, routed)           0.465     0.713    bd_rst/rst_IBUF
    SLICE_X4Y83          LUT4 (Prop_lut4_I3_O)        0.045     0.758 r  bd_rst/FSM_sequential_BTN_state[0]_i_1/O
                         net (fo=1, routed)           0.000     0.758    bd_rst/BTN_state__0[0]
    SLICE_X4Y83          FDRE                                         r  bd_rst/FSM_sequential_BTN_state_reg[0]/D
  -------------------------------------------------------------------    -------------------

                         (clock sys_clk_pin rise edge)
                                                      0.000     0.000 r  
    E3                                                0.000     0.000 r  clk (IN)
                         net (fo=0)                   0.000     0.000    clk
    E3                   IBUF (Prop_ibuf_I_O)         0.438     0.438 r  clk_IBUF_inst/O
                         net (fo=1, routed)           0.699     1.136    clk_IBUF
    BUFGCTRL_X0Y16       BUFG (Prop_bufg_I_O)         0.029     1.165 r  clk_IBUF_BUFG_inst/O
                         net (fo=150, routed)         0.867     2.032    bd_rst/clk_IBUF_BUFG
    SLICE_X4Y83          FDRE                                         r  bd_rst/FSM_sequential_BTN_state_reg[0]/C

Slack:                    inf
  Source:                 x[5]
                            (input port)
  Destination:            booth_mul/AQ/reg_reg[6]/D
                            (rising edge-triggered cell FDRE clocked by sys_clk_pin  {rise@0.000ns fall@5.000ns period=10.000ns})
  Path Group:             (none)
  Path Type:              Hold (Min at Fast Process Corner)
  Data Path Delay:        0.774ns  (logic 0.310ns (40.071%)  route 0.464ns (59.929%))
  Logic Levels:           2  (IBUF=1 LUT5=1)
  Clock Path Skew:        2.034ns (DCD - SCD - CPR)
    Destination Clock Delay (DCD):    2.034ns
    Source Clock Delay      (SCD):    0.000ns
    Clock Pessimism Removal (CPR):    -0.000ns

    Location             Delay type                Incr(ns)  Path(ns)    Netlist Resource(s)
  -------------------------------------------------------------------    -------------------
    T18                                               0.000     0.000 r  x[5] (IN)
                         net (fo=0)                   0.000     0.000    x[5]
    T18                  IBUF (Prop_ibuf_I_O)         0.265     0.265 r  x_IBUF[5]_inst/O
                         net (fo=1, routed)           0.464     0.729    booth_mul/AQ/x_IBUF[5]
    SLICE_X4Y86          LUT5 (Prop_lut5_I2_O)        0.045     0.774 r  booth_mul/AQ/reg[6]_i_1/O
                         net (fo=1, routed)           0.000     0.774    booth_mul/AQ/p_1_in[6]
    SLICE_X4Y86          FDRE                                         r  booth_mul/AQ/reg_reg[6]/D
  -------------------------------------------------------------------    -------------------

                         (clock sys_clk_pin rise edge)
                                                      0.000     0.000 r  
    E3                                                0.000     0.000 r  clk (IN)
                         net (fo=0)                   0.000     0.000    clk
    E3                   IBUF (Prop_ibuf_I_O)         0.438     0.438 r  clk_IBUF_inst/O
                         net (fo=1, routed)           0.699     1.136    clk_IBUF
    BUFGCTRL_X0Y16       BUFG (Prop_bufg_I_O)         0.029     1.165 r  clk_IBUF_BUFG_inst/O
                         net (fo=150, routed)         0.869     2.034    booth_mul/AQ/clk_IBUF_BUFG
    SLICE_X4Y86          FDRE                                         r  booth_mul/AQ/reg_reg[6]/C

Slack:                    inf
  Source:                 y[2]
                            (input port)
  Destination:            booth_mul/M/reg_reg[2]/D
                            (rising edge-triggered cell FDRE clocked by sys_clk_pin  {rise@0.000ns fall@5.000ns period=10.000ns})
  Path Group:             (none)
  Path Type:              Hold (Min at Fast Process Corner)
  Data Path Delay:        0.820ns  (logic 0.250ns (30.484%)  route 0.570ns (69.516%))
  Logic Levels:           1  (IBUF=1)
  Clock Path Skew:        2.033ns (DCD - SCD - CPR)
    Destination Clock Delay (DCD):    2.033ns
    Source Clock Delay      (SCD):    0.000ns
    Clock Pessimism Removal (CPR):    -0.000ns

    Location             Delay type                Incr(ns)  Path(ns)    Netlist Resource(s)
  -------------------------------------------------------------------    -------------------
    R16                                               0.000     0.000 r  y[2] (IN)
                         net (fo=0)                   0.000     0.000    y[2]
    R16                  IBUF (Prop_ibuf_I_O)         0.250     0.250 r  y_IBUF[2]_inst/O
                         net (fo=1, routed)           0.570     0.820    booth_mul/M/reg_reg[7]_0[2]
    SLICE_X3Y81          FDRE                                         r  booth_mul/M/reg_reg[2]/D
  -------------------------------------------------------------------    -------------------

                         (clock sys_clk_pin rise edge)
                                                      0.000     0.000 r  
    E3                                                0.000     0.000 r  clk (IN)
                         net (fo=0)                   0.000     0.000    clk
    E3                   IBUF (Prop_ibuf_I_O)         0.438     0.438 r  clk_IBUF_inst/O
                         net (fo=1, routed)           0.699     1.136    clk_IBUF
    BUFGCTRL_X0Y16       BUFG (Prop_bufg_I_O)         0.029     1.165 r  clk_IBUF_BUFG_inst/O
                         net (fo=150, routed)         0.868     2.033    booth_mul/M/clk_IBUF_BUFG
    SLICE_X3Y81          FDRE                                         r  booth_mul/M/reg_reg[2]/C

Slack:                    inf
  Source:                 x[1]
                            (input port)
  Destination:            booth_mul/AQ/reg_reg[2]/D
                            (rising edge-triggered cell FDRE clocked by sys_clk_pin  {rise@0.000ns fall@5.000ns period=10.000ns})
  Path Group:             (none)
  Path Type:              Hold (Min at Fast Process Corner)
  Data Path Delay:        0.821ns  (logic 0.292ns (35.602%)  route 0.529ns (64.398%))
  Logic Levels:           2  (IBUF=1 LUT5=1)
  Clock Path Skew:        2.040ns (DCD - SCD - CPR)
    Destination Clock Delay (DCD):    2.040ns
    Source Clock Delay      (SCD):    0.000ns
    Clock Pessimism Removal (CPR):    -0.000ns

    Location             Delay type                Incr(ns)  Path(ns)    Netlist Resource(s)
  -------------------------------------------------------------------    -------------------
    L16                                               0.000     0.000 r  x[1] (IN)
                         net (fo=0)                   0.000     0.000    x[1]
    L16                  IBUF (Prop_ibuf_I_O)         0.247     0.247 r  x_IBUF[1]_inst/O
                         net (fo=1, routed)           0.529     0.776    booth_mul/AQ/x_IBUF[1]
    SLICE_X2Y88          LUT5 (Prop_lut5_I2_O)        0.045     0.821 r  booth_mul/AQ/reg[2]_i_1/O
                         net (fo=1, routed)           0.000     0.821    booth_mul/AQ/p_1_in[2]
    SLICE_X2Y88          FDRE                                         r  booth_mul/AQ/reg_reg[2]/D
  -------------------------------------------------------------------    -------------------

                         (clock sys_clk_pin rise edge)
                                                      0.000     0.000 r  
    E3                                                0.000     0.000 r  clk (IN)
                         net (fo=0)                   0.000     0.000    clk
    E3                   IBUF (Prop_ibuf_I_O)         0.438     0.438 r  clk_IBUF_inst/O
                         net (fo=1, routed)           0.699     1.136    clk_IBUF
    BUFGCTRL_X0Y16       BUFG (Prop_bufg_I_O)         0.029     1.165 r  clk_IBUF_BUFG_inst/O
                         net (fo=150, routed)         0.875     2.040    booth_mul/AQ/clk_IBUF_BUFG
    SLICE_X2Y88          FDRE                                         r  booth_mul/AQ/reg_reg[2]/C

Slack:                    inf
  Source:                 x[4]
                            (input port)
  Destination:            booth_mul/AQ/reg_reg[5]/D
                            (rising edge-triggered cell FDRE clocked by sys_clk_pin  {rise@0.000ns fall@5.000ns period=10.000ns})
  Path Group:             (none)
  Path Type:              Hold (Min at Fast Process Corner)
  Data Path Delay:        0.856ns  (logic 0.305ns (35.675%)  route 0.550ns (64.325%))
  Logic Levels:           2  (IBUF=1 LUT5=1)
  Clock Path Skew:        2.034ns (DCD - SCD - CPR)
    Destination Clock Delay (DCD):    2.034ns
    Source Clock Delay      (SCD):    0.000ns
    Clock Pessimism Removal (CPR):    -0.000ns

    Location             Delay type                Incr(ns)  Path(ns)    Netlist Resource(s)
  -------------------------------------------------------------------    -------------------
    R17                                               0.000     0.000 r  x[4] (IN)
                         net (fo=0)                   0.000     0.000    x[4]
    R17                  IBUF (Prop_ibuf_I_O)         0.260     0.260 r  x_IBUF[4]_inst/O
                         net (fo=1, routed)           0.550     0.811    booth_mul/AQ/x_IBUF[4]
    SLICE_X4Y86          LUT5 (Prop_lut5_I2_O)        0.045     0.856 r  booth_mul/AQ/reg[5]_i_1/O
                         net (fo=1, routed)           0.000     0.856    booth_mul/AQ/p_1_in[5]
    SLICE_X4Y86          FDRE                                         r  booth_mul/AQ/reg_reg[5]/D
  -------------------------------------------------------------------    -------------------

                         (clock sys_clk_pin rise edge)
                                                      0.000     0.000 r  
    E3                                                0.000     0.000 r  clk (IN)
                         net (fo=0)                   0.000     0.000    clk
    E3                   IBUF (Prop_ibuf_I_O)         0.438     0.438 r  clk_IBUF_inst/O
                         net (fo=1, routed)           0.699     1.136    clk_IBUF
    BUFGCTRL_X0Y16       BUFG (Prop_bufg_I_O)         0.029     1.165 r  clk_IBUF_BUFG_inst/O
                         net (fo=150, routed)         0.869     2.034    booth_mul/AQ/clk_IBUF_BUFG
    SLICE_X4Y86          FDRE                                         r  booth_mul/AQ/reg_reg[5]/C





